store,date,hour,current_staff
店舗01,2026-01-05,8,3
店舗01,2026-01-05,9,4
店舗01,2026-01-05,10,3
店舗01,2026-01-05,11,4
店舗01,2026-01-05,12,5
店舗01,2026-01-05,13,3
店舗01,2026-01-05,14,4
店舗01,2026-01-05,15,2
店舗01,2026-01-05,16,2
店舗01,2026-01-05,17,4
店舗01,2026-01-05,18,4
店舗01,2026-01-05,19,2
店舗01,2026-01-05,20,3
店舗01,2026-01-05,21,3
店舗01,2026-01-06,8,3
店舗01,2026-01-06,9,3
店舗01,2026-01-06,10,4
店舗01,2026-01-06,11,4
店舗01,2026-01-06,12,3
店舗01,2026-01-06,13,2
店舗01,2026-01-06,14,3
店舗01,2026-01-06,15,3
店舗01,2026-01-06,16,2
店舗01,2026-01-06,17,2
店舗01,2026-01-06,18,3
店舗01,2026-01-06,19,3
店舗01,2026-01-06,20,3
店舗01,2026-01-06,21,3
店舗01,2026-01-07,8,4
店舗01,2026-01-07,9,2
店舗01,2026-01-07,10,3
店舗01,2026-01-07,11,4
店舗01,2026-01-07,12,3
店舗01,2026-01-07,13,2
店舗01,2026-01-07,14,4
店舗01,2026-01-07,15,3
店舗01,2026-01-07,16,2
店舗01,2026-01-07,17,3
店舗01,2026-01-07,18,3
店舗01,2026-01-07,19,4
店舗01,2026-01-07,20,3
店舗01,2026-01-07,21,4
店舗01,2026-01-08,8,3
店舗01,2026-01-08,9,4
店舗01,2026-01-08,10,3
店舗01,2026-01-08,11,2
店舗01,2026-01-08,12,3
店舗01,2026-01-08,13,4
店舗01,2026-01-08,14,4
店舗01,2026-01-08,15,2
店舗01,2026-01-08,16,2
店舗01,2026-01-08,17,3
店舗01,2026-01-08,18,4
店舗01,2026-01-08,19,3
店舗01,2026-01-08,20,2
店舗01,2026-01-08,21,2
店舗01,2026-01-09,8,3
店舗01,2026-01-09,9,3
店舗01,2026-01-09,10,3
店舗01,2026-01-09,11,2
店舗01,2026-01-09,12,3
店舗01,2026-01-09,13,2
店舗01,2026-01-09,14,3
店舗01,2026-01-09,15,2
店舗01,2026-01-09,16,3
店舗01,2026-01-09,17,3
店舗01,2026-01-09,18,3
店舗01,2026-01-09,19,3
店舗01,2026-01-09,20,3
店舗01,2026-01-09,21,2
店舗01,2026-01-10,8,4
店舗01,2026-01-10,9,4
店舗01,2026-01-10,10,4
店舗01,2026-01-10,11,4
店舗01,2026-01-10,12,3
店舗01,2026-01-10,13,4
店舗01,2026-01-10,14,4
店舗01,2026-01-10,15,2
店舗01,2026-01-10,16,3
店舗01,2026-01-10,17,5
店舗01,2026-01-10,18,4
店舗01,2026-01-10,19,3
店舗01,2026-01-10,20,4
店舗01,2026-01-10,21,3
店舗01,2026-01-11,8,4
店舗01,2026-01-11,9,2
店舗01,2026-01-11,10,3
店舗01,2026-01-11,11,5
店舗01,2026-01-11,12,3
店舗01,2026-01-11,13,3
店舗01,2026-01-11,14,2
店舗01,2026-01-11,15,3
店舗01,2026-01-11,16,4
店舗01,2026-01-11,17,3
店舗01,2026-01-11,18,4
店舗01,2026-01-11,19,4
店舗01,2026-01-11,20,4
店舗01,2026-01-11,21,4
店舗01,2026-01-12,8,4
店舗01,2026-01-12,9,4
店舗01,2026-01-12,10,2
店舗01,2026-01-12,11,4
店舗01,2026-01-12,12,3
店舗01,2026-01-12,13,3
店舗01,2026-01-12,14,2
店舗01,2026-01-12,15,2
店舗01,2026-01-12,16,4
店舗01,2026-01-12,17,3
店舗01,2026-01-12,18,3
店舗01,2026-01-12,19,3
店舗01,2026-01-12,20,3
店舗01,2026-01-12,21,2
店舗01,2026-01-13,8,3
店舗01,2026-01-13,9,2
店舗01,2026-01-13,10,3
店舗01,2026-01-13,11,4
店舗01,2026-01-13,12,3
店舗01,2026-01-13,13,4
店舗01,2026-01-13,14,2
店舗01,2026-01-13,15,3
店舗01,2026-01-13,16,3
店舗01,2026-01-13,17,4
店舗01,2026-01-13,18,3
店舗01,2026-01-13,19,4
店舗01,2026-01-13,20,3
店舗01,2026-01-13,21,3
店舗01,2026-01-14,8,4
店舗01,2026-01-14,9,3
店舗01,2026-01-14,10,3
店舗01,2026-01-14,11,4
店舗01,2026-01-14,12,4
店舗01,2026-01-14,13,2
店舗01,2026-01-14,14,3
店舗01,2026-01-14,15,3
店舗01,2026-01-14,16,3
店舗01,2026-01-14,17,3
店舗01,2026-01-14,18,4
店舗01,2026-01-14,19,3
店舗01,2026-01-14,20,2
店舗01,2026-01-14,21,3
店舗01,2026-01-15,8,3
店舗01,2026-01-15,9,3
店舗01,2026-01-15,10,3
店舗01,2026-01-15,11,4
店舗01,2026-01-15,12,3
店舗01,2026-01-15,13,2
店舗01,2026-01-15,14,2
店舗01,2026-01-15,15,3
店舗01,2026-01-15,16,2
店舗01,2026-01-15,17,4
店舗01,2026-01-15,18,4
店舗01,2026-01-15,19,4
店舗01,2026-01-15,20,3
店舗01,2026-01-15,21,2
店舗01,2026-01-16,8,3
店舗01,2026-01-16,9,3
店舗01,2026-01-16,10,3
店舗01,2026-01-16,11,4
店舗01,2026-01-16,12,3
店舗01,2026-01-16,13,4
店舗01,2026-01-16,14,4
店舗01,2026-01-16,15,2
店舗01,2026-01-16,16,2
店舗01,2026-01-16,17,4
店舗01,2026-01-16,18,5
店舗01,2026-01-16,19,3
店舗01,2026-01-16,20,3
店舗01,2026-01-16,21,4
店舗01,2026-01-17,8,3
店舗01,2026-01-17,9,2
店舗01,2026-01-17,10,3
店舗01,2026-01-17,11,2
店舗01,2026-01-17,12,4
店舗01,2026-01-17,13,4
店舗01,2026-01-17,14,2
店舗01,2026-01-17,15,4
店舗01,2026-01-17,16,3
店舗01,2026-01-17,17,5
店舗01,2026-01-17,18,4
店舗01,2026-01-17,19,3
店舗01,2026-01-17,20,3
店舗01,2026-01-17,21,3
店舗01,2026-01-18,8,4
店舗01,2026-01-18,9,3
店舗01,2026-01-18,10,3
店舗01,2026-01-18,11,4
店舗01,2026-01-18,12,5
店舗01,2026-01-18,13,2
店舗01,2026-01-18,14,3
店舗01,2026-01-18,15,3
店舗01,2026-01-18,16,3
店舗01,2026-01-18,17,4
店舗01,2026-01-18,18,3
店舗01,2026-01-18,19,4
店舗01,2026-01-18,20,3
店舗01,2026-01-18,21,4
店舗01,2026-01-19,8,2
店舗01,2026-01-19,9,3
店舗01,2026-01-19,10,2
店舗01,2026-01-19,11,3
店舗01,2026-01-19,12,5
店舗01,2026-01-19,13,2
店舗01,2026-01-19,14,2
店舗01,2026-01-19,15,3
店舗01,2026-01-19,16,3
店舗01,2026-01-19,17,4
店舗01,2026-01-19,18,4
店舗01,2026-01-19,19,3
店舗01,2026-01-19,20,3
店舗01,2026-01-19,21,2
店舗01,2026-01-20,8,4
店舗01,2026-01-20,9,4
店舗01,2026-01-20,10,4
店舗01,2026-01-20,11,4
店舗01,2026-01-20,12,2
店舗01,2026-01-20,13,4
店舗01,2026-01-20,14,4
店舗01,2026-01-20,15,3
店舗01,2026-01-20,16,4
店舗01,2026-01-20,17,3
店舗01,2026-01-20,18,4
店舗01,2026-01-20,19,4
店舗01,2026-01-20,20,3
店舗01,2026-01-20,21,4
店舗01,2026-01-21,8,2
店舗01,2026-01-21,9,4
店舗01,2026-01-21,10,3
店舗01,2026-01-21,11,3
店舗01,2026-01-21,12,4
店舗01,2026-01-21,13,4
店舗01,2026-01-21,14,3
店舗01,2026-01-21,15,3
店舗01,2026-01-21,16,4
店舗01,2026-01-21,17,3
店舗01,2026-01-21,18,3
店舗01,2026-01-21,19,4
店舗01,2026-01-21,20,3
店舗01,2026-01-21,21,3
店舗01,2026-01-22,8,4
店舗01,2026-01-22,9,3
店舗01,2026-01-22,10,4
店舗01,2026-01-22,11,4
店舗01,2026-01-22,12,3
店舗01,2026-01-22,13,2
店舗01,2026-01-22,14,2
店舗01,2026-01-22,15,2
店舗01,2026-01-22,16,4
店舗01,2026-01-22,17,3
店舗01,2026-01-22,18,3
店舗01,2026-01-22,19,2
店舗01,2026-01-22,20,4
店舗01,2026-01-22,21,3
店舗01,2026-01-23,8,3
店舗01,2026-01-23,9,3
店舗01,2026-01-23,10,4
店舗01,2026-01-23,11,3
店舗01,2026-01-23,12,4
店舗01,2026-01-23,13,2
店舗01,2026-01-23,14,3
店舗01,2026-01-23,15,4
店舗01,2026-01-23,16,2
店舗01,2026-01-23,17,4
店舗01,2026-01-23,18,3
店舗01,2026-01-23,19,3
店舗01,2026-01-23,20,3
店舗01,2026-01-23,21,2
店舗01,2026-01-24,8,4
店舗01,2026-01-24,9,4
店舗01,2026-01-24,10,3
店舗01,2026-01-24,11,2
店舗01,2026-01-24,12,3
店舗01,2026-01-24,13,4
店舗01,2026-01-24,14,2
店舗01,2026-01-24,15,3
店舗01,2026-01-24,16,3
店舗01,2026-01-24,17,4
店舗01,2026-01-24,18,4
店舗01,2026-01-24,19,3
店舗01,2026-01-24,20,4
店舗01,2026-01-24,21,3
店舗01,2026-01-25,8,3
店舗01,2026-01-25,9,2
店舗01,2026-01-25,10,4
店舗01,2026-01-25,11,4
店舗01,2026-01-25,12,5
店舗01,2026-01-25,13,3
店舗01,2026-01-25,14,2
店舗01,2026-01-25,15,2
店舗01,2026-01-25,16,3
店舗01,2026-01-25,17,3
店舗01,2026-01-25,18,4
店舗01,2026-01-25,19,4
店舗01,2026-01-25,20,3
店舗01,2026-01-25,21,2
店舗01,2026-01-26,8,4
店舗01,2026-01-26,9,3
店舗01,2026-01-26,10,2
店舗01,2026-01-26,11,2
店舗01,2026-01-26,12,3
店舗01,2026-01-26,13,2
店舗01,2026-01-26,14,3
店舗01,2026-01-26,15,4
店舗01,2026-01-26,16,3
店舗01,2026-01-26,17,3
店舗01,2026-01-26,18,3
店舗01,2026-01-26,19,3
店舗01,2026-01-26,20,3
店舗01,2026-01-26,21,2
店舗01,2026-01-27,8,3
店舗01,2026-01-27,9,3
店舗01,2026-01-27,10,3
店舗01,2026-01-27,11,4
店舗01,2026-01-27,12,5
店舗01,2026-01-27,13,2
店舗01,2026-01-27,14,3
店舗01,2026-01-27,15,2
店舗01,2026-01-27,16,3
店舗01,2026-01-27,17,4
店舗01,2026-01-27,18,3
店舗01,2026-01-27,19,2
店舗01,2026-01-27,20,2
店舗01,2026-01-27,21,2
店舗01,2026-01-28,8,3
店舗01,2026-01-28,9,3
店舗01,2026-01-28,10,4
店舗01,2026-01-28,11,3
店舗01,2026-01-28,12,4
店舗01,2026-01-28,13,2
店舗01,2026-01-28,14,4
店舗01,2026-01-28,15,4
店舗01,2026-01-28,16,3
店舗01,2026-01-28,17,3
店舗01,2026-01-28,18,3
店舗01,2026-01-28,19,4
店舗01,2026-01-28,20,3
店舗01,2026-01-28,21,4
店舗01,2026-01-29,8,4
店舗01,2026-01-29,9,4
店舗01,2026-01-29,10,2
店舗01,2026-01-29,11,4
店舗01,2026-01-29,12,3
店舗01,2026-01-29,13,4
店舗01,2026-01-29,14,3
店舗01,2026-01-29,15,4
店舗01,2026-01-29,16,4
店舗01,2026-01-29,17,2
店舗01,2026-01-29,18,3
店舗01,2026-01-29,19,2
店舗01,2026-01-29,20,3
店舗01,2026-01-29,21,2
店舗01,2026-01-30,8,2
店舗01,2026-01-30,9,2
店舗01,2026-01-30,10,4
店舗01,2026-01-30,11,2
店舗01,2026-01-30,12,4
店舗01,2026-01-30,13,4
店舗01,2026-01-30,14,3
店舗01,2026-01-30,15,2
店舗01,2026-01-30,16,3
店舗01,2026-01-30,17,3
店舗01,2026-01-30,18,3
店舗01,2026-01-30,19,4
店舗01,2026-01-30,20,4
店舗01,2026-01-30,21,3
店舗01,2026-01-31,8,3
店舗01,2026-01-31,9,2
店舗01,2026-01-31,10,3
店舗01,2026-01-31,11,3
店舗01,2026-01-31,12,3
店舗01,2026-01-31,13,5
店舗01,2026-01-31,14,4
店舗01,2026-01-31,15,2
店舗01,2026-01-31,16,3
店舗01,2026-01-31,17,4
店舗01,2026-01-31,18,4
店舗01,2026-01-31,19,3
店舗01,2026-01-31,20,4
店舗01,2026-01-31,21,3
店舗01,2026-02-01,8,2
店舗01,2026-02-01,9,4
店舗01,2026-02-01,10,3
店舗01,2026-02-01,11,4
店舗01,2026-02-01,12,4
店舗01,2026-02-01,13,4
店舗01,2026-02-01,14,4
店舗01,2026-02-01,15,3
店舗01,2026-02-01,16,4
店舗01,2026-02-01,17,3
店舗01,2026-02-01,18,4
店舗01,2026-02-01,19,5
店舗01,2026-02-01,20,3
店舗01,2026-02-01,21,2
店舗01,2026-02-02,8,3
店舗01,2026-02-02,9,3
店舗01,2026-02-02,10,3
店舗01,2026-02-02,11,4
店舗01,2026-02-02,12,4
店舗01,2026-02-02,13,2
店舗01,2026-02-02,14,2
店舗01,2026-02-02,15,3
店舗01,2026-02-02,16,4
店舗01,2026-02-02,17,4
店舗01,2026-02-02,18,3
店舗01,2026-02-02,19,3
店舗01,2026-02-02,20,4
店舗01,2026-02-02,21,2
店舗01,2026-02-03,8,4
店舗01,2026-02-03,9,3
店舗01,2026-02-03,10,4
店舗01,2026-02-03,11,3
店舗01,2026-02-03,12,3
店舗01,2026-02-03,13,3
店舗01,2026-02-03,14,4
店舗01,2026-02-03,15,4
店舗01,2026-02-03,16,3
店舗01,2026-02-03,17,4
店舗01,2026-02-03,18,4
店舗01,2026-02-03,19,5
店舗01,2026-02-03,20,3
店舗01,2026-02-03,21,3
店舗01,2026-02-04,8,4
店舗01,2026-02-04,9,2
店舗01,2026-02-04,10,2
店舗01,2026-02-04,11,3
店舗01,2026-02-04,12,4
店舗01,2026-02-04,13,2
店舗01,2026-02-04,14,3
店舗01,2026-02-04,15,3
店舗01,2026-02-04,16,3
店舗01,2026-02-04,17,2
店舗01,2026-02-04,18,4
店舗01,2026-02-04,19,4
店舗01,2026-02-04,20,4
店舗01,2026-02-04,21,2
店舗01,2026-02-05,8,3
店舗01,2026-02-05,9,2
店舗01,2026-02-05,10,2
店舗01,2026-02-05,11,3
店舗01,2026-02-05,12,4
店舗01,2026-02-05,13,3
店舗01,2026-02-05,14,2
店舗01,2026-02-05,15,4
店舗01,2026-02-05,16,3
店舗01,2026-02-05,17,4
店舗01,2026-02-05,18,5
店舗01,2026-02-05,19,4
店舗01,2026-02-05,20,3
店舗01,2026-02-05,21,3
店舗01,2026-02-06,8,3
店舗01,2026-02-06,9,2
店舗01,2026-02-06,10,3
店舗01,2026-02-06,11,2
店舗01,2026-02-06,12,2
店舗01,2026-02-06,13,2
店舗01,2026-02-06,14,2
店舗01,2026-02-06,15,4
店舗01,2026-02-06,16,3
店舗01,2026-02-06,17,4
店舗01,2026-02-06,18,4
店舗01,2026-02-06,19,5
店舗01,2026-02-06,20,3
店舗01,2026-02-06,21,4
店舗01,2026-02-07,8,2
店舗01,2026-02-07,9,4
店舗01,2026-02-07,10,2
店舗01,2026-02-07,11,4
店舗01,2026-02-07,12,4
店舗01,2026-02-07,13,2
店舗01,2026-02-07,14,2
店舗01,2026-02-07,15,3
店舗01,2026-02-07,16,4
店舗01,2026-02-07,17,3
店舗01,2026-02-07,18,4
店舗01,2026-02-07,19,4
店舗01,2026-02-07,20,2
店舗01,2026-02-07,21,3
店舗01,2026-02-08,8,3
店舗01,2026-02-08,9,2
店舗01,2026-02-08,10,4
店舗01,2026-02-08,11,5
店舗01,2026-02-08,12,4
店舗01,2026-02-08,13,3
店舗01,2026-02-08,14,4
店舗01,2026-02-08,15,2
店舗01,2026-02-08,16,3
店舗01,2026-02-08,17,5
店舗01,2026-02-08,18,4
店舗01,2026-02-08,19,4
店舗01,2026-02-08,20,3
店舗01,2026-02-08,21,2
店舗01,2026-02-09,8,2
店舗01,2026-02-09,9,4
店舗01,2026-02-09,10,3
店舗01,2026-02-09,11,2
店舗01,2026-02-09,12,4
店舗01,2026-02-09,13,4
店舗01,2026-02-09,14,4
店舗01,2026-02-09,15,3
店舗01,2026-02-09,16,4
店舗01,2026-02-09,17,3
店舗01,2026-02-09,18,4
店舗01,2026-02-09,19,3
店舗01,2026-02-09,20,4
店舗01,2026-02-09,21,3
店舗01,2026-02-10,8,3
店舗01,2026-02-10,9,3
店舗01,2026-02-10,10,3
店舗01,2026-02-10,11,2
店舗01,2026-02-10,12,5
店舗01,2026-02-10,13,4
店舗01,2026-02-10,14,2
店舗01,2026-02-10,15,3
店舗01,2026-02-10,16,4
店舗01,2026-02-10,17,3
店舗01,2026-02-10,18,3
店舗01,2026-02-10,19,3
店舗01,2026-02-10,20,3
店舗01,2026-02-10,21,2
店舗01,2026-02-11,8,4
店舗01,2026-02-11,9,3
店舗01,2026-02-11,10,2
店舗01,2026-02-11,11,3
店舗01,2026-02-11,12,4
店舗01,2026-02-11,13,3
店舗01,2026-02-11,14,2
店舗01,2026-02-11,15,3
店舗01,2026-02-11,16,2
店舗01,2026-02-11,17,3
店舗01,2026-02-11,18,3
店舗01,2026-02-11,19,4
店舗01,2026-02-11,20,3
店舗01,2026-02-11,21,3
店舗01,2026-02-12,8,2
店舗01,2026-02-12,9,2
店舗01,2026-02-12,10,3
店舗01,2026-02-12,11,2
店舗01,2026-02-12,12,3
店舗01,2026-02-12,13,5
店舗01,2026-02-12,14,4
店舗01,2026-02-12,15,3
店舗01,2026-02-12,16,3
店舗01,2026-02-12,17,5
店舗01,2026-02-12,18,3
店舗01,2026-02-12,19,4
店舗01,2026-02-12,20,2
店舗01,2026-02-12,21,4
店舗01,2026-02-13,8,3
店舗01,2026-02-13,9,3
店舗01,2026-02-13,10,4
店舗01,2026-02-13,11,2
店舗01,2026-02-13,12,3
店舗01,2026-02-13,13,3
店舗01,2026-02-13,14,3
店舗01,2026-02-13,15,2
店舗01,2026-02-13,16,2
店舗01,2026-02-13,17,5
店舗01,2026-02-13,18,4
店舗01,2026-02-13,19,3
店舗01,2026-02-13,20,3
店舗01,2026-02-13,21,3
店舗01,2026-02-14,8,4
店舗01,2026-02-14,9,2
店舗01,2026-02-14,10,4
店舗01,2026-02-14,11,5
店舗01,2026-02-14,12,3
店舗01,2026-02-14,13,3
店舗01,2026-02-14,14,4
店舗01,2026-02-14,15,2
店舗01,2026-02-14,16,2
店舗01,2026-02-14,17,4
店舗01,2026-02-14,18,5
店舗01,2026-02-14,19,4
店舗01,2026-02-14,20,2
店舗01,2026-02-14,21,3
店舗01,2026-02-15,8,4
店舗01,2026-02-15,9,2
店舗01,2026-02-15,10,3
店舗01,2026-02-15,11,4
店舗01,2026-02-15,12,3
店舗01,2026-02-15,13,3
店舗01,2026-02-15,14,3
店舗01,2026-02-15,15,3
店舗01,2026-02-15,16,4
店舗01,2026-02-15,17,4
店舗01,2026-02-15,18,5
店舗01,2026-02-15,19,4
店舗01,2026-02-15,20,3
店舗01,2026-02-15,21,3
店舗01,2026-02-16,8,3
店舗01,2026-02-16,9,4
店舗01,2026-02-16,10,3
店舗01,2026-02-16,11,3
店舗01,2026-02-16,12,2
店舗01,2026-02-16,13,4
店舗01,2026-02-16,14,3
店舗01,2026-02-16,15,2
店舗01,2026-02-16,16,2
店舗01,2026-02-16,17,3
店舗01,2026-02-16,18,3
店舗01,2026-02-16,19,3
店舗01,2026-02-16,20,2
店舗01,2026-02-16,21,2
店舗01,2026-02-17,8,2
店舗01,2026-02-17,9,3
店舗01,2026-02-17,10,2
店舗01,2026-02-17,11,3
店舗01,2026-02-17,12,2
店舗01,2026-02-17,13,3
店舗01,2026-02-17,14,4
店舗01,2026-02-17,15,2
店舗01,2026-02-17,16,2
店舗01,2026-02-17,17,4
店舗01,2026-02-17,18,4
店舗01,2026-02-17,19,5
店舗01,2026-02-17,20,3
店舗01,2026-02-17,21,3
店舗01,2026-02-18,8,4
店舗01,2026-02-18,9,2
店舗01,2026-02-18,10,3
店舗01,2026-02-18,11,4
店舗01,2026-02-18,12,4
店舗01,2026-02-18,13,3
店舗01,2026-02-18,14,2
店舗01,2026-02-18,15,2
店舗01,2026-02-18,16,2
店舗01,2026-02-18,17,4
店舗01,2026-02-18,18,5
店舗01,2026-02-18,19,3
店舗01,2026-02-18,20,3
店舗01,2026-02-18,21,2
店舗01,2026-02-19,8,4
店舗01,2026-02-19,9,3
店舗01,2026-02-19,10,3
店舗01,2026-02-19,11,4
店舗01,2026-02-19,12,5
店舗01,2026-02-19,13,2
店舗01,2026-02-19,14,2
店舗01,2026-02-19,15,3
店舗01,2026-02-19,16,3
店舗01,2026-02-19,17,3
店舗01,2026-02-19,18,3
店舗01,2026-02-19,19,4
店舗01,2026-02-19,20,4
店舗01,2026-02-19,21,3
店舗01,2026-02-20,8,2
店舗01,2026-02-20,9,2
店舗01,2026-02-20,10,3
店舗01,2026-02-20,11,4
店舗01,2026-02-20,12,2
店舗01,2026-02-20,13,4
店舗01,2026-02-20,14,3
店舗01,2026-02-20,15,2
店舗01,2026-02-20,16,3
店舗01,2026-02-20,17,5
店舗01,2026-02-20,18,5
店舗01,2026-02-20,19,4
店舗01,2026-02-20,20,2
店舗01,2026-02-20,21,4
店舗01,2026-02-21,8,2
店舗01,2026-02-21,9,3
店舗01,2026-02-21,10,4
店舗01,2026-02-21,11,3
店舗01,2026-02-21,12,5
店舗01,2026-02-21,13,5
店舗01,2026-02-21,14,3
店舗01,2026-02-21,15,3
店舗01,2026-02-21,16,4
店舗01,2026-02-21,17,5
店舗01,2026-02-21,18,3
店舗01,2026-02-21,19,5
店舗01,2026-02-21,20,3
店舗01,2026-02-21,21,4
店舗01,2026-02-22,8,2
店舗01,2026-02-22,9,4
店舗01,2026-02-22,10,4
店舗01,2026-02-22,11,2
店舗01,2026-02-22,12,4
店舗01,2026-02-22,13,3
店舗01,2026-02-22,14,3
店舗01,2026-02-22,15,4
店舗01,2026-02-22,16,3
店舗01,2026-02-22,17,3
店舗01,2026-02-22,18,4
店舗01,2026-02-22,19,3
店舗01,2026-02-22,20,4
店舗01,2026-02-22,21,3
店舗01,2026-02-23,8,2
店舗01,2026-02-23,9,4
店舗01,2026-02-23,10,3
店舗01,2026-02-23,11,4
店舗01,2026-02-23,12,3
店舗01,2026-02-23,13,2
店舗01,2026-02-23,14,2
店舗01,2026-02-23,15,2
店舗01,2026-02-23,16,2
店舗01,2026-02-23,17,3
店舗01,2026-02-23,18,4
店舗01,2026-02-23,19,4
店舗01,2026-02-23,20,4
店舗01,2026-02-23,21,3
店舗01,2026-02-24,8,4
店舗01,2026-02-24,9,3
店舗01,2026-02-24,10,4
店舗01,2026-02-24,11,2
店舗01,2026-02-24,12,2
店舗01,2026-02-24,13,3
店舗01,2026-02-24,14,4
店舗01,2026-02-24,15,2
店舗01,2026-02-24,16,4
店舗01,2026-02-24,17,3
店舗01,2026-02-24,18,5
店舗01,2026-02-24,19,3
店舗01,2026-02-24,20,2
店舗01,2026-02-24,21,3
店舗01,2026-02-25,8,4
店舗01,2026-02-25,9,3
店舗01,2026-02-25,10,3
店舗01,2026-02-25,11,3
店舗01,2026-02-25,12,3
店舗01,2026-02-25,13,2
店舗01,2026-02-25,14,3
店舗01,2026-02-25,15,3
店舗01,2026-02-25,16,4
店舗01,2026-02-25,17,2
店舗01,2026-02-25,18,4
店舗01,2026-02-25,19,4
店舗01,2026-02-25,20,3
店舗01,2026-02-25,21,4
店舗01,2026-02-26,8,3
店舗01,2026-02-26,9,3
店舗01,2026-02-26,10,3
店舗01,2026-02-26,11,3
店舗01,2026-02-26,12,4
店舗01,2026-02-26,13,4
店舗01,2026-02-26,14,4
店舗01,2026-02-26,15,4
店舗01,2026-02-26,16,2
店舗01,2026-02-26,17,3
店舗01,2026-02-26,18,5
店舗01,2026-02-26,19,3
店舗01,2026-02-26,20,4
店舗01,2026-02-26,21,3
店舗01,2026-02-27,8,4
店舗01,2026-02-27,9,3
店舗01,2026-02-27,10,2
店舗01,2026-02-27,11,2
店舗01,2026-02-27,12,4
店舗01,2026-02-27,13,3
店舗01,2026-02-27,14,3
店舗01,2026-02-27,15,4
店舗01,2026-02-27,16,3
店舗01,2026-02-27,17,3
店舗01,2026-02-27,18,4
店舗01,2026-02-27,19,4
店舗01,2026-02-27,20,3
店舗01,2026-02-27,21,2
店舗01,2026-02-28,8,3
店舗01,2026-02-28,9,3
店舗01,2026-02-28,10,2
店舗01,2026-02-28,11,4
店舗01,2026-02-28,12,3
店舗01,2026-02-28,13,2
店舗01,2026-02-28,14,2
店舗01,2026-02-28,15,4
店舗01,2026-02-28,16,3
店舗01,2026-02-28,17,5
店舗01,2026-02-28,18,3
店舗01,2026-02-28,19,5
店舗01,2026-02-28,20,2
店舗01,2026-02-28,21,3
店舗01,2026-03-01,8,3
店舗01,2026-03-01,9,3
店舗01,2026-03-01,10,3
店舗01,2026-03-01,11,3
店舗01,2026-03-01,12,5
店舗01,2026-03-01,13,2
店舗01,2026-03-01,14,2
店舗01,2026-03-01,15,2
店舗01,2026-03-01,16,3
店舗01,2026-03-01,17,4
店舗01,2026-03-01,18,4
店舗01,2026-03-01,19,2
店舗01,2026-03-01,20,3
店舗01,2026-03-01,21,3
店舗02,2026-01-05,8,3
店舗02,2026-01-05,9,3
店舗02,2026-01-05,10,2
店舗02,2026-01-05,11,2
店舗02,2026-01-05,12,2
店舗02,2026-01-05,13,3
店舗02,2026-01-05,14,3
店舗02,2026-01-05,15,3
店舗02,2026-01-05,16,3
店舗02,2026-01-05,17,4
店舗02,2026-01-05,18,4
店舗02,2026-01-05,19,4
店舗02,2026-01-05,20,2
店舗02,2026-01-05,21,3
店舗02,2026-01-06,8,3
店舗02,2026-01-06,9,2
店舗02,2026-01-06,10,2
店舗02,2026-01-06,11,4
店舗02,2026-01-06,12,4
店舗02,2026-01-06,13,4
店舗02,2026-01-06,14,4
店舗02,2026-01-06,15,3
店舗02,2026-01-06,16,3
店舗02,2026-01-06,17,3
店舗02,2026-01-06,18,4
店舗02,2026-01-06,19,5
店舗02,2026-01-06,20,2
店舗02,2026-01-06,21,4
店舗02,2026-01-07,8,3
店舗02,2026-01-07,9,4
店舗02,2026-01-07,10,3
店舗02,2026-01-07,11,4
店舗02,2026-01-07,12,4
店舗02,2026-01-07,13,3
店舗02,2026-01-07,14,3
店舗02,2026-01-07,15,3
店舗02,2026-01-07,16,3
店舗02,2026-01-07,17,3
店舗02,2026-01-07,18,4
店舗02,2026-01-07,19,4
店舗02,2026-01-07,20,3
店舗02,2026-01-07,21,3
店舗02,2026-01-08,8,2
店舗02,2026-01-08,9,3
店舗02,2026-01-08,10,2
店舗02,2026-01-08,11,3
店舗02,2026-01-08,12,3
店舗02,2026-01-08,13,4
店舗02,2026-01-08,14,3
店舗02,2026-01-08,15,3
店舗02,2026-01-08,16,4
店舗02,2026-01-08,17,3
店舗02,2026-01-08,18,4
店舗02,2026-01-08,19,5
店舗02,2026-01-08,20,4
店舗02,2026-01-08,21,3
店舗02,2026-01-09,8,2
店舗02,2026-01-09,9,3
店舗02,2026-01-09,10,3
店舗02,2026-01-09,11,3
店舗02,2026-01-09,12,2
店舗02,2026-01-09,13,2
店舗02,2026-01-09,14,3
店舗02,2026-01-09,15,2
店舗02,2026-01-09,16,3
店舗02,2026-01-09,17,4
店舗02,2026-01-09,18,5
店舗02,2026-01-09,19,5
店舗02,2026-01-09,20,3
店舗02,2026-01-09,21,3
店舗02,2026-01-10,8,3
店舗02,2026-01-10,9,3
店舗02,2026-01-10,10,4
店舗02,2026-01-10,11,5
店舗02,2026-01-10,12,3
店舗02,2026-01-10,13,5
店舗02,2026-01-10,14,3
店舗02,2026-01-10,15,3
店舗02,2026-01-10,16,2
店舗02,2026-01-10,17,3
店舗02,2026-01-10,18,4
店舗02,2026-01-10,19,5
店舗02,2026-01-10,20,3
店舗02,2026-01-10,21,3
店舗02,2026-01-11,8,3
店舗02,2026-01-11,9,3
店舗02,2026-01-11,10,4
店舗02,2026-01-11,11,5
店舗02,2026-01-11,12,4
店舗02,2026-01-11,13,3
店舗02,2026-01-11,14,3
店舗02,2026-01-11,15,2
店舗02,2026-01-11,16,4
店舗02,2026-01-11,17,5
店舗02,2026-01-11,18,5
店舗02,2026-01-11,19,4
店舗02,2026-01-11,20,3
店舗02,2026-01-11,21,3
店舗02,2026-01-12,8,3
店舗02,2026-01-12,9,3
店舗02,2026-01-12,10,3
店舗02,2026-01-12,11,4
店舗02,2026-01-12,12,3
店舗02,2026-01-12,13,2
店舗02,2026-01-12,14,2
店舗02,2026-01-12,15,2
店舗02,2026-01-12,16,2
店舗02,2026-01-12,17,3
店舗02,2026-01-12,18,4
店舗02,2026-01-12,19,4
店舗02,2026-01-12,20,2
店舗02,2026-01-12,21,4
店舗02,2026-01-13,8,3
店舗02,2026-01-13,9,3
店舗02,2026-01-13,10,2
店舗02,2026-01-13,11,2
店舗02,2026-01-13,12,2
店舗02,2026-01-13,13,3
店舗02,2026-01-13,14,4
店舗02,2026-01-13,15,2
店舗02,2026-01-13,16,2
店舗02,2026-01-13,17,4
店舗02,2026-01-13,18,4
店舗02,2026-01-13,19,4
店舗02,2026-01-13,20,2
店舗02,2026-01-13,21,2
店舗02,2026-01-14,8,4
店舗02,2026-01-14,9,3
店舗02,2026-01-14,10,3
店舗02,2026-01-14,11,2
店舗02,2026-01-14,12,2
店舗02,2026-01-14,13,3
店舗02,2026-01-14,14,3
店舗02,2026-01-14,15,2
店舗02,2026-01-14,16,3
店舗02,2026-01-14,17,3
店舗02,2026-01-14,18,5
店舗02,2026-01-14,19,4
店舗02,2026-01-14,20,3
店舗02,2026-01-14,21,2
店舗02,2026-01-15,8,3
店舗02,2026-01-15,9,3
店舗02,2026-01-15,10,4
店舗02,2026-01-15,11,4
店舗02,2026-01-15,12,3
店舗02,2026-01-15,13,4
店舗02,2026-01-15,14,2
店舗02,2026-01-15,15,3
店舗02,2026-01-15,16,4
店舗02,2026-01-15,17,3
店舗02,2026-01-15,18,3
店舗02,2026-01-15,19,3
店舗02,2026-01-15,20,3
店舗02,2026-01-15,21,2
店舗02,2026-01-16,8,3
店舗02,2026-01-16,9,3
店舗02,2026-01-16,10,3
店舗02,2026-01-16,11,3
店舗02,2026-01-16,12,3
店舗02,2026-01-16,13,2
店舗02,2026-01-16,14,3
店舗02,2026-01-16,15,4
店舗02,2026-01-16,16,4
店舗02,2026-01-16,17,4
店舗02,2026-01-16,18,3
店舗02,2026-01-16,19,4
店舗02,2026-01-16,20,2
店舗02,2026-01-16,21,2
店舗02,2026-01-17,8,4
店舗02,2026-01-17,9,2
店舗02,2026-01-17,10,4
店舗02,2026-01-17,11,4
店舗02,2026-01-17,12,4
店舗02,2026-01-17,13,4
店舗02,2026-01-17,14,3
店舗02,2026-01-17,15,3
店舗02,2026-01-17,16,4
店舗02,2026-01-17,17,4
店舗02,2026-01-17,18,5
店舗02,2026-01-17,19,4
店舗02,2026-01-17,20,4
店舗02,2026-01-17,21,4
店舗02,2026-01-18,8,4
店舗02,2026-01-18,9,4
店舗02,2026-01-18,10,3
店舗02,2026-01-18,11,4
店舗02,2026-01-18,12,4
店舗02,2026-01-18,13,3
店舗02,2026-01-18,14,3
店舗02,2026-01-18,15,2
店舗02,2026-01-18,16,4
店舗02,2026-01-18,17,4
店舗02,2026-01-18,18,5
店舗02,2026-01-18,19,4
店舗02,2026-01-18,20,2
店舗02,2026-01-18,21,2
店舗02,2026-01-19,8,3
店舗02,2026-01-19,9,2
店舗02,2026-01-19,10,4
店舗02,2026-01-19,11,5
店舗02,2026-01-19,12,3
店舗02,2026-01-19,13,4
店舗02,2026-01-19,14,4
店舗02,2026-01-19,15,2
店舗02,2026-01-19,16,2
店舗02,2026-01-19,17,2
店舗02,2026-01-19,18,5
店舗02,2026-01-19,19,3
店舗02,2026-01-19,20,2
店舗02,2026-01-19,21,4
店舗02,2026-01-20,8,3
店舗02,2026-01-20,9,3
店舗02,2026-01-20,10,2
店舗02,2026-01-20,11,3
店舗02,2026-01-20,12,4
店舗02,2026-01-20,13,3
店舗02,2026-01-20,14,4
店舗02,2026-01-20,15,3
店舗02,2026-01-20,16,3
店舗02,2026-01-20,17,4
店舗02,2026-01-20,18,5
店舗02,2026-01-20,19,3
店舗02,2026-01-20,20,3
店舗02,2026-01-20,21,3
店舗02,2026-01-21,8,2
店舗02,2026-01-21,9,4
店舗02,2026-01-21,10,3
店舗02,2026-01-21,11,3
店舗02,2026-01-21,12,4
店舗02,2026-01-21,13,5
店舗02,2026-01-21,14,4
店舗02,2026-01-21,15,3
店舗02,2026-01-21,16,3
店舗02,2026-01-21,17,4
店舗02,2026-01-21,18,4
店舗02,2026-01-21,19,4
店舗02,2026-01-21,20,3
店舗02,2026-01-21,21,3
店舗02,2026-01-22,8,4
店舗02,2026-01-22,9,2
店舗02,2026-01-22,10,3
店舗02,2026-01-22,11,3
店舗02,2026-01-22,12,3
店舗02,2026-01-22,13,5
店舗02,2026-01-22,14,3
店舗02,2026-01-22,15,2
店舗02,2026-01-22,16,3
店舗02,2026-01-22,17,4
店舗02,2026-01-22,18,5
店舗02,2026-01-22,19,4
店舗02,2026-01-22,20,3
店舗02,2026-01-22,21,2
店舗02,2026-01-23,8,4
店舗02,2026-01-23,9,3
店舗02,2026-01-23,10,4
店舗02,2026-01-23,11,4
店舗02,2026-01-23,12,3
店舗02,2026-01-23,13,4
店舗02,2026-01-23,14,3
店舗02,2026-01-23,15,3
店舗02,2026-01-23,16,4
店舗02,2026-01-23,17,4
店舗02,2026-01-23,18,4
店舗02,2026-01-23,19,2
店舗02,2026-01-23,20,3
店舗02,2026-01-23,21,3
店舗02,2026-01-24,8,4
店舗02,2026-01-24,9,4
店舗02,2026-01-24,10,3
店舗02,2026-01-24,11,3
店舗02,2026-01-24,12,4
店舗02,2026-01-24,13,4
店舗02,2026-01-24,14,2
店舗02,2026-01-24,15,4
店舗02,2026-01-24,16,4
店舗02,2026-01-24,17,5
店舗02,2026-01-24,18,4
店舗02,2026-01-24,19,4
店舗02,2026-01-24,20,4
店舗02,2026-01-24,21,4
店舗02,2026-01-25,8,4
店舗02,2026-01-25,9,2
店舗02,2026-01-25,10,3
店舗02,2026-01-25,11,4
店舗02,2026-01-25,12,4
店舗02,2026-01-25,13,4
店舗02,2026-01-25,14,4
店舗02,2026-01-25,15,2
店舗02,2026-01-25,16,4
店舗02,2026-01-25,17,4
店舗02,2026-01-25,18,5
店舗02,2026-01-25,19,3
店舗02,2026-01-25,20,3
店舗02,2026-01-25,21,4
店舗02,2026-01-26,8,4
店舗02,2026-01-26,9,2
店舗02,2026-01-26,10,3
店舗02,2026-01-26,11,5
店舗02,2026-01-26,12,4
店舗02,2026-01-26,13,3
店舗02,2026-01-26,14,3
店舗02,2026-01-26,15,4
店舗02,2026-01-26,16,3
店舗02,2026-01-26,17,2
店舗02,2026-01-26,18,4
店舗02,2026-01-26,19,3
店舗02,2026-01-26,20,3
店舗02,2026-01-26,21,2
店舗02,2026-01-27,8,4
店舗02,2026-01-27,9,3
店舗02,2026-01-27,10,3
店舗02,2026-01-27,11,4
店舗02,2026-01-27,12,2
店舗02,2026-01-27,13,3
店舗02,2026-01-27,14,3
店舗02,2026-01-27,15,4
店舗02,2026-01-27,16,3
店舗02,2026-01-27,17,3
店舗02,2026-01-27,18,3
店舗02,2026-01-27,19,3
店舗02,2026-01-27,20,3
店舗02,2026-01-27,21,3
店舗02,2026-01-28,8,3
店舗02,2026-01-28,9,3
店舗02,2026-01-28,10,2
店舗02,2026-01-28,11,3
店舗02,2026-01-28,12,4
店舗02,2026-01-28,13,3
店舗02,2026-01-28,14,4
店舗02,2026-01-28,15,3
店舗02,2026-01-28,16,3
店舗02,2026-01-28,17,3
店舗02,2026-01-28,18,5
店舗02,2026-01-28,19,3
店舗02,2026-01-28,20,3
店舗02,2026-01-28,21,3
店舗02,2026-01-29,8,3
店舗02,2026-01-29,9,3
店舗02,2026-01-29,10,2
店舗02,2026-01-29,11,3
店舗02,2026-01-29,12,4
店舗02,2026-01-29,13,3
店舗02,2026-01-29,14,2
店舗02,2026-01-29,15,2
店舗02,2026-01-29,16,3
店舗02,2026-01-29,17,3
店舗02,2026-01-29,18,3
店舗02,2026-01-29,19,4
店舗02,2026-01-29,20,3
店舗02,2026-01-29,21,2
店舗02,2026-01-30,8,3
店舗02,2026-01-30,9,3
店舗02,2026-01-30,10,4
店舗02,2026-01-30,11,3
店舗02,2026-01-30,12,4
店舗02,2026-01-30,13,4
店舗02,2026-01-30,14,3
店舗02,2026-01-30,15,4
店舗02,2026-01-30,16,2
店舗02,2026-01-30,17,4
店舗02,2026-01-30,18,5
店舗02,2026-01-30,19,2
店舗02,2026-01-30,20,2
店舗02,2026-01-30,21,3
店舗02,2026-01-31,8,3
店舗02,2026-01-31,9,3
店舗02,2026-01-31,10,3
店舗02,2026-01-31,11,5
店舗02,2026-01-31,12,5
店舗02,2026-01-31,13,3
店舗02,2026-01-31,14,4
店舗02,2026-01-31,15,2
店舗02,2026-01-31,16,3
店舗02,2026-01-31,17,5
店舗02,2026-01-31,18,4
店舗02,2026-01-31,19,5
店舗02,2026-01-31,20,3
店舗02,2026-01-31,21,2
店舗02,2026-02-01,8,3
店舗02,2026-02-01,9,3
店舗02,2026-02-01,10,3
店舗02,2026-02-01,11,4
店舗02,2026-02-01,12,4
店舗02,2026-02-01,13,5
店舗02,2026-02-01,14,2
店舗02,2026-02-01,15,3
店舗02,2026-02-01,16,3
店舗02,2026-02-01,17,4
店舗02,2026-02-01,18,5
店舗02,2026-02-01,19,3
店舗02,2026-02-01,20,4
店舗02,2026-02-01,21,3
店舗02,2026-02-02,8,4
店舗02,2026-02-02,9,4
店舗02,2026-02-02,10,3
店舗02,2026-02-02,11,4
店舗02,2026-02-02,12,3
店舗02,2026-02-02,13,2
店舗02,2026-02-02,14,3
店舗02,2026-02-02,15,3
店舗02,2026-02-02,16,3
店舗02,2026-02-02,17,3
店舗02,2026-02-02,18,2
店舗02,2026-02-02,19,4
店舗02,2026-02-02,20,3
店舗02,2026-02-02,21,3
店舗02,2026-02-03,8,2
店舗02,2026-02-03,9,4
店舗02,2026-02-03,10,3
店舗02,2026-02-03,11,3
店舗02,2026-02-03,12,4
店舗02,2026-02-03,13,3
店舗02,2026-02-03,14,4
店舗02,2026-02-03,15,2
店舗02,2026-02-03,16,3
店舗02,2026-02-03,17,3
店舗02,2026-02-03,18,3
店舗02,2026-02-03,19,4
店舗02,2026-02-03,20,2
店舗02,2026-02-03,21,3
店舗02,2026-02-04,8,3
店舗02,2026-02-04,9,2
店舗02,2026-02-04,10,2
店舗02,2026-02-04,11,4
店舗02,2026-02-04,12,3
店舗02,2026-02-04,13,3
店舗02,2026-02-04,14,3
店舗02,2026-02-04,15,3
店舗02,2026-02-04,16,3
店舗02,2026-02-04,17,4
店舗02,2026-02-04,18,4
店舗02,2026-02-04,19,2
店舗02,2026-02-04,20,2
店舗02,2026-02-04,21,2
店舗02,2026-02-05,8,3
店舗02,2026-02-05,9,3
店舗02,2026-02-05,10,3
店舗02,2026-02-05,11,3
店舗02,2026-02-05,12,3
店舗02,2026-02-05,13,2
店舗02,2026-02-05,14,4
店舗02,2026-02-05,15,3
店舗02,2026-02-05,16,3
店舗02,2026-02-05,17,3
店舗02,2026-02-05,18,2
店舗02,2026-02-05,19,4
店舗02,2026-02-05,20,3
店舗02,2026-02-05,21,4
店舗02,2026-02-06,8,3
店舗02,2026-02-06,9,2
店舗02,2026-02-06,10,2
店舗02,2026-02-06,11,3
店舗02,2026-02-06,12,2
店舗02,2026-02-06,13,3
店舗02,2026-02-06,14,2
店舗02,2026-02-06,15,2
店舗02,2026-02-06,16,2
店舗02,2026-02-06,17,5
店舗02,2026-02-06,18,3
店舗02,2026-02-06,19,2
店舗02,2026-02-06,20,3
店舗02,2026-02-06,21,3
店舗02,2026-02-07,8,2
店舗02,2026-02-07,9,4
店舗02,2026-02-07,10,4
店舗02,2026-02-07,11,3
店舗02,2026-02-07,12,5
店舗02,2026-02-07,13,4
店舗02,2026-02-07,14,4
店舗02,2026-02-07,15,2
店舗02,2026-02-07,16,3
店舗02,2026-02-07,17,4
店舗02,2026-02-07,18,4
店舗02,2026-02-07,19,5
店舗02,2026-02-07,20,3
店舗02,2026-02-07,21,2
店舗02,2026-02-08,8,2
店舗02,2026-02-08,9,3
店舗02,2026-02-08,10,3
店舗02,2026-02-08,11,3
店舗02,2026-02-08,12,3
店舗02,2026-02-08,13,5
店舗02,2026-02-08,14,3
店舗02,2026-02-08,15,2
店舗02,2026-02-08,16,2
店舗02,2026-02-08,17,4
店舗02,2026-02-08,18,3
店舗02,2026-02-08,19,4
店舗02,2026-02-08,20,3
店舗02,2026-02-08,21,4
店舗02,2026-02-09,8,3
店舗02,2026-02-09,9,4
店舗02,2026-02-09,10,3
店舗02,2026-02-09,11,3
店舗02,2026-02-09,12,4
店舗02,2026-02-09,13,3
店舗02,2026-02-09,14,3
店舗02,2026-02-09,15,2
店舗02,2026-02-09,16,4
店舗02,2026-02-09,17,4
店舗02,2026-02-09,18,3
店舗02,2026-02-09,19,4
店舗02,2026-02-09,20,3
店舗02,2026-02-09,21,3
店舗02,2026-02-10,8,2
店舗02,2026-02-10,9,3
店舗02,2026-02-10,10,2
店舗02,2026-02-10,11,3
店舗02,2026-02-10,12,4
店舗02,2026-02-10,13,4
店舗02,2026-02-10,14,4
店舗02,2026-02-10,15,3
店舗02,2026-02-10,16,3
店舗02,2026-02-10,17,4
店舗02,2026-02-10,18,4
店舗02,2026-02-10,19,3
店舗02,2026-02-10,20,3
店舗02,2026-02-10,21,3
店舗02,2026-02-11,8,4
店舗02,2026-02-11,9,3
店舗02,2026-02-11,10,3
店舗02,2026-02-11,11,4
店舗02,2026-02-11,12,4
店舗02,2026-02-11,13,3
店舗02,2026-02-11,14,3
店舗02,2026-02-11,15,3
店舗02,2026-02-11,16,4
店舗02,2026-02-11,17,4
店舗02,2026-02-11,18,4
店舗02,2026-02-11,19,3
店舗02,2026-02-11,20,3
店舗02,2026-02-11,21,3
店舗02,2026-02-12,8,2
店舗02,2026-02-12,9,3
店舗02,2026-02-12,10,2
店舗02,2026-02-12,11,4
店舗02,2026-02-12,12,3
店舗02,2026-02-12,13,3
店舗02,2026-02-12,14,3
店舗02,2026-02-12,15,3
店舗02,2026-02-12,16,3
店舗02,2026-02-12,17,3
店舗02,2026-02-12,18,4
店舗02,2026-02-12,19,5
店舗02,2026-02-12,20,3
店舗02,2026-02-12,21,2
店舗02,2026-02-13,8,2
店舗02,2026-02-13,9,3
店舗02,2026-02-13,10,2
店舗02,2026-02-13,11,4
店舗02,2026-02-13,12,3
店舗02,2026-02-13,13,3
店舗02,2026-02-13,14,2
店舗02,2026-02-13,15,4
店舗02,2026-02-13,16,3
店舗02,2026-02-13,17,2
店舗02,2026-02-13,18,4
店舗02,2026-02-13,19,3
店舗02,2026-02-13,20,2
店舗02,2026-02-13,21,4
店舗02,2026-02-14,8,3
店舗02,2026-02-14,9,2
店舗02,2026-02-14,10,3
店舗02,2026-02-14,11,5
店舗02,2026-02-14,12,2
店舗02,2026-02-14,13,4
店舗02,2026-02-14,14,3
店舗02,2026-02-14,15,3
店舗02,2026-02-14,16,2
店舗02,2026-02-14,17,4
店舗02,2026-02-14,18,3
店舗02,2026-02-14,19,4
店舗02,2026-02-14,20,3
店舗02,2026-02-14,21,4
店舗02,2026-02-15,8,3
店舗02,2026-02-15,9,3
店舗02,2026-02-15,10,2
店舗02,2026-02-15,11,4
店舗02,2026-02-15,12,5
店舗02,2026-02-15,13,4
店舗02,2026-02-15,14,3
店舗02,2026-02-15,15,3
店舗02,2026-02-15,16,3
店舗02,2026-02-15,17,4
店舗02,2026-02-15,18,3
店舗02,2026-02-15,19,4
店舗02,2026-02-15,20,4
店舗02,2026-02-15,21,4
店舗02,2026-02-16,8,3
店舗02,2026-02-16,9,4
店舗02,2026-02-16,10,3
店舗02,2026-02-16,11,2
店舗02,2026-02-16,12,3
店舗02,2026-02-16,13,4
店舗02,2026-02-16,14,2
店舗02,2026-02-16,15,4
店舗02,2026-02-16,16,4
店舗02,2026-02-16,17,2
店舗02,2026-02-16,18,5
店舗02,2026-02-16,19,2
店舗02,2026-02-16,20,4
店舗02,2026-02-16,21,2
店舗02,2026-02-17,8,2
店舗02,2026-02-17,9,3
店舗02,2026-02-17,10,3
店舗02,2026-02-17,11,3
店舗02,2026-02-17,12,3
店舗02,2026-02-17,13,4
店舗02,2026-02-17,14,4
店舗02,2026-02-17,15,4
店舗02,2026-02-17,16,3
店舗02,2026-02-17,17,3
店舗02,2026-02-17,18,4
店舗02,2026-02-17,19,4
店舗02,2026-02-17,20,2
店舗02,2026-02-17,21,4
店舗02,2026-02-18,8,2
店舗02,2026-02-18,9,3
店舗02,2026-02-18,10,2
店舗02,2026-02-18,11,3
店舗02,2026-02-18,12,4
店舗02,2026-02-18,13,4
店舗02,2026-02-18,14,3
店舗02,2026-02-18,15,3
店舗02,2026-02-18,16,2
店舗02,2026-02-18,17,3
店舗02,2026-02-18,18,3
店舗02,2026-02-18,19,4
店舗02,2026-02-18,20,2
店舗02,2026-02-18,21,3
店舗02,2026-02-19,8,3
店舗02,2026-02-19,9,4
店舗02,2026-02-19,10,3
店舗02,2026-02-19,11,2
店舗02,2026-02-19,12,4
店舗02,2026-02-19,13,3
店舗02,2026-02-19,14,3
店舗02,2026-02-19,15,4
店舗02,2026-02-19,16,3
店舗02,2026-02-19,17,4
店舗02,2026-02-19,18,3
店舗02,2026-02-19,19,3
店舗02,2026-02-19,20,3
店舗02,2026-02-19,21,3
店舗02,2026-02-20,8,3
店舗02,2026-02-20,9,3
店舗02,2026-02-20,10,3
店舗02,2026-02-20,11,2
店舗02,2026-02-20,12,3
店舗02,2026-02-20,13,4
店舗02,2026-02-20,14,4
店舗02,2026-02-20,15,3
店舗02,2026-02-20,16,2
店舗02,2026-02-20,17,3
店舗02,2026-02-20,18,4
店舗02,2026-02-20,19,4
店舗02,2026-02-20,20,4
店舗02,2026-02-20,21,3
店舗02,2026-02-21,8,4
店舗02,2026-02-21,9,4
店舗02,2026-02-21,10,2
店舗02,2026-02-21,11,4
店舗02,2026-02-21,12,5
店舗02,2026-02-21,13,3
店舗02,2026-02-21,14,4
店舗02,2026-02-21,15,2
店舗02,2026-02-21,16,5
店舗02,2026-02-21,17,4
店舗02,2026-02-21,18,4
店舗02,2026-02-21,19,4
店舗02,2026-02-21,20,2
店舗02,2026-02-21,21,3
店舗02,2026-02-22,8,4
店舗02,2026-02-22,9,4
店舗02,2026-02-22,10,4
店舗02,2026-02-22,11,5
店舗02,2026-02-22,12,4
店舗02,2026-02-22,13,5
店舗02,2026-02-22,14,3
店舗02,2026-02-22,15,3
店舗02,2026-02-22,16,3
店舗02,2026-02-22,17,4
店舗02,2026-02-22,18,4
店舗02,2026-02-22,19,4
店舗02,2026-02-22,20,3
店舗02,2026-02-22,21,4
店舗02,2026-02-23,8,4
店舗02,2026-02-23,9,4
店舗02,2026-02-23,10,4
店舗02,2026-02-23,11,3
店舗02,2026-02-23,12,3
店舗02,2026-02-23,13,3
店舗02,2026-02-23,14,3
店舗02,2026-02-23,15,2
店舗02,2026-02-23,16,2
店舗02,2026-02-23,17,4
店舗02,2026-02-23,18,4
店舗02,2026-02-23,19,3
店舗02,2026-02-23,20,4
店舗02,2026-02-23,21,2
店舗02,2026-02-24,8,3
店舗02,2026-02-24,9,4
店舗02,2026-02-24,10,3
店舗02,2026-02-24,11,2
店舗02,2026-02-24,12,2
店舗02,2026-02-24,13,2
店舗02,2026-02-24,14,3
店舗02,2026-02-24,15,4
店舗02,2026-02-24,16,2
店舗02,2026-02-24,17,4
店舗02,2026-02-24,18,5
店舗02,2026-02-24,19,4
店舗02,2026-02-24,20,4
店舗02,2026-02-24,21,3
店舗02,2026-02-25,8,2
店舗02,2026-02-25,9,3
店舗02,2026-02-25,10,2
店舗02,2026-02-25,11,3
店舗02,2026-02-25,12,2
店舗02,2026-02-25,13,3
店舗02,2026-02-25,14,4
店舗02,2026-02-25,15,3
店舗02,2026-02-25,16,4
店舗02,2026-02-25,17,2
店舗02,2026-02-25,18,4
店舗02,2026-02-25,19,3
店舗02,2026-02-25,20,2
店舗02,2026-02-25,21,3
店舗02,2026-02-26,8,3
店舗02,2026-02-26,9,3
店舗02,2026-02-26,10,3
店舗02,2026-02-26,11,2
店舗02,2026-02-26,12,3
店舗02,2026-02-26,13,4
店舗02,2026-02-26,14,3
店舗02,2026-02-26,15,3
店舗02,2026-02-26,16,3
店舗02,2026-02-26,17,4
店舗02,2026-02-26,18,5
店舗02,2026-02-26,19,4
店舗02,2026-02-26,20,3
店舗02,2026-02-26,21,4
店舗02,2026-02-27,8,3
店舗02,2026-02-27,9,3
店舗02,2026-02-27,10,4
店舗02,2026-02-27,11,4
店舗02,2026-02-27,12,4
店舗02,2026-02-27,13,2
店舗02,2026-02-27,14,2
店舗02,2026-02-27,15,3
店舗02,2026-02-27,16,3
店舗02,2026-02-27,17,4
店舗02,2026-02-27,18,4
店舗02,2026-02-27,19,3
店舗02,2026-02-27,20,4
店舗02,2026-02-27,21,3
店舗02,2026-02-28,8,2
店舗02,2026-02-28,9,2
店舗02,2026-02-28,10,2
店舗02,2026-02-28,11,5
店舗02,2026-02-28,12,4
店舗02,2026-02-28,13,4
店舗02,2026-02-28,14,4
店舗02,2026-02-28,15,2
店舗02,2026-02-28,16,4
店舗02,2026-02-28,17,3
店舗02,2026-02-28,18,5
店舗02,2026-02-28,19,4
店舗02,2026-02-28,20,3
店舗02,2026-02-28,21,2
店舗02,2026-03-01,8,2
店舗02,2026-03-01,9,3
店舗02,2026-03-01,10,4
店舗02,2026-03-01,11,3
店舗02,2026-03-01,12,4
店舗02,2026-03-01,13,5
店舗02,2026-03-01,14,4
店舗02,2026-03-01,15,2
店舗02,2026-03-01,16,3
店舗02,2026-03-01,17,3
店舗02,2026-03-01,18,3
店舗02,2026-03-01,19,3
店舗02,2026-03-01,20,4
店舗02,2026-03-01,21,4
店舗03,2026-01-05,8,2
店舗03,2026-01-05,9,2
店舗03,2026-01-05,10,3
店舗03,2026-01-05,11,3
店舗03,2026-01-05,12,4
店舗03,2026-01-05,13,2
店舗03,2026-01-05,14,3
店舗03,2026-01-05,15,3
店舗03,2026-01-05,16,3
店舗03,2026-01-05,17,4
店舗03,2026-01-05,18,5
店舗03,2026-01-05,19,2
店舗03,2026-01-05,20,3
店舗03,2026-01-05,21,4
店舗03,2026-01-06,8,3
店舗03,2026-01-06,9,3
店舗03,2026-01-06,10,3
店舗03,2026-01-06,11,4
店舗03,2026-01-06,12,4
店舗03,2026-01-06,13,4
店舗03,2026-01-06,14,4
店舗03,2026-01-06,15,2
店舗03,2026-01-06,16,2
店舗03,2026-01-06,17,3
店舗03,2026-01-06,18,4
店舗03,2026-01-06,19,5
店舗03,2026-01-06,20,4
店舗03,2026-01-06,21,2
店舗03,2026-01-07,8,3
店舗03,2026-01-07,9,3
店舗03,2026-01-07,10,3
店舗03,2026-01-07,11,4
店舗03,2026-01-07,12,4
店舗03,2026-01-07,13,3
店舗03,2026-01-07,14,3
店舗03,2026-01-07,15,3
店舗03,2026-01-07,16,2
店舗03,2026-01-07,17,4
店舗03,2026-01-07,18,4
店舗03,2026-01-07,19,4
店舗03,2026-01-07,20,2
店舗03,2026-01-07,21,3
店舗03,2026-01-08,8,3
店舗03,2026-01-08,9,3
店舗03,2026-01-08,10,2
店舗03,2026-01-08,11,3
店舗03,2026-01-08,12,5
店舗03,2026-01-08,13,4
店舗03,2026-01-08,14,3
店舗03,2026-01-08,15,4
店舗03,2026-01-08,16,3
店舗03,2026-01-08,17,5
店舗03,2026-01-08,18,5
店舗03,2026-01-08,19,3
店舗03,2026-01-08,20,3
店舗03,2026-01-08,21,3
店舗03,2026-01-09,8,2
店舗03,2026-01-09,9,4
店舗03,2026-01-09,10,4
店舗03,2026-01-09,11,2
店舗03,2026-01-09,12,3
店舗03,2026-01-09,13,4
店舗03,2026-01-09,14,3
店舗03,2026-01-09,15,3
店舗03,2026-01-09,16,2
店舗03,2026-01-09,17,3
店舗03,2026-01-09,18,3
店舗03,2026-01-09,19,3
店舗03,2026-01-09,20,3
店舗03,2026-01-09,21,3
店舗03,2026-01-10,8,3
店舗03,2026-01-10,9,4
店舗03,2026-01-10,10,4
店舗03,2026-01-10,11,5
店舗03,2026-01-10,12,4
店舗03,2026-01-10,13,5
店舗03,2026-01-10,14,4
店舗03,2026-01-10,15,3
店舗03,2026-01-10,16,5
店舗03,2026-01-10,17,4
店舗03,2026-01-10,18,5
店舗03,2026-01-10,19,3
店舗03,2026-01-10,20,2
店舗03,2026-01-10,21,3
店舗03,2026-01-11,8,3
店舗03,2026-01-11,9,2
店舗03,2026-01-11,10,4
店舗03,2026-01-11,11,4
店舗03,2026-01-11,12,4
店舗03,2026-01-11,13,4
店舗03,2026-01-11,14,5
店舗03,2026-01-11,15,2
店舗03,2026-01-11,16,3
店舗03,2026-01-11,17,4
店舗03,2026-01-11,18,4
店舗03,2026-01-11,19,3
店舗03,2026-01-11,20,4
店舗03,2026-01-11,21,4
店舗03,2026-01-12,8,3
店舗03,2026-01-12,9,3
店舗03,2026-01-12,10,3
店舗03,2026-01-12,11,3
店舗03,2026-01-12,12,4
店舗03,2026-01-12,13,3
店舗03,2026-01-12,14,3
店舗03,2026-01-12,15,4
店舗03,2026-01-12,16,3
店舗03,2026-01-12,17,4
店舗03,2026-01-12,18,4
店舗03,2026-01-12,19,4
店舗03,2026-01-12,20,4
店舗03,2026-01-12,21,2
店舗03,2026-01-13,8,4
店舗03,2026-01-13,9,2
店舗03,2026-01-13,10,4
店舗03,2026-01-13,11,2
店舗03,2026-01-13,12,3
店舗03,2026-01-13,13,3
店舗03,2026-01-13,14,3
店舗03,2026-01-13,15,3
店舗03,2026-01-13,16,4
店舗03,2026-01-13,17,4
店舗03,2026-01-13,18,3
店舗03,2026-01-13,19,3
店舗03,2026-01-13,20,2
店舗03,2026-01-13,21,3
店舗03,2026-01-14,8,3
店舗03,2026-01-14,9,4
店舗03,2026-01-14,10,4
店舗03,2026-01-14,11,4
店舗03,2026-01-14,12,3
店舗03,2026-01-14,13,3
店舗03,2026-01-14,14,3
店舗03,2026-01-14,15,4
店舗03,2026-01-14,16,3
店舗03,2026-01-14,17,3
店舗03,2026-01-14,18,3
店舗03,2026-01-14,19,2
店舗03,2026-01-14,20,4
店舗03,2026-01-14,21,4
店舗03,2026-01-15,8,4
店舗03,2026-01-15,9,2
店舗03,2026-01-15,10,4
店舗03,2026-01-15,11,5
店舗03,2026-01-15,12,5
店舗03,2026-01-15,13,3
店舗03,2026-01-15,14,4
店舗03,2026-01-15,15,3
店舗03,2026-01-15,16,3
店舗03,2026-01-15,17,3
店舗03,2026-01-15,18,4
店舗03,2026-01-15,19,3
店舗03,2026-01-15,20,3
店舗03,2026-01-15,21,2
店舗03,2026-01-16,8,3
店舗03,2026-01-16,9,2
店舗03,2026-01-16,10,3
店舗03,2026-01-16,11,3
店舗03,2026-01-16,12,3
店舗03,2026-01-16,13,5
店舗03,2026-01-16,14,3
店舗03,2026-01-16,15,2
店舗03,2026-01-16,16,3
店舗03,2026-01-16,17,4
店舗03,2026-01-16,18,4
店舗03,2026-01-16,19,4
店舗03,2026-01-16,20,3
店舗03,2026-01-16,21,2
店舗03,2026-01-17,8,2
店舗03,2026-01-17,9,2
店舗03,2026-01-17,10,2
店舗03,2026-01-17,11,3
店舗03,2026-01-17,12,3
店舗03,2026-01-17,13,4
店舗03,2026-01-17,14,4
店舗03,2026-01-17,15,3
店舗03,2026-01-17,16,3
店舗03,2026-01-17,17,5
店舗03,2026-01-17,18,4
店舗03,2026-01-17,19,4
店舗03,2026-01-17,20,4
店舗03,2026-01-17,21,3
店舗03,2026-01-18,8,3
店舗03,2026-01-18,9,2
店舗03,2026-01-18,10,2
店舗03,2026-01-18,11,5
店舗03,2026-01-18,12,5
店舗03,2026-01-18,13,5
店舗03,2026-01-18,14,2
店舗03,2026-01-18,15,2
店舗03,2026-01-18,16,3
店舗03,2026-01-18,17,5
店舗03,2026-01-18,18,4
店舗03,2026-01-18,19,3
店舗03,2026-01-18,20,5
店舗03,2026-01-18,21,3
店舗03,2026-01-19,8,3
店舗03,2026-01-19,9,2
店舗03,2026-01-19,10,2
店舗03,2026-01-19,11,4
店舗03,2026-01-19,12,5
店舗03,2026-01-19,13,3
店舗03,2026-01-19,14,3
店舗03,2026-01-19,15,4
店舗03,2026-01-19,16,4
店舗03,2026-01-19,17,3
店舗03,2026-01-19,18,4
店舗03,2026-01-19,19,4
店舗03,2026-01-19,20,4
店舗03,2026-01-19,21,4
店舗03,2026-01-20,8,4
店舗03,2026-01-20,9,2
店舗03,2026-01-20,10,4
店舗03,2026-01-20,11,3
店舗03,2026-01-20,12,3
店舗03,2026-01-20,13,4
店舗03,2026-01-20,14,2
店舗03,2026-01-20,15,3
店舗03,2026-01-20,16,3
店舗03,2026-01-20,17,3
店舗03,2026-01-20,18,4
店舗03,2026-01-20,19,3
店舗03,2026-01-20,20,3
店舗03,2026-01-20,21,3
店舗03,2026-01-21,8,2
店舗03,2026-01-21,9,2
店舗03,2026-01-21,10,4
店舗03,2026-01-21,11,4
店舗03,2026-01-21,12,4
店舗03,2026-01-21,13,4
店舗03,2026-01-21,14,3
店舗03,2026-01-21,15,2
店舗03,2026-01-21,16,3
店舗03,2026-01-21,17,4
店舗03,2026-01-21,18,3
店舗03,2026-01-21,19,4
店舗03,2026-01-21,20,3
店舗03,2026-01-21,21,2
店舗03,2026-01-22,8,2
店舗03,2026-01-22,9,3
店舗03,2026-01-22,10,3
店舗03,2026-01-22,11,3
店舗03,2026-01-22,12,2
店舗03,2026-01-22,13,5
店舗03,2026-01-22,14,4
店舗03,2026-01-22,15,3
店舗03,2026-01-22,16,3
店舗03,2026-01-22,17,4
店舗03,2026-01-22,18,4
店舗03,2026-01-22,19,2
店舗03,2026-01-22,20,2
店舗03,2026-01-22,21,3
店舗03,2026-01-23,8,4
店舗03,2026-01-23,9,3
店舗03,2026-01-23,10,2
店舗03,2026-01-23,11,3
店舗03,2026-01-23,12,4
店舗03,2026-01-23,13,5
店舗03,2026-01-23,14,3
店舗03,2026-01-23,15,4
店舗03,2026-01-23,16,2
店舗03,2026-01-23,17,3
店舗03,2026-01-23,18,4
店舗03,2026-01-23,19,4
店舗03,2026-01-23,20,4
店舗03,2026-01-23,21,3
店舗03,2026-01-24,8,2
店舗03,2026-01-24,9,3
店舗03,2026-01-24,10,4
店舗03,2026-01-24,11,5
店舗03,2026-01-24,12,5
店舗03,2026-01-24,13,5
店舗03,2026-01-24,14,5
店舗03,2026-01-24,15,3
店舗03,2026-01-24,16,3
店舗03,2026-01-24,17,4
店舗03,2026-01-24,18,5
店舗03,2026-01-24,19,5
店舗03,2026-01-24,20,4
店舗03,2026-01-24,21,3
店舗03,2026-01-25,8,3
店舗03,2026-01-25,9,3
店舗03,2026-01-25,10,4
店舗03,2026-01-25,11,4
店舗03,2026-01-25,12,4
店舗03,2026-01-25,13,4
店舗03,2026-01-25,14,3
店舗03,2026-01-25,15,4
店舗03,2026-01-25,16,2
店舗03,2026-01-25,17,3
店舗03,2026-01-25,18,4
店舗03,2026-01-25,19,3
店舗03,2026-01-25,20,4
店舗03,2026-01-25,21,4
店舗03,2026-01-26,8,3
店舗03,2026-01-26,9,3
店舗03,2026-01-26,10,2
店舗03,2026-01-26,11,3
店舗03,2026-01-26,12,4
店舗03,2026-01-26,13,4
店舗03,2026-01-26,14,3
店舗03,2026-01-26,15,4
店舗03,2026-01-26,16,2
店舗03,2026-01-26,17,4
店舗03,2026-01-26,18,4
店舗03,2026-01-26,19,2
店舗03,2026-01-26,20,3
店舗03,2026-01-26,21,2
店舗03,2026-01-27,8,4
店舗03,2026-01-27,9,4
店舗03,2026-01-27,10,3
店舗03,2026-01-27,11,3
店舗03,2026-01-27,12,5
店舗03,2026-01-27,13,4
店舗03,2026-01-27,14,3
店舗03,2026-01-27,15,3
店舗03,2026-01-27,16,3
店舗03,2026-01-27,17,2
店舗03,2026-01-27,18,4
店舗03,2026-01-27,19,4
店舗03,2026-01-27,20,4
店舗03,2026-01-27,21,3
店舗03,2026-01-28,8,3
店舗03,2026-01-28,9,3
店舗03,2026-01-28,10,3
店舗03,2026-01-28,11,4
店舗03,2026-01-28,12,5
店舗03,2026-01-28,13,4
店舗03,2026-01-28,14,2
店舗03,2026-01-28,15,3
店舗03,2026-01-28,16,3
店舗03,2026-01-28,17,2
店舗03,2026-01-28,18,4
店舗03,2026-01-28,19,4
店舗03,2026-01-28,20,2
店舗03,2026-01-28,21,3
店舗03,2026-01-29,8,2
店舗03,2026-01-29,9,4
店舗03,2026-01-29,10,3
店舗03,2026-01-29,11,3
店舗03,2026-01-29,12,4
店舗03,2026-01-29,13,3
店舗03,2026-01-29,14,3
店舗03,2026-01-29,15,2
店舗03,2026-01-29,16,3
店舗03,2026-01-29,17,3
店舗03,2026-01-29,18,4
店舗03,2026-01-29,19,4
店舗03,2026-01-29,20,4
店舗03,2026-01-29,21,3
店舗03,2026-01-30,8,2
店舗03,2026-01-30,9,3
店舗03,2026-01-30,10,3
店舗03,2026-01-30,11,4
店舗03,2026-01-30,12,3
店舗03,2026-01-30,13,4
店舗03,2026-01-30,14,4
店舗03,2026-01-30,15,4
店舗03,2026-01-30,16,2
店舗03,2026-01-30,17,3
店舗03,2026-01-30,18,5
店舗03,2026-01-30,19,4
店舗03,2026-01-30,20,2
店舗03,2026-01-30,21,3
店舗03,2026-01-31,8,2
店舗03,2026-01-31,9,3
店舗03,2026-01-31,10,3
店舗03,2026-01-31,11,5
店舗03,2026-01-31,12,4
店舗03,2026-01-31,13,2
店舗03,2026-01-31,14,3
店舗03,2026-01-31,15,4
店舗03,2026-01-31,16,4
店舗03,2026-01-31,17,5
店舗03,2026-01-31,18,4
店舗03,2026-01-31,19,3
店舗03,2026-01-31,20,4
店舗03,2026-01-31,21,2
店舗03,2026-02-01,8,2
店舗03,2026-02-01,9,2
店舗03,2026-02-01,10,3
店舗03,2026-02-01,11,3
店舗03,2026-02-01,12,4
店舗03,2026-02-01,13,4
店舗03,2026-02-01,14,4
店舗03,2026-02-01,15,4
店舗03,2026-02-01,16,2
店舗03,2026-02-01,17,5
店舗03,2026-02-01,18,3
店舗03,2026-02-01,19,4
店舗03,2026-02-01,20,3
店舗03,2026-02-01,21,2
店舗03,2026-02-02,8,3
店舗03,2026-02-02,9,2
店舗03,2026-02-02,10,3
店舗03,2026-02-02,11,2
店舗03,2026-02-02,12,3
店舗03,2026-02-02,13,3
店舗03,2026-02-02,14,2
店舗03,2026-02-02,15,2
店舗03,2026-02-02,16,2
店舗03,2026-02-02,17,4
店舗03,2026-02-02,18,4
店舗03,2026-02-02,19,4
店舗03,2026-02-02,20,3
店舗03,2026-02-02,21,3
店舗03,2026-02-03,8,2
店舗03,2026-02-03,9,2
店舗03,2026-02-03,10,2
店舗03,2026-02-03,11,2
店舗03,2026-02-03,12,3
店舗03,2026-02-03,13,2
店舗03,2026-02-03,14,2
店舗03,2026-02-03,15,4
店舗03,2026-02-03,16,4
店舗03,2026-02-03,17,3
店舗03,2026-02-03,18,4
店舗03,2026-02-03,19,3
店舗03,2026-02-03,20,3
店舗03,2026-02-03,21,2
店舗03,2026-02-04,8,3
店舗03,2026-02-04,9,3
店舗03,2026-02-04,10,3
店舗03,2026-02-04,11,4
店舗03,2026-02-04,12,4
店舗03,2026-02-04,13,3
店舗03,2026-02-04,14,4
店舗03,2026-02-04,15,2
店舗03,2026-02-04,16,2
店舗03,2026-02-04,17,4
店舗03,2026-02-04,18,5
店舗03,2026-02-04,19,4
店舗03,2026-02-04,20,2
店舗03,2026-02-04,21,3
店舗03,2026-02-05,8,2
店舗03,2026-02-05,9,3
店舗03,2026-02-05,10,2
店舗03,2026-02-05,11,4
店舗03,2026-02-05,12,4
店舗03,2026-02-05,13,2
店舗03,2026-02-05,14,2
店舗03,2026-02-05,15,4
店舗03,2026-02-05,16,3
店舗03,2026-02-05,17,4
店舗03,2026-02-05,18,4
店舗03,2026-02-05,19,2
店舗03,2026-02-05,20,2
店舗03,2026-02-05,21,3
店舗03,2026-02-06,8,3
店舗03,2026-02-06,9,2
店舗03,2026-02-06,10,2
店舗03,2026-02-06,11,3
店舗03,2026-02-06,12,3
店舗03,2026-02-06,13,4
店舗03,2026-02-06,14,2
店舗03,2026-02-06,15,2
店舗03,2026-02-06,16,3
店舗03,2026-02-06,17,3
店舗03,2026-02-06,18,4
店舗03,2026-02-06,19,5
店舗03,2026-02-06,20,3
店舗03,2026-02-06,21,3
店舗03,2026-02-07,8,3
店舗03,2026-02-07,9,4
店舗03,2026-02-07,10,4
店舗03,2026-02-07,11,3
店舗03,2026-02-07,12,4
店舗03,2026-02-07,13,3
店舗03,2026-02-07,14,3
店舗03,2026-02-07,15,3
店舗03,2026-02-07,16,4
店舗03,2026-02-07,17,3
店舗03,2026-02-07,18,4
店舗03,2026-02-07,19,4
店舗03,2026-02-07,20,4
店舗03,2026-02-07,21,2
店舗03,2026-02-08,8,3
店舗03,2026-02-08,9,4
店舗03,2026-02-08,10,2
店舗03,2026-02-08,11,5
店舗03,2026-02-08,12,4
店舗03,2026-02-08,13,3
店舗03,2026-02-08,14,5
店舗03,2026-02-08,15,2
店舗03,2026-02-08,16,3
店舗03,2026-02-08,17,3
店舗03,2026-02-08,18,3
店舗03,2026-02-08,19,4
店舗03,2026-02-08,20,3
店舗03,2026-02-08,21,2
店舗03,2026-02-09,8,2
店舗03,2026-02-09,9,3
店舗03,2026-02-09,10,3
店舗03,2026-02-09,11,3
店舗03,2026-02-09,12,4
店舗03,2026-02-09,13,3
店舗03,2026-02-09,14,3
店舗03,2026-02-09,15,3
店舗03,2026-02-09,16,3
店舗03,2026-02-09,17,3
店舗03,2026-02-09,18,5
店舗03,2026-02-09,19,5
店舗03,2026-02-09,20,3
店舗03,2026-02-09,21,4
店舗03,2026-02-10,8,4
店舗03,2026-02-10,9,3
店舗03,2026-02-10,10,4
店舗03,2026-02-10,11,4
店舗03,2026-02-10,12,4
店舗03,2026-02-10,13,3
店舗03,2026-02-10,14,3
店舗03,2026-02-10,15,4
店舗03,2026-02-10,16,3
店舗03,2026-02-10,17,3
店舗03,2026-02-10,18,5
店舗03,2026-02-10,19,3
店舗03,2026-02-10,20,4
店舗03,2026-02-10,21,2
店舗03,2026-02-11,8,3
店舗03,2026-02-11,9,3
店舗03,2026-02-11,10,4
店舗03,2026-02-11,11,4
店舗03,2026-02-11,12,3
店舗03,2026-02-11,13,2
店舗03,2026-02-11,14,2
店舗03,2026-02-11,15,3
店舗03,2026-02-11,16,3
店舗03,2026-02-11,17,4
店舗03,2026-02-11,18,3
店舗03,2026-02-11,19,3
店舗03,2026-02-11,20,4
店舗03,2026-02-11,21,3
店舗03,2026-02-12,8,4
店舗03,2026-02-12,9,2
店舗03,2026-02-12,10,4
店舗03,2026-02-12,11,5
店舗03,2026-02-12,12,3
店舗03,2026-02-12,13,4
店舗03,2026-02-12,14,3
店舗03,2026-02-12,15,4
店舗03,2026-02-12,16,2
店舗03,2026-02-12,17,4
店舗03,2026-02-12,18,4
店舗03,2026-02-12,19,4
店舗03,2026-02-12,20,2
店舗03,2026-02-12,21,2
店舗03,2026-02-13,8,2
店舗03,2026-02-13,9,4
店舗03,2026-02-13,10,2
店舗03,2026-02-13,11,3
店舗03,2026-02-13,12,3
店舗03,2026-02-13,13,4
店舗03,2026-02-13,14,3
店舗03,2026-02-13,15,3
店舗03,2026-02-13,16,3
店舗03,2026-02-13,17,3
店舗03,2026-02-13,18,5
店舗03,2026-02-13,19,4
店舗03,2026-02-13,20,3
店舗03,2026-02-13,21,3
店舗03,2026-02-14,8,4
店舗03,2026-02-14,9,3
店舗03,2026-02-14,10,2
店舗03,2026-02-14,11,4
店舗03,2026-02-14,12,3
店舗03,2026-02-14,13,4
店舗03,2026-02-14,14,3
店舗03,2026-02-14,15,2
店舗03,2026-02-14,16,3
店舗03,2026-02-14,17,3
店舗03,2026-02-14,18,4
店舗03,2026-02-14,19,4
店舗03,2026-02-14,20,2
店舗03,2026-02-14,21,2
店舗03,2026-02-15,8,3
店舗03,2026-02-15,9,3
店舗03,2026-02-15,10,4
店舗03,2026-02-15,11,4
店舗03,2026-02-15,12,4
店舗03,2026-02-15,13,5
店舗03,2026-02-15,14,3
店舗03,2026-02-15,15,3
店舗03,2026-02-15,16,3
店舗03,2026-02-15,17,3
店舗03,2026-02-15,18,3
店舗03,2026-02-15,19,3
店舗03,2026-02-15,20,4
店舗03,2026-02-15,21,4
店舗03,2026-02-16,8,4
店舗03,2026-02-16,9,3
店舗03,2026-02-16,10,4
店舗03,2026-02-16,11,5
店舗03,2026-02-16,12,4
店舗03,2026-02-16,13,4
店舗03,2026-02-16,14,4
店舗03,2026-02-16,15,4
店舗03,2026-02-16,16,3
店舗03,2026-02-16,17,4
店舗03,2026-02-16,18,4
店舗03,2026-02-16,19,3
店舗03,2026-02-16,20,2
店舗03,2026-02-16,21,3
店舗03,2026-02-17,8,3
店舗03,2026-02-17,9,4
店舗03,2026-02-17,10,3
店舗03,2026-02-17,11,4
店舗03,2026-02-17,12,4
店舗03,2026-02-17,13,4
店舗03,2026-02-17,14,2
店舗03,2026-02-17,15,4
店舗03,2026-02-17,16,4
店舗03,2026-02-17,17,3
店舗03,2026-02-17,18,5
店舗03,2026-02-17,19,3
店舗03,2026-02-17,20,3
店舗03,2026-02-17,21,3
店舗03,2026-02-18,8,3
店舗03,2026-02-18,9,3
店舗03,2026-02-18,10,4
店舗03,2026-02-18,11,2
店舗03,2026-02-18,12,3
店舗03,2026-02-18,13,4
店舗03,2026-02-18,14,3
店舗03,2026-02-18,15,3
店舗03,2026-02-18,16,3
店舗03,2026-02-18,17,4
店舗03,2026-02-18,18,4
店舗03,2026-02-18,19,5
店舗03,2026-02-18,20,3
店舗03,2026-02-18,21,4
店舗03,2026-02-19,8,3
店舗03,2026-02-19,9,2
店舗03,2026-02-19,10,2
店舗03,2026-02-19,11,2
店舗03,2026-02-19,12,4
店舗03,2026-02-19,13,4
店舗03,2026-02-19,14,2
店舗03,2026-02-19,15,3
店舗03,2026-02-19,16,3
店舗03,2026-02-19,17,4
店舗03,2026-02-19,18,4
店舗03,2026-02-19,19,4
店舗03,2026-02-19,20,3
店舗03,2026-02-19,21,2
店舗03,2026-02-20,8,3
店舗03,2026-02-20,9,3
店舗03,2026-02-20,10,2
店舗03,2026-02-20,11,5
店舗03,2026-02-20,12,4
店舗03,2026-02-20,13,3
店舗03,2026-02-20,14,2
店舗03,2026-02-20,15,3
店舗03,2026-02-20,16,2
店舗03,2026-02-20,17,2
店舗03,2026-02-20,18,3
店舗03,2026-02-20,19,2
店舗03,2026-02-20,20,3
店舗03,2026-02-20,21,3
店舗03,2026-02-21,8,3
店舗03,2026-02-21,9,3
店舗03,2026-02-21,10,4
店舗03,2026-02-21,11,5
店舗03,2026-02-21,12,4
店舗03,2026-02-21,13,4
店舗03,2026-02-21,14,5
店舗03,2026-02-21,15,4
店舗03,2026-02-21,16,4
店舗03,2026-02-21,17,5
店舗03,2026-02-21,18,4
店舗03,2026-02-21,19,3
店舗03,2026-02-21,20,3
店舗03,2026-02-21,21,3
店舗03,2026-02-22,8,3
店舗03,2026-02-22,9,3
店舗03,2026-02-22,10,3
店舗03,2026-02-22,11,3
店舗03,2026-02-22,12,5
店舗03,2026-02-22,13,3
店舗03,2026-02-22,14,5
店舗03,2026-02-22,15,4
店舗03,2026-02-22,16,4
店舗03,2026-02-22,17,4
店舗03,2026-02-22,18,5
店舗03,2026-02-22,19,3
店舗03,2026-02-22,20,3
店舗03,2026-02-22,21,3
店舗03,2026-02-23,8,3
店舗03,2026-02-23,9,3
店舗03,2026-02-23,10,2
店舗03,2026-02-23,11,4
店舗03,2026-02-23,12,3
店舗03,2026-02-23,13,3
店舗03,2026-02-23,14,2
店舗03,2026-02-23,15,2
店舗03,2026-02-23,16,4
店舗03,2026-02-23,17,3
店舗03,2026-02-23,18,2
店舗03,2026-02-23,19,4
店舗03,2026-02-23,20,3
店舗03,2026-02-23,21,3
店舗03,2026-02-24,8,4
店舗03,2026-02-24,9,4
店舗03,2026-02-24,10,4
店舗03,2026-02-24,11,5
店舗03,2026-02-24,12,3
店舗03,2026-02-24,13,3
店舗03,2026-02-24,14,3
店舗03,2026-02-24,15,3
店舗03,2026-02-24,16,4
店舗03,2026-02-24,17,4
店舗03,2026-02-24,18,5
店舗03,2026-02-24,19,3
店舗03,2026-02-24,20,4
店舗03,2026-02-24,21,2
店舗03,2026-02-25,8,2
店舗03,2026-02-25,9,3
店舗03,2026-02-25,10,3
店舗03,2026-02-25,11,4
店舗03,2026-02-25,12,4
店舗03,2026-02-25,13,4
店舗03,2026-02-25,14,4
店舗03,2026-02-25,15,3
店舗03,2026-02-25,16,4
店舗03,2026-02-25,17,5
店舗03,2026-02-25,18,5
店舗03,2026-02-25,19,4
店舗03,2026-02-25,20,3
店舗03,2026-02-25,21,4
店舗03,2026-02-26,8,4
店舗03,2026-02-26,9,4
店舗03,2026-02-26,10,4
店舗03,2026-02-26,11,3
店舗03,2026-02-26,12,4
店舗03,2026-02-26,13,2
店舗03,2026-02-26,14,3
店舗03,2026-02-26,15,4
店舗03,2026-02-26,16,3
店舗03,2026-02-26,17,3
店舗03,2026-02-26,18,4
店舗03,2026-02-26,19,4
店舗03,2026-02-26,20,2
店舗03,2026-02-26,21,2
店舗03,2026-02-27,8,3
店舗03,2026-02-27,9,3
店舗03,2026-02-27,10,4
店舗03,2026-02-27,11,3
店舗03,2026-02-27,12,4
店舗03,2026-02-27,13,3
店舗03,2026-02-27,14,3
店舗03,2026-02-27,15,2
店舗03,2026-02-27,16,4
店舗03,2026-02-27,17,4
店舗03,2026-02-27,18,4
店舗03,2026-02-27,19,3
店舗03,2026-02-27,20,3
店舗03,2026-02-27,21,4
店舗03,2026-02-28,8,3
店舗03,2026-02-28,9,3
店舗03,2026-02-28,10,3
店舗03,2026-02-28,11,5
店舗03,2026-02-28,12,4
店舗03,2026-02-28,13,3
店舗03,2026-02-28,14,4
店舗03,2026-02-28,15,3
店舗03,2026-02-28,16,5
店舗03,2026-02-28,17,3
店舗03,2026-02-28,18,4
店舗03,2026-02-28,19,4
店舗03,2026-02-28,20,4
店舗03,2026-02-28,21,3
店舗03,2026-03-01,8,2
店舗03,2026-03-01,9,2
店舗03,2026-03-01,10,4
店舗03,2026-03-01,11,4
店舗03,2026-03-01,12,3
店舗03,2026-03-01,13,4
店舗03,2026-03-01,14,4
店舗03,2026-03-01,15,3
店舗03,2026-03-01,16,3
店舗03,2026-03-01,17,4
店舗03,2026-03-01,18,4
店舗03,2026-03-01,19,5
店舗03,2026-03-01,20,4
店舗03,2026-03-01,21,3
店舗04,2026-01-05,8,3
店舗04,2026-01-05,9,4
店舗04,2026-01-05,10,4
店舗04,2026-01-05,11,5
店舗04,2026-01-05,12,3
店舗04,2026-01-05,13,2
店舗04,2026-01-05,14,2
店舗04,2026-01-05,15,4
店舗04,2026-01-05,16,3
店舗04,2026-01-05,17,3
店舗04,2026-01-05,18,4
店舗04,2026-01-05,19,5
店舗04,2026-01-05,20,2
店舗04,2026-01-05,21,4
店舗04,2026-01-06,8,2
店舗04,2026-01-06,9,2
店舗04,2026-01-06,10,4
店舗04,2026-01-06,11,4
店舗04,2026-01-06,12,4
店舗04,2026-01-06,13,4
店舗04,2026-01-06,14,3
店舗04,2026-01-06,15,2
店舗04,2026-01-06,16,2
店舗04,2026-01-06,17,5
店舗04,2026-01-06,18,4
店舗04,2026-01-06,19,4
店舗04,2026-01-06,20,3
店舗04,2026-01-06,21,2
店舗04,2026-01-07,8,4
店舗04,2026-01-07,9,2
店舗04,2026-01-07,10,3
店舗04,2026-01-07,11,3
店舗04,2026-01-07,12,4
店舗04,2026-01-07,13,3
店舗04,2026-01-07,14,2
店舗04,2026-01-07,15,3
店舗04,2026-01-07,16,2
店舗04,2026-01-07,17,2
店舗04,2026-01-07,18,3
店舗04,2026-01-07,19,3
店舗04,2026-01-07,20,2
店舗04,2026-01-07,21,3
店舗04,2026-01-08,8,3
店舗04,2026-01-08,9,4
店舗04,2026-01-08,10,3
店舗04,2026-01-08,11,4
店舗04,2026-01-08,12,3
店舗04,2026-01-08,13,5
店舗04,2026-01-08,14,3
店舗04,2026-01-08,15,4
店舗04,2026-01-08,16,2
店舗04,2026-01-08,17,4
店舗04,2026-01-08,18,3
店舗04,2026-01-08,19,3
店舗04,2026-01-08,20,3
店舗04,2026-01-08,21,3
店舗04,2026-01-09,8,2
店舗04,2026-01-09,9,3
店舗04,2026-01-09,10,4
店舗04,2026-01-09,11,4
店舗04,2026-01-09,12,5
店舗04,2026-01-09,13,4
店舗04,2026-01-09,14,4
店舗04,2026-01-09,15,3
店舗04,2026-01-09,16,3
店舗04,2026-01-09,17,4
店舗04,2026-01-09,18,4
店舗04,2026-01-09,19,5
店舗04,2026-01-09,20,3
店舗04,2026-01-09,21,4
店舗04,2026-01-10,8,2
店舗04,2026-01-10,9,4
店舗04,2026-01-10,10,3
店舗04,2026-01-10,11,3
店舗04,2026-01-10,12,3
店舗04,2026-01-10,13,4
店舗04,2026-01-10,14,2
店舗04,2026-01-10,15,4
店舗04,2026-01-10,16,3
店舗04,2026-01-10,17,4
店舗04,2026-01-10,18,3
店舗04,2026-01-10,19,4
店舗04,2026-01-10,20,2
店舗04,2026-01-10,21,3
店舗04,2026-01-11,8,4
店舗04,2026-01-11,9,2
店舗04,2026-01-11,10,4
店舗04,2026-01-11,11,4
店舗04,2026-01-11,12,4
店舗04,2026-01-11,13,3
店舗04,2026-01-11,14,3
店舗04,2026-01-11,15,3
店舗04,2026-01-11,16,4
店舗04,2026-01-11,17,4
店舗04,2026-01-11,18,4
店舗04,2026-01-11,19,4
店舗04,2026-01-11,20,3
店舗04,2026-01-11,21,2
店舗04,2026-01-12,8,2
店舗04,2026-01-12,9,3
店舗04,2026-01-12,10,3
店舗04,2026-01-12,11,5
店舗04,2026-01-12,12,4
店舗04,2026-01-12,13,2
店舗04,2026-01-12,14,3
店舗04,2026-01-12,15,3
店舗04,2026-01-12,16,2
店舗04,2026-01-12,17,3
店舗04,2026-01-12,18,3
店舗04,2026-01-12,19,2
店舗04,2026-01-12,20,3
店舗04,2026-01-12,21,4
店舗04,2026-01-13,8,2
店舗04,2026-01-13,9,3
店舗04,2026-01-13,10,3
店舗04,2026-01-13,11,4
店舗04,2026-01-13,12,3
店舗04,2026-01-13,13,4
店舗04,2026-01-13,14,4
店舗04,2026-01-13,15,2
店舗04,2026-01-13,16,3
店舗04,2026-01-13,17,5
店舗04,2026-01-13,18,3
店舗04,2026-01-13,19,5
店舗04,2026-01-13,20,3
店舗04,2026-01-13,21,3
店舗04,2026-01-14,8,3
店舗04,2026-01-14,9,4
店舗04,2026-01-14,10,3
店舗04,2026-01-14,11,4
店舗04,2026-01-14,12,5
店舗04,2026-01-14,13,4
店舗04,2026-01-14,14,3
店舗04,2026-01-14,15,3
店舗04,2026-01-14,16,3
店舗04,2026-01-14,17,4
店舗04,2026-01-14,18,4
店舗04,2026-01-14,19,5
店舗04,2026-01-14,20,2
店舗04,2026-01-14,21,3
店舗04,2026-01-15,8,3
店舗04,2026-01-15,9,2
店舗04,2026-01-15,10,3
店舗04,2026-01-15,11,3
店舗04,2026-01-15,12,4
店舗04,2026-01-15,13,2
店舗04,2026-01-15,14,3
店舗04,2026-01-15,15,3
店舗04,2026-01-15,16,2
店舗04,2026-01-15,17,5
店舗04,2026-01-15,18,4
店舗04,2026-01-15,19,3
店舗04,2026-01-15,20,2
店舗04,2026-01-15,21,4
店舗04,2026-01-16,8,4
店舗04,2026-01-16,9,2
店舗04,2026-01-16,10,2
店舗04,2026-01-16,11,4
店舗04,2026-01-16,12,4
店舗04,2026-01-16,13,2
店舗04,2026-01-16,14,4
店舗04,2026-01-16,15,2
店舗04,2026-01-16,16,2
店舗04,2026-01-16,17,4
店舗04,2026-01-16,18,5
店舗04,2026-01-16,19,2
店舗04,2026-01-16,20,4
店舗04,2026-01-16,21,3
店舗04,2026-01-17,8,3
店舗04,2026-01-17,9,3
店舗04,2026-01-17,10,4
店舗04,2026-01-17,11,4
店舗04,2026-01-17,12,3
店舗04,2026-01-17,13,3
店舗04,2026-01-17,14,2
店舗04,2026-01-17,15,3
店舗04,2026-01-17,16,5
店舗04,2026-01-17,17,4
店舗04,2026-01-17,18,5
店舗04,2026-01-17,19,3
店舗04,2026-01-17,20,4
店舗04,2026-01-17,21,5
店舗04,2026-01-18,8,4
店舗04,2026-01-18,9,4
店舗04,2026-01-18,10,4
店舗04,2026-01-18,11,3
店舗04,2026-01-18,12,5
店舗04,2026-01-18,13,4
店舗04,2026-01-18,14,4
店舗04,2026-01-18,15,3
店舗04,2026-01-18,16,4
店舗04,2026-01-18,17,3
店舗04,2026-01-18,18,3
店舗04,2026-01-18,19,4
店舗04,2026-01-18,20,3
店舗04,2026-01-18,21,4
店舗04,2026-01-19,8,3
店舗04,2026-01-19,9,3
店舗04,2026-01-19,10,2
店舗04,2026-01-19,11,5
店舗04,2026-01-19,12,5
店舗04,2026-01-19,13,2
店舗04,2026-01-19,14,4
店舗04,2026-01-19,15,2
店舗04,2026-01-19,16,2
店舗04,2026-01-19,17,3
店舗04,2026-01-19,18,4
店舗04,2026-01-19,19,4
店舗04,2026-01-19,20,4
店舗04,2026-01-19,21,3
店舗04,2026-01-20,8,3
店舗04,2026-01-20,9,3
店舗04,2026-01-20,10,4
店舗04,2026-01-20,11,4
店舗04,2026-01-20,12,4
店舗04,2026-01-20,13,3
店舗04,2026-01-20,14,3
店舗04,2026-01-20,15,2
店舗04,2026-01-20,16,3
店舗04,2026-01-20,17,4
店舗04,2026-01-20,18,5
店舗04,2026-01-20,19,5
店舗04,2026-01-20,20,3
店舗04,2026-01-20,21,3
店舗04,2026-01-21,8,3
店舗04,2026-01-21,9,4
店舗04,2026-01-21,10,3
店舗04,2026-01-21,11,4
店舗04,2026-01-21,12,3
店舗04,2026-01-21,13,4
店舗04,2026-01-21,14,4
店舗04,2026-01-21,15,3
店舗04,2026-01-21,16,4
店舗04,2026-01-21,17,4
店舗04,2026-01-21,18,3
店舗04,2026-01-21,19,3
店舗04,2026-01-21,20,3
店舗04,2026-01-21,21,3
店舗04,2026-01-22,8,2
店舗04,2026-01-22,9,4
店舗04,2026-01-22,10,2
店舗04,2026-01-22,11,2
店舗04,2026-01-22,12,4
店舗04,2026-01-22,13,4
店舗04,2026-01-22,14,3
店舗04,2026-01-22,15,4
店舗04,2026-01-22,16,4
店舗04,2026-01-22,17,4
店舗04,2026-01-22,18,4
店舗04,2026-01-22,19,3
店舗04,2026-01-22,20,3
店舗04,2026-01-22,21,2
店舗04,2026-01-23,8,3
店舗04,2026-01-23,9,3
店舗04,2026-01-23,10,4
店舗04,2026-01-23,11,5
店舗04,2026-01-23,12,3
店舗04,2026-01-23,13,2
店舗04,2026-01-23,14,4
店舗04,2026-01-23,15,3
店舗04,2026-01-23,16,4
店舗04,2026-01-23,17,4
店舗04,2026-01-23,18,5
店舗04,2026-01-23,19,5
店舗04,2026-01-23,20,3
店舗04,2026-01-23,21,3
店舗04,2026-01-24,8,4
店舗04,2026-01-24,9,4
店舗04,2026-01-24,10,3
店舗04,2026-01-24,11,5
店舗04,2026-01-24,12,4
店舗04,2026-01-24,13,3
店舗04,2026-01-24,14,4
店舗04,2026-01-24,15,5
店舗04,2026-01-24,16,3
店舗04,2026-01-24,17,4
店舗04,2026-01-24,18,5
店舗04,2026-01-24,19,4
店舗04,2026-01-24,20,4
店舗04,2026-01-24,21,4
店舗04,2026-01-25,8,3
店舗04,2026-01-25,9,3
店舗04,2026-01-25,10,3
店舗04,2026-01-25,11,4
店舗04,2026-01-25,12,5
店舗04,2026-01-25,13,5
店舗04,2026-01-25,14,4
店舗04,2026-01-25,15,3
店舗04,2026-01-25,16,4
店舗04,2026-01-25,17,3
店舗04,2026-01-25,18,3
店舗04,2026-01-25,19,4
店舗04,2026-01-25,20,3
店舗04,2026-01-25,21,4
店舗04,2026-01-26,8,3
店舗04,2026-01-26,9,4
店舗04,2026-01-26,10,3
店舗04,2026-01-26,11,4
店舗04,2026-01-26,12,4
店舗04,2026-01-26,13,4
店舗04,2026-01-26,14,4
店舗04,2026-01-26,15,3
店舗04,2026-01-26,16,2
店舗04,2026-01-26,17,3
店舗04,2026-01-26,18,4
店舗04,2026-01-26,19,4
店舗04,2026-01-26,20,3
店舗04,2026-01-26,21,3
店舗04,2026-01-27,8,3
店舗04,2026-01-27,9,3
店舗04,2026-01-27,10,2
店舗04,2026-01-27,11,4
店舗04,2026-01-27,12,5
店舗04,2026-01-27,13,3
店舗04,2026-01-27,14,3
店舗04,2026-01-27,15,3
店舗04,2026-01-27,16,2
店舗04,2026-01-27,17,3
店舗04,2026-01-27,18,3
店舗04,2026-01-27,19,3
店舗04,2026-01-27,20,3
店舗04,2026-01-27,21,2
店舗04,2026-01-28,8,3
店舗04,2026-01-28,9,3
店舗04,2026-01-28,10,4
店舗04,2026-01-28,11,4
店舗04,2026-01-28,12,4
店舗04,2026-01-28,13,4
店舗04,2026-01-28,14,2
店舗04,2026-01-28,15,3
店舗04,2026-01-28,16,3
店舗04,2026-01-28,17,5
店舗04,2026-01-28,18,4
店舗04,2026-01-28,19,2
店舗04,2026-01-28,20,2
店舗04,2026-01-28,21,2
店舗04,2026-01-29,8,3
店舗04,2026-01-29,9,3
店舗04,2026-01-29,10,3
店舗04,2026-01-29,11,3
店舗04,2026-01-29,12,2
店舗04,2026-01-29,13,3
店舗04,2026-01-29,14,4
店舗04,2026-01-29,15,2
店舗04,2026-01-29,16,3
店舗04,2026-01-29,17,4
店舗04,2026-01-29,18,4
店舗04,2026-01-29,19,4
店舗04,2026-01-29,20,2
店舗04,2026-01-29,21,2
店舗04,2026-01-30,8,3
店舗04,2026-01-30,9,4
店舗04,2026-01-30,10,2
店舗04,2026-01-30,11,4
店舗04,2026-01-30,12,4
店舗04,2026-01-30,13,3
店舗04,2026-01-30,14,2
店舗04,2026-01-30,15,3
店舗04,2026-01-30,16,3
店舗04,2026-01-30,17,4
店舗04,2026-01-30,18,4
店舗04,2026-01-30,19,4
店舗04,2026-01-30,20,2
店舗04,2026-01-30,21,4
店舗04,2026-01-31,8,3
店舗04,2026-01-31,9,4
店舗04,2026-01-31,10,4
店舗04,2026-01-31,11,4
店舗04,2026-01-31,12,5
店舗04,2026-01-31,13,4
店舗04,2026-01-31,14,5
店舗04,2026-01-31,15,4
店舗04,2026-01-31,16,4
店舗04,2026-01-31,17,4
店舗04,2026-01-31,18,3
店舗04,2026-01-31,19,5
店舗04,2026-01-31,20,4
店舗04,2026-01-31,21,2
店舗04,2026-02-01,8,3
店舗04,2026-02-01,9,4
店舗04,2026-02-01,10,4
店舗04,2026-02-01,11,3
店舗04,2026-02-01,12,4
店舗04,2026-02-01,13,5
店舗04,2026-02-01,14,5
店舗04,2026-02-01,15,3
店舗04,2026-02-01,16,5
店舗04,2026-02-01,17,3
店舗04,2026-02-01,18,3
店舗04,2026-02-01,19,5
店舗04,2026-02-01,20,4
店舗04,2026-02-01,21,3
店舗04,2026-02-02,8,3
店舗04,2026-02-02,9,3
店舗04,2026-02-02,10,3
店舗04,2026-02-02,11,3
店舗04,2026-02-02,12,5
店舗04,2026-02-02,13,5
店舗04,2026-02-02,14,3
店舗04,2026-02-02,15,4
店舗04,2026-02-02,16,2
店舗04,2026-02-02,17,3
店舗04,2026-02-02,18,4
店舗04,2026-02-02,19,3
店舗04,2026-02-02,20,4
店舗04,2026-02-02,21,3
店舗04,2026-02-03,8,3
店舗04,2026-02-03,9,2
店舗04,2026-02-03,10,3
店舗04,2026-02-03,11,3
店舗04,2026-02-03,12,3
店舗04,2026-02-03,13,3
店舗04,2026-02-03,14,4
店舗04,2026-02-03,15,2
店舗04,2026-02-03,16,2
店舗04,2026-02-03,17,3
店舗04,2026-02-03,18,4
店舗04,2026-02-03,19,4
店舗04,2026-02-03,20,3
店舗04,2026-02-03,21,3
店舗04,2026-02-04,8,3
店舗04,2026-02-04,9,4
店舗04,2026-02-04,10,3
店舗04,2026-02-04,11,4
店舗04,2026-02-04,12,3
店舗04,2026-02-04,13,3
店舗04,2026-02-04,14,4
店舗04,2026-02-04,15,4
店舗04,2026-02-04,16,3
店舗04,2026-02-04,17,3
店舗04,2026-02-04,18,5
店舗04,2026-02-04,19,3
店舗04,2026-02-04,20,4
店舗04,2026-02-04,21,3
店舗04,2026-02-05,8,3
店舗04,2026-02-05,9,3
店舗04,2026-02-05,10,3
店舗04,2026-02-05,11,3
店舗04,2026-02-05,12,4
店舗04,2026-02-05,13,5
店舗04,2026-02-05,14,4
店舗04,2026-02-05,15,3
店舗04,2026-02-05,16,4
店舗04,2026-02-05,17,3
店舗04,2026-02-05,18,4
店舗04,2026-02-05,19,3
店舗04,2026-02-05,20,2
店舗04,2026-02-05,21,4
店舗04,2026-02-06,8,3
店舗04,2026-02-06,9,4
店舗04,2026-02-06,10,2
店舗04,2026-02-06,11,5
店舗04,2026-02-06,12,5
店舗04,2026-02-06,13,4
店舗04,2026-02-06,14,2
店舗04,2026-02-06,15,3
店舗04,2026-02-06,16,3
店舗04,2026-02-06,17,3
店舗04,2026-02-06,18,3
店舗04,2026-02-06,19,4
店舗04,2026-02-06,20,4
店舗04,2026-02-06,21,4
店舗04,2026-02-07,8,3
店舗04,2026-02-07,9,3
店舗04,2026-02-07,10,3
店舗04,2026-02-07,11,4
店舗04,2026-02-07,12,4
店舗04,2026-02-07,13,4
店舗04,2026-02-07,14,3
店舗04,2026-02-07,15,5
店舗04,2026-02-07,16,4
店舗04,2026-02-07,17,5
店舗04,2026-02-07,18,5
店舗04,2026-02-07,19,3
店舗04,2026-02-07,20,4
店舗04,2026-02-07,21,3
店舗04,2026-02-08,8,4
店舗04,2026-02-08,9,3
店舗04,2026-02-08,10,5
店舗04,2026-02-08,11,3
店舗04,2026-02-08,12,5
店舗04,2026-02-08,13,3
店舗04,2026-02-08,14,4
店舗04,2026-02-08,15,4
店舗04,2026-02-08,16,5
店舗04,2026-02-08,17,4
店舗04,2026-02-08,18,4
店舗04,2026-02-08,19,5
店舗04,2026-02-08,20,5
店舗04,2026-02-08,21,4
店舗04,2026-02-09,8,3
店舗04,2026-02-09,9,3
店舗04,2026-02-09,10,4
店舗04,2026-02-09,11,4
店舗04,2026-02-09,12,3
店舗04,2026-02-09,13,2
店舗04,2026-02-09,14,3
店舗04,2026-02-09,15,4
店舗04,2026-02-09,16,4
店舗04,2026-02-09,17,2
店舗04,2026-02-09,18,4
店舗04,2026-02-09,19,3
店舗04,2026-02-09,20,4
店舗04,2026-02-09,21,2
店舗04,2026-02-10,8,3
店舗04,2026-02-10,9,3
店舗04,2026-02-10,10,4
店舗04,2026-02-10,11,3
店舗04,2026-02-10,12,4
店舗04,2026-02-10,13,5
店舗04,2026-02-10,14,4
店舗04,2026-02-10,15,3
店舗04,2026-02-10,16,4
店舗04,2026-02-10,17,3
店舗04,2026-02-10,18,4
店舗04,2026-02-10,19,4
店舗04,2026-02-10,20,3
店舗04,2026-02-10,21,3
店舗04,2026-02-11,8,4
店舗04,2026-02-11,9,4
店舗04,2026-02-11,10,2
店舗04,2026-02-11,11,4
店舗04,2026-02-11,12,4
店舗04,2026-02-11,13,4
店舗04,2026-02-11,14,2
店舗04,2026-02-11,15,2
店舗04,2026-02-11,16,2
店舗04,2026-02-11,17,3
店舗04,2026-02-11,18,4
店舗04,2026-02-11,19,4
店舗04,2026-02-11,20,3
店舗04,2026-02-11,21,3
店舗04,2026-02-12,8,2
店舗04,2026-02-12,9,3
店舗04,2026-02-12,10,3
店舗04,2026-02-12,11,4
店舗04,2026-02-12,12,4
店舗04,2026-02-12,13,4
店舗04,2026-02-12,14,2
店舗04,2026-02-12,15,4
店舗04,2026-02-12,16,3
店舗04,2026-02-12,17,4
店舗04,2026-02-12,18,3
店舗04,2026-02-12,19,3
店舗04,2026-02-12,20,3
店舗04,2026-02-12,21,2
店舗04,2026-02-13,8,2
店舗04,2026-02-13,9,3
店舗04,2026-02-13,10,3
店舗04,2026-02-13,11,5
店舗04,2026-02-13,12,4
店舗04,2026-02-13,13,3
店舗04,2026-02-13,14,4
店舗04,2026-02-13,15,3
店舗04,2026-02-13,16,2
店舗04,2026-02-13,17,4
店舗04,2026-02-13,18,4
店舗04,2026-02-13,19,4
店舗04,2026-02-13,20,3
店舗04,2026-02-13,21,3
店舗04,2026-02-14,8,3
店舗04,2026-02-14,9,3
店舗04,2026-02-14,10,3
店舗04,2026-02-14,11,3
店舗04,2026-02-14,12,3
店舗04,2026-02-14,13,3
店舗04,2026-02-14,14,4
店舗04,2026-02-14,15,2
店舗04,2026-02-14,16,4
店舗04,2026-02-14,17,3
店舗04,2026-02-14,18,4
店舗04,2026-02-14,19,4
店舗04,2026-02-14,20,4
店舗04,2026-02-14,21,3
店舗04,2026-02-15,8,3
店舗04,2026-02-15,9,2
店舗04,2026-02-15,10,3
店舗04,2026-02-15,11,3
店舗04,2026-02-15,12,4
店舗04,2026-02-15,13,4
店舗04,2026-02-15,14,4
店舗04,2026-02-15,15,3
店舗04,2026-02-15,16,3
店舗04,2026-02-15,17,4
店舗04,2026-02-15,18,4
店舗04,2026-02-15,19,5
店舗04,2026-02-15,20,5
店舗04,2026-02-15,21,3
店舗04,2026-02-16,8,3
店舗04,2026-02-16,9,3
店舗04,2026-02-16,10,3
店舗04,2026-02-16,11,5
店舗04,2026-02-16,12,4
店舗04,2026-02-16,13,3
店舗04,2026-02-16,14,2
店舗04,2026-02-16,15,4
店舗04,2026-02-16,16,3
店舗04,2026-02-16,17,3
店舗04,2026-02-16,18,4
店舗04,2026-02-16,19,5
店舗04,2026-02-16,20,4
店舗04,2026-02-16,21,2
店舗04,2026-02-17,8,3
店舗04,2026-02-17,9,3
店舗04,2026-02-17,10,3
店舗04,2026-02-17,11,3
店舗04,2026-02-17,12,4
店舗04,2026-02-17,13,3
店舗04,2026-02-17,14,3
店舗04,2026-02-17,15,3
店舗04,2026-02-17,16,2
店舗04,2026-02-17,17,3
店舗04,2026-02-17,18,3
店舗04,2026-02-17,19,3
店舗04,2026-02-17,20,4
店舗04,2026-02-17,21,2
店舗04,2026-02-18,8,2
店舗04,2026-02-18,9,4
店舗04,2026-02-18,10,3
店舗04,2026-02-18,11,4
店舗04,2026-02-18,12,3
店舗04,2026-02-18,13,3
店舗04,2026-02-18,14,3
店舗04,2026-02-18,15,4
店舗04,2026-02-18,16,5
店舗04,2026-02-18,17,5
店舗04,2026-02-18,18,4
店舗04,2026-02-18,19,4
店舗04,2026-02-18,20,2
店舗04,2026-02-18,21,3
店舗04,2026-02-19,8,2
店舗04,2026-02-19,9,2
店舗04,2026-02-19,10,2
店舗04,2026-02-19,11,3
店舗04,2026-02-19,12,4
店舗04,2026-02-19,13,4
店舗04,2026-02-19,14,3
店舗04,2026-02-19,15,2
店舗04,2026-02-19,16,3
店舗04,2026-02-19,17,5
店舗04,2026-02-19,18,5
店舗04,2026-02-19,19,5
店舗04,2026-02-19,20,4
店舗04,2026-02-19,21,4
店舗04,2026-02-20,8,2
店舗04,2026-02-20,9,3
店舗04,2026-02-20,10,3
店舗04,2026-02-20,11,4
店舗04,2026-02-20,12,5
店舗04,2026-02-20,13,3
店舗04,2026-02-20,14,2
店舗04,2026-02-20,15,2
店舗04,2026-02-20,16,3
店舗04,2026-02-20,17,5
店舗04,2026-02-20,18,4
店舗04,2026-02-20,19,4
店舗04,2026-02-20,20,3
店舗04,2026-02-20,21,3
店舗04,2026-02-21,8,2
店舗04,2026-02-21,9,4
店舗04,2026-02-21,10,3
店舗04,2026-02-21,11,5
店舗04,2026-02-21,12,4
店舗04,2026-02-21,13,4
店舗04,2026-02-21,14,4
店舗04,2026-02-21,15,2
店舗04,2026-02-21,16,2
店舗04,2026-02-21,17,4
店舗04,2026-02-21,18,3
店舗04,2026-02-21,19,4
店舗04,2026-02-21,20,3
店舗04,2026-02-21,21,3
店舗04,2026-02-22,8,2
店舗04,2026-02-22,9,3
店舗04,2026-02-22,10,4
店舗04,2026-02-22,11,4
店舗04,2026-02-22,12,5
店舗04,2026-02-22,13,5
店舗04,2026-02-22,14,4
店舗04,2026-02-22,15,2
店舗04,2026-02-22,16,2
店舗04,2026-02-22,17,5
店舗04,2026-02-22,18,3
店舗04,2026-02-22,19,4
店舗04,2026-02-22,20,3
店舗04,2026-02-22,21,5
店舗04,2026-02-23,8,3
店舗04,2026-02-23,9,4
店舗04,2026-02-23,10,4
店舗04,2026-02-23,11,4
店舗04,2026-02-23,12,4
店舗04,2026-02-23,13,3
店舗04,2026-02-23,14,3
店舗04,2026-02-23,15,3
店舗04,2026-02-23,16,4
店舗04,2026-02-23,17,4
店舗04,2026-02-23,18,4
店舗04,2026-02-23,19,3
店舗04,2026-02-23,20,4
店舗04,2026-02-23,21,3
店舗04,2026-02-24,8,3
店舗04,2026-02-24,9,3
店舗04,2026-02-24,10,4
店舗04,2026-02-24,11,3
店舗04,2026-02-24,12,5
店舗04,2026-02-24,13,3
店舗04,2026-02-24,14,2
店舗04,2026-02-24,15,3
店舗04,2026-02-24,16,2
店舗04,2026-02-24,17,3
店舗04,2026-02-24,18,5
店舗04,2026-02-24,19,3
店舗04,2026-02-24,20,4
店舗04,2026-02-24,21,3
店舗04,2026-02-25,8,3
店舗04,2026-02-25,9,3
店舗04,2026-02-25,10,3
店舗04,2026-02-25,11,5
店舗04,2026-02-25,12,4
店舗04,2026-02-25,13,2
店舗04,2026-02-25,14,3
店舗04,2026-02-25,15,3
店舗04,2026-02-25,16,3
店舗04,2026-02-25,17,4
店舗04,2026-02-25,18,4
店舗04,2026-02-25,19,3
店舗04,2026-02-25,20,2
店舗04,2026-02-25,21,3
店舗04,2026-02-26,8,2
店舗04,2026-02-26,9,3
店舗04,2026-02-26,10,3
店舗04,2026-02-26,11,4
店舗04,2026-02-26,12,4
店舗04,2026-02-26,13,2
店舗04,2026-02-26,14,4
店舗04,2026-02-26,15,2
店舗04,2026-02-26,16,2
店舗04,2026-02-26,17,4
店舗04,2026-02-26,18,4
店舗04,2026-02-26,19,2
店舗04,2026-02-26,20,4
店舗04,2026-02-26,21,3
店舗04,2026-02-27,8,3
店舗04,2026-02-27,9,4
店舗04,2026-02-27,10,3
店舗04,2026-02-27,11,3
店舗04,2026-02-27,12,4
店舗04,2026-02-27,13,4
店舗04,2026-02-27,14,3
店舗04,2026-02-27,15,3
店舗04,2026-02-27,16,2
店舗04,2026-02-27,17,3
店舗04,2026-02-27,18,4
店舗04,2026-02-27,19,5
店舗04,2026-02-27,20,3
店舗04,2026-02-27,21,3
店舗04,2026-02-28,8,3
店舗04,2026-02-28,9,2
店舗04,2026-02-28,10,3
店舗04,2026-02-28,11,4
店舗04,2026-02-28,12,3
店舗04,2026-02-28,13,3
店舗04,2026-02-28,14,3
店舗04,2026-02-28,15,4
店舗04,2026-02-28,16,3
店舗04,2026-02-28,17,5
店舗04,2026-02-28,18,4
店舗04,2026-02-28,19,4
店舗04,2026-02-28,20,3
店舗04,2026-02-28,21,3
店舗04,2026-03-01,8,3
店舗04,2026-03-01,9,3
店舗04,2026-03-01,10,3
店舗04,2026-03-01,11,4
店舗04,2026-03-01,12,3
店舗04,2026-03-01,13,3
店舗04,2026-03-01,14,5
店舗04,2026-03-01,15,5
店舗04,2026-03-01,16,3
店舗04,2026-03-01,17,5
店舗04,2026-03-01,18,5
店舗04,2026-03-01,19,5
店舗04,2026-03-01,20,3
店舗04,2026-03-01,21,4
店舗05,2026-01-05,8,2
店舗05,2026-01-05,9,2
店舗05,2026-01-05,10,3
店舗05,2026-01-05,11,3
店舗05,2026-01-05,12,4
店舗05,2026-01-05,13,4
店舗05,2026-01-05,14,2
店舗05,2026-01-05,15,3
店舗05,2026-01-05,16,3
店舗05,2026-01-05,17,4
店舗05,2026-01-05,18,3
店舗05,2026-01-05,19,4
店舗05,2026-01-05,20,3
店舗05,2026-01-05,21,4
店舗05,2026-01-06,8,4
店舗05,2026-01-06,9,3
店舗05,2026-01-06,10,4
店舗05,2026-01-06,11,3
店舗05,2026-01-06,12,5
店舗05,2026-01-06,13,4
店舗05,2026-01-06,14,4
店舗05,2026-01-06,15,3
店舗05,2026-01-06,16,4
店舗05,2026-01-06,17,4
店舗05,2026-01-06,18,5
店舗05,2026-01-06,19,4
店舗05,2026-01-06,20,3
店舗05,2026-01-06,21,4
店舗05,2026-01-07,8,4
店舗05,2026-01-07,9,2
店舗05,2026-01-07,10,3
店舗05,2026-01-07,11,4
店舗05,2026-01-07,12,4
店舗05,2026-01-07,13,4
店舗05,2026-01-07,14,3
店舗05,2026-01-07,15,3
店舗05,2026-01-07,16,3
店舗05,2026-01-07,17,4
店舗05,2026-01-07,18,5
店舗05,2026-01-07,19,5
店舗05,2026-01-07,20,4
店舗05,2026-01-07,21,3
店舗05,2026-01-08,8,2
店舗05,2026-01-08,9,3
店舗05,2026-01-08,10,2
店舗05,2026-01-08,11,4
店舗05,2026-01-08,12,3
店舗05,2026-01-08,13,4
店舗05,2026-01-08,14,2
店舗05,2026-01-08,15,3
店舗05,2026-01-08,16,4
店舗05,2026-01-08,17,3
店舗05,2026-01-08,18,3
店舗05,2026-01-08,19,4
店舗05,2026-01-08,20,2
店舗05,2026-01-08,21,4
店舗05,2026-01-09,8,3
店舗05,2026-01-09,9,4
店舗05,2026-01-09,10,3
店舗05,2026-01-09,11,3
店舗05,2026-01-09,12,3
店舗05,2026-01-09,13,4
店舗05,2026-01-09,14,3
店舗05,2026-01-09,15,4
店舗05,2026-01-09,16,5
店舗05,2026-01-09,17,3
店舗05,2026-01-09,18,4
店舗05,2026-01-09,19,3
店舗05,2026-01-09,20,4
店舗05,2026-01-09,21,2
店舗05,2026-01-10,8,2
店舗05,2026-01-10,9,3
店舗05,2026-01-10,10,4
店舗05,2026-01-10,11,4
店舗05,2026-01-10,12,3
店舗05,2026-01-10,13,3
店舗05,2026-01-10,14,4
店舗05,2026-01-10,15,4
店舗05,2026-01-10,16,4
店舗05,2026-01-10,17,5
店舗05,2026-01-10,18,4
店舗05,2026-01-10,19,3
店舗05,2026-01-10,20,5
店舗05,2026-01-10,21,3
店舗05,2026-01-11,8,3
店舗05,2026-01-11,9,4
店舗05,2026-01-11,10,3
店舗05,2026-01-11,11,3
店舗05,2026-01-11,12,5
店舗05,2026-01-11,13,4
店舗05,2026-01-11,14,4
店舗05,2026-01-11,15,3
店舗05,2026-01-11,16,3
店舗05,2026-01-11,17,3
店舗05,2026-01-11,18,3
店舗05,2026-01-11,19,3
店舗05,2026-01-11,20,5
店舗05,2026-01-11,21,2
店舗05,2026-01-12,8,3
店舗05,2026-01-12,9,2
店舗05,2026-01-12,10,3
店舗05,2026-01-12,11,4
店舗05,2026-01-12,12,5
店舗05,2026-01-12,13,3
店舗05,2026-01-12,14,5
店舗05,2026-01-12,15,4
店舗05,2026-01-12,16,4
店舗05,2026-01-12,17,3
店舗05,2026-01-12,18,4
店舗05,2026-01-12,19,5
店舗05,2026-01-12,20,5
店舗05,2026-01-12,21,3
店舗05,2026-01-13,8,3
店舗05,2026-01-13,9,3
店舗05,2026-01-13,10,3
店舗05,2026-01-13,11,5
店舗05,2026-01-13,12,4
店舗05,2026-01-13,13,4
店舗05,2026-01-13,14,2
店舗05,2026-01-13,15,3
店舗05,2026-01-13,16,4
店舗05,2026-01-13,17,4
店舗05,2026-01-13,18,3
店舗05,2026-01-13,19,5
店舗05,2026-01-13,20,4
店舗05,2026-01-13,21,2
店舗05,2026-01-14,8,4
店舗05,2026-01-14,9,3
店舗05,2026-01-14,10,3
店舗05,2026-01-14,11,4
店舗05,2026-01-14,12,5
店舗05,2026-01-14,13,3
店舗05,2026-01-14,14,2
店舗05,2026-01-14,15,2
店舗05,2026-01-14,16,3
店舗05,2026-01-14,17,4
店舗05,2026-01-14,18,4
店舗05,2026-01-14,19,5
店舗05,2026-01-14,20,2
店舗05,2026-01-14,21,2
店舗05,2026-01-15,8,3
店舗05,2026-01-15,9,3
店舗05,2026-01-15,10,4
店舗05,2026-01-15,11,3
店舗05,2026-01-15,12,5
店舗05,2026-01-15,13,5
店舗05,2026-01-15,14,3
店舗05,2026-01-15,15,3
店舗05,2026-01-15,16,3
店舗05,2026-01-15,17,4
店舗05,2026-01-15,18,4
店舗05,2026-01-15,19,4
店舗05,2026-01-15,20,3
店舗05,2026-01-15,21,3
店舗05,2026-01-16,8,2
店舗05,2026-01-16,9,3
店舗05,2026-01-16,10,2
店舗05,2026-01-16,11,4
店舗05,2026-01-16,12,4
店舗05,2026-01-16,13,4
店舗05,2026-01-16,14,4
店舗05,2026-01-16,15,4
店舗05,2026-01-16,16,4
店舗05,2026-01-16,17,4
店舗05,2026-01-16,18,4
店舗05,2026-01-16,19,5
店舗05,2026-01-16,20,2
店舗05,2026-01-16,21,3
店舗05,2026-01-17,8,3
店舗05,2026-01-17,9,3
店舗05,2026-01-17,10,2
店舗05,2026-01-17,11,3
店舗05,2026-01-17,12,4
店舗05,2026-01-17,13,5
店舗05,2026-01-17,14,4
店舗05,2026-01-17,15,4
店舗05,2026-01-17,16,5
店舗05,2026-01-17,17,3
店舗05,2026-01-17,18,5
店舗05,2026-01-17,19,3
店舗05,2026-01-17,20,4
店舗05,2026-01-17,21,4
店舗05,2026-01-18,8,3
店舗05,2026-01-18,9,3
店舗05,2026-01-18,10,3
店舗05,2026-01-18,11,4
店舗05,2026-01-18,12,5
店舗05,2026-01-18,13,4
店舗05,2026-01-18,14,4
店舗05,2026-01-18,15,3
店舗05,2026-01-18,16,4
店舗05,2026-01-18,17,5
店舗05,2026-01-18,18,5
店舗05,2026-01-18,19,3
店舗05,2026-01-18,20,5
店舗05,2026-01-18,21,3
店舗05,2026-01-19,8,2
店舗05,2026-01-19,9,4
店舗05,2026-01-19,10,4
店舗05,2026-01-19,11,3
店舗05,2026-01-19,12,4
店舗05,2026-01-19,13,3
店舗05,2026-01-19,14,4
店舗05,2026-01-19,15,3
店舗05,2026-01-19,16,3
店舗05,2026-01-19,17,3
店舗05,2026-01-19,18,4
店舗05,2026-01-19,19,5
店舗05,2026-01-19,20,2
店舗05,2026-01-19,21,3
店舗05,2026-01-20,8,4
店舗05,2026-01-20,9,4
店舗05,2026-01-20,10,4
店舗05,2026-01-20,11,3
店舗05,2026-01-20,12,5
店舗05,2026-01-20,13,5
店舗05,2026-01-20,14,4
店舗05,2026-01-20,15,3
店舗05,2026-01-20,16,3
店舗05,2026-01-20,17,4
店舗05,2026-01-20,18,4
店舗05,2026-01-20,19,3
店舗05,2026-01-20,20,4
店舗05,2026-01-20,21,3
店舗05,2026-01-21,8,2
店舗05,2026-01-21,9,4
店舗05,2026-01-21,10,3
店舗05,2026-01-21,11,5
店舗05,2026-01-21,12,3
店舗05,2026-01-21,13,3
店舗05,2026-01-21,14,3
店舗05,2026-01-21,15,4
店舗05,2026-01-21,16,5
店舗05,2026-01-21,17,4
店舗05,2026-01-21,18,3
店舗05,2026-01-21,19,3
店舗05,2026-01-21,20,2
店舗05,2026-01-21,21,3
店舗05,2026-01-22,8,3
店舗05,2026-01-22,9,3
店舗05,2026-01-22,10,3
店舗05,2026-01-22,11,3
店舗05,2026-01-22,12,4
店舗05,2026-01-22,13,4
店舗05,2026-01-22,14,2
店舗05,2026-01-22,15,4
店舗05,2026-01-22,16,4
店舗05,2026-01-22,17,3
店舗05,2026-01-22,18,3
店舗05,2026-01-22,19,4
店舗05,2026-01-22,20,2
店舗05,2026-01-22,21,3
店舗05,2026-01-23,8,2
店舗05,2026-01-23,9,3
店舗05,2026-01-23,10,4
店舗05,2026-01-23,11,3
店舗05,2026-01-23,12,4
店舗05,2026-01-23,13,4
店舗05,2026-01-23,14,3
店舗05,2026-01-23,15,2
店舗05,2026-01-23,16,3
店舗05,2026-01-23,17,4
店舗05,2026-01-23,18,4
店舗05,2026-01-23,19,4
店舗05,2026-01-23,20,2
店舗05,2026-01-23,21,2
店舗05,2026-01-24,8,3
店舗05,2026-01-24,9,3
店舗05,2026-01-24,10,3
店舗05,2026-01-24,11,3
店舗05,2026-01-24,12,4
店舗05,2026-01-24,13,3
店舗05,2026-01-24,14,5
店舗05,2026-01-24,15,4
店舗05,2026-01-24,16,4
店舗05,2026-01-24,17,4
店舗05,2026-01-24,18,4
店舗05,2026-01-24,19,4
店舗05,2026-01-24,20,3
店舗05,2026-01-24,21,3
店舗05,2026-01-25,8,3
店舗05,2026-01-25,9,3
店舗05,2026-01-25,10,3
店舗05,2026-01-25,11,3
店舗05,2026-01-25,12,4
店舗05,2026-01-25,13,5
店舗05,2026-01-25,14,4
店舗05,2026-01-25,15,4
店舗05,2026-01-25,16,3
店舗05,2026-01-25,17,3
店舗05,2026-01-25,18,4
店舗05,2026-01-25,19,4
店舗05,2026-01-25,20,4
店舗05,2026-01-25,21,2
店舗05,2026-01-26,8,3
店舗05,2026-01-26,9,3
店舗05,2026-01-26,10,3
店舗05,2026-01-26,11,3
店舗05,2026-01-26,12,5
店舗05,2026-01-26,13,3
店舗05,2026-01-26,14,4
店舗05,2026-01-26,15,3
店舗05,2026-01-26,16,4
店舗05,2026-01-26,17,4
店舗05,2026-01-26,18,5
店舗05,2026-01-26,19,3
店舗05,2026-01-26,20,2
店舗05,2026-01-26,21,2
店舗05,2026-01-27,8,3
店舗05,2026-01-27,9,3
店舗05,2026-01-27,10,2
店舗05,2026-01-27,11,2
店舗05,2026-01-27,12,5
店舗05,2026-01-27,13,5
店舗05,2026-01-27,14,3
店舗05,2026-01-27,15,3
店舗05,2026-01-27,16,2
店舗05,2026-01-27,17,3
店舗05,2026-01-27,18,3
店舗05,2026-01-27,19,4
店舗05,2026-01-27,20,4
店舗05,2026-01-27,21,4
店舗05,2026-01-28,8,3
店舗05,2026-01-28,9,3
店舗05,2026-01-28,10,2
店舗05,2026-01-28,11,4
店舗05,2026-01-28,12,3
店舗05,2026-01-28,13,5
店舗05,2026-01-28,14,2
店舗05,2026-01-28,15,2
店舗05,2026-01-28,16,3
店舗05,2026-01-28,17,3
店舗05,2026-01-28,18,3
店舗05,2026-01-28,19,3
店舗05,2026-01-28,20,2
店舗05,2026-01-28,21,3
店舗05,2026-01-29,8,3
店舗05,2026-01-29,9,3
店舗05,2026-01-29,10,3
店舗05,2026-01-29,11,3
店舗05,2026-01-29,12,4
店舗05,2026-01-29,13,3
店舗05,2026-01-29,14,3
店舗05,2026-01-29,15,3
店舗05,2026-01-29,16,4
店舗05,2026-01-29,17,3
店舗05,2026-01-29,18,5
店舗05,2026-01-29,19,5
店舗05,2026-01-29,20,5
店舗05,2026-01-29,21,3
店舗05,2026-01-30,8,4
店舗05,2026-01-30,9,4
店舗05,2026-01-30,10,3
店舗05,2026-01-30,11,3
店舗05,2026-01-30,12,5
店舗05,2026-01-30,13,3
店舗05,2026-01-30,14,3
店舗05,2026-01-30,15,3
店舗05,2026-01-30,16,4
店舗05,2026-01-30,17,4
店舗05,2026-01-30,18,4
店舗05,2026-01-30,19,4
店舗05,2026-01-30,20,2
店舗05,2026-01-30,21,4
店舗05,2026-01-31,8,2
店舗05,2026-01-31,9,4
店舗05,2026-01-31,10,5
店舗05,2026-01-31,11,4
店舗05,2026-01-31,12,4
店舗05,2026-01-31,13,5
店舗05,2026-01-31,14,4
店舗05,2026-01-31,15,4
店舗05,2026-01-31,16,5
店舗05,2026-01-31,17,5
店舗05,2026-01-31,18,5
店舗05,2026-01-31,19,3
店舗05,2026-01-31,20,3
店舗05,2026-01-31,21,3
店舗05,2026-02-01,8,3
店舗05,2026-02-01,9,3
店舗05,2026-02-01,10,4
店舗05,2026-02-01,11,4
店舗05,2026-02-01,12,5
店舗05,2026-02-01,13,4
店舗05,2026-02-01,14,3
店舗05,2026-02-01,15,4
店舗05,2026-02-01,16,4
店舗05,2026-02-01,17,4
店舗05,2026-02-01,18,4
店舗05,2026-02-01,19,4
店舗05,2026-02-01,20,2
店舗05,2026-02-01,21,3
店舗05,2026-02-02,8,2
店舗05,2026-02-02,9,3
店舗05,2026-02-02,10,5
店舗05,2026-02-02,11,3
店舗05,2026-02-02,12,4
店舗05,2026-02-02,13,3
店舗05,2026-02-02,14,4
店舗05,2026-02-02,15,2
店舗05,2026-02-02,16,2
店舗05,2026-02-02,17,5
店舗05,2026-02-02,18,5
店舗05,2026-02-02,19,5
店舗05,2026-02-02,20,4
店舗05,2026-02-02,21,3
店舗05,2026-02-03,8,3
店舗05,2026-02-03,9,2
店舗05,2026-02-03,10,3
店舗05,2026-02-03,11,3
店舗05,2026-02-03,12,4
店舗05,2026-02-03,13,2
店舗05,2026-02-03,14,2
店舗05,2026-02-03,15,3
店舗05,2026-02-03,16,3
店舗05,2026-02-03,17,3
店舗05,2026-02-03,18,4
店舗05,2026-02-03,19,5
店舗05,2026-02-03,20,3
店舗05,2026-02-03,21,4
店舗05,2026-02-04,8,3
店舗05,2026-02-04,9,2
店舗05,2026-02-04,10,2
店舗05,2026-02-04,11,4
店舗05,2026-02-04,12,3
店舗05,2026-02-04,13,4
店舗05,2026-02-04,14,4
店舗05,2026-02-04,15,3
店舗05,2026-02-04,16,4
店舗05,2026-02-04,17,3
店舗05,2026-02-04,18,4
店舗05,2026-02-04,19,4
店舗05,2026-02-04,20,4
店舗05,2026-02-04,21,3
店舗05,2026-02-05,8,3
店舗05,2026-02-05,9,3
店舗05,2026-02-05,10,4
店舗05,2026-02-05,11,4
店舗05,2026-02-05,12,4
店舗05,2026-02-05,13,5
店舗05,2026-02-05,14,3
店舗05,2026-02-05,15,4
店舗05,2026-02-05,16,3
店舗05,2026-02-05,17,4
店舗05,2026-02-05,18,4
店舗05,2026-02-05,19,5
店舗05,2026-02-05,20,2
店舗05,2026-02-05,21,2
店舗05,2026-02-06,8,3
店舗05,2026-02-06,9,3
店舗05,2026-02-06,10,3
店舗05,2026-02-06,11,4
店舗05,2026-02-06,12,5
店舗05,2026-02-06,13,4
店舗05,2026-02-06,14,3
店舗05,2026-02-06,15,3
店舗05,2026-02-06,16,3
店舗05,2026-02-06,17,5
店舗05,2026-02-06,18,3
店舗05,2026-02-06,19,4
店舗05,2026-02-06,20,2
店舗05,2026-02-06,21,3
店舗05,2026-02-07,8,3
店舗05,2026-02-07,9,3
店舗05,2026-02-07,10,3
店舗05,2026-02-07,11,4
店舗05,2026-02-07,12,4
店舗05,2026-02-07,13,3
店舗05,2026-02-07,14,4
店舗05,2026-02-07,15,4
店舗05,2026-02-07,16,3
店舗05,2026-02-07,17,4
店舗05,2026-02-07,18,4
店舗05,2026-02-07,19,4
店舗05,2026-02-07,20,3
店舗05,2026-02-07,21,4
店舗05,2026-02-08,8,4
店舗05,2026-02-08,9,3
店舗05,2026-02-08,10,4
店舗05,2026-02-08,11,4
店舗05,2026-02-08,12,5
店舗05,2026-02-08,13,5
店舗05,2026-02-08,14,5
店舗05,2026-02-08,15,4
店舗05,2026-02-08,16,5
店舗05,2026-02-08,17,5
店舗05,2026-02-08,18,4
店舗05,2026-02-08,19,5
店舗05,2026-02-08,20,4
店舗05,2026-02-08,21,3
店舗05,2026-02-09,8,4
店舗05,2026-02-09,9,3
店舗05,2026-02-09,10,5
店舗05,2026-02-09,11,4
店舗05,2026-02-09,12,4
店舗05,2026-02-09,13,4
店舗05,2026-02-09,14,2
店舗05,2026-02-09,15,4
店舗05,2026-02-09,16,4
店舗05,2026-02-09,17,4
店舗05,2026-02-09,18,4
店舗05,2026-02-09,19,5
店舗05,2026-02-09,20,4
店舗05,2026-02-09,21,4
店舗05,2026-02-10,8,2
店舗05,2026-02-10,9,2
店舗05,2026-02-10,10,4
店舗05,2026-02-10,11,4
店舗05,2026-02-10,12,3
店舗05,2026-02-10,13,4
店舗05,2026-02-10,14,4
店舗05,2026-02-10,15,3
店舗05,2026-02-10,16,3
店舗05,2026-02-10,17,5
店舗05,2026-02-10,18,3
店舗05,2026-02-10,19,3
店舗05,2026-02-10,20,4
店舗05,2026-02-10,21,4
店舗05,2026-02-11,8,2
店舗05,2026-02-11,9,3
店舗05,2026-02-11,10,4
店舗05,2026-02-11,11,4
店舗05,2026-02-11,12,4
店舗05,2026-02-11,13,3
店舗05,2026-02-11,14,4
店舗05,2026-02-11,15,2
店舗05,2026-02-11,16,2
店舗05,2026-02-11,17,4
店舗05,2026-02-11,18,3
店舗05,2026-02-11,19,4
店舗05,2026-02-11,20,3
店舗05,2026-02-11,21,2
店舗05,2026-02-12,8,4
店舗05,2026-02-12,9,3
店舗05,2026-02-12,10,3
店舗05,2026-02-12,11,4
店舗05,2026-02-12,12,3
店舗05,2026-02-12,13,4
店舗05,2026-02-12,14,3
店舗05,2026-02-12,15,3
店舗05,2026-02-12,16,4
店舗05,2026-02-12,17,5
店舗05,2026-02-12,18,3
店舗05,2026-02-12,19,5
店舗05,2026-02-12,20,3
店舗05,2026-02-12,21,3
店舗05,2026-02-13,8,3
店舗05,2026-02-13,9,4
店舗05,2026-02-13,10,2
店舗05,2026-02-13,11,3
店舗05,2026-02-13,12,3
店舗05,2026-02-13,13,2
店舗05,2026-02-13,14,3
店舗05,2026-02-13,15,4
店舗05,2026-02-13,16,3
店舗05,2026-02-13,17,4
店舗05,2026-02-13,18,4
店舗05,2026-02-13,19,4
店舗05,2026-02-13,20,4
店舗05,2026-02-13,21,4
店舗05,2026-02-14,8,3
店舗05,2026-02-14,9,4
店舗05,2026-02-14,10,4
店舗05,2026-02-14,11,2
店舗05,2026-02-14,12,3
店舗05,2026-02-14,13,4
店舗05,2026-02-14,14,4
店舗05,2026-02-14,15,4
店舗05,2026-02-14,16,4
店舗05,2026-02-14,17,4
店舗05,2026-02-14,18,4
店舗05,2026-02-14,19,4
店舗05,2026-02-14,20,4
店舗05,2026-02-14,21,2
店舗05,2026-02-15,8,3
店舗05,2026-02-15,9,3
店舗05,2026-02-15,10,4
店舗05,2026-02-15,11,4
店舗05,2026-02-15,12,3
店舗05,2026-02-15,13,3
店舗05,2026-02-15,14,5
店舗05,2026-02-15,15,4
店舗05,2026-02-15,16,4
店舗05,2026-02-15,17,3
店舗05,2026-02-15,18,4
店舗05,2026-02-15,19,4
店舗05,2026-02-15,20,2
店舗05,2026-02-15,21,3
店舗05,2026-02-16,8,2
店舗05,2026-02-16,9,4
店舗05,2026-02-16,10,3
店舗05,2026-02-16,11,3
店舗05,2026-02-16,12,5
店舗05,2026-02-16,13,4
店舗05,2026-02-16,14,2
店舗05,2026-02-16,15,2
店舗05,2026-02-16,16,3
店舗05,2026-02-16,17,3
店舗05,2026-02-16,18,3
店舗05,2026-02-16,19,5
店舗05,2026-02-16,20,3
店舗05,2026-02-16,21,3
店舗05,2026-02-17,8,4
店舗05,2026-02-17,9,3
店舗05,2026-02-17,10,3
店舗05,2026-02-17,11,5
店舗05,2026-02-17,12,4
店舗05,2026-02-17,13,4
店舗05,2026-02-17,14,2
店舗05,2026-02-17,15,3
店舗05,2026-02-17,16,4
店舗05,2026-02-17,17,3
店舗05,2026-02-17,18,4
店舗05,2026-02-17,19,4
店舗05,2026-02-17,20,2
店舗05,2026-02-17,21,2
店舗05,2026-02-18,8,2
店舗05,2026-02-18,9,3
店舗05,2026-02-18,10,3
店舗05,2026-02-18,11,4
店舗05,2026-02-18,12,4
店舗05,2026-02-18,13,3
店舗05,2026-02-18,14,3
店舗05,2026-02-18,15,3
店舗05,2026-02-18,16,3
店舗05,2026-02-18,17,3
店舗05,2026-02-18,18,4
店舗05,2026-02-18,19,5
店舗05,2026-02-18,20,4
店舗05,2026-02-18,21,4
店舗05,2026-02-19,8,3
店舗05,2026-02-19,9,3
店舗05,2026-02-19,10,3
店舗05,2026-02-19,11,4
店舗05,2026-02-19,12,5
店舗05,2026-02-19,13,3
店舗05,2026-02-19,14,2
店舗05,2026-02-19,15,3
店舗05,2026-02-19,16,3
店舗05,2026-02-19,17,3
店舗05,2026-02-19,18,3
店舗05,2026-02-19,19,3
店舗05,2026-02-19,20,2
店舗05,2026-02-19,21,3
店舗05,2026-02-20,8,4
店舗05,2026-02-20,9,4
店舗05,2026-02-20,10,3
店舗05,2026-02-20,11,3
店舗05,2026-02-20,12,5
店舗05,2026-02-20,13,5
店舗05,2026-02-20,14,3
店舗05,2026-02-20,15,3
店舗05,2026-02-20,16,3
店舗05,2026-02-20,17,3
店舗05,2026-02-20,18,4
店舗05,2026-02-20,19,4
店舗05,2026-02-20,20,3
店舗05,2026-02-20,21,2
店舗05,2026-02-21,8,3
店舗05,2026-02-21,9,3
店舗05,2026-02-21,10,4
店舗05,2026-02-21,11,3
店舗05,2026-02-21,12,4
店舗05,2026-02-21,13,4
店舗05,2026-02-21,14,5
店舗05,2026-02-21,15,3
店舗05,2026-02-21,16,3
店舗05,2026-02-21,17,4
店舗05,2026-02-21,18,4
店舗05,2026-02-21,19,4
店舗05,2026-02-21,20,4
店舗05,2026-02-21,21,3
店舗05,2026-02-22,8,3
店舗05,2026-02-22,9,2
店舗05,2026-02-22,10,4
店舗05,2026-02-22,11,5
店舗05,2026-02-22,12,4
店舗05,2026-02-22,13,4
店舗05,2026-02-22,14,3
店舗05,2026-02-22,15,4
店舗05,2026-02-22,16,4
店舗05,2026-02-22,17,5
店舗05,2026-02-22,18,4
店舗05,2026-02-22,19,4
店舗05,2026-02-22,20,4
店舗05,2026-02-22,21,3
店舗05,2026-02-23,8,3
店舗05,2026-02-23,9,3
店舗05,2026-02-23,10,2
店舗05,2026-02-23,11,5
店舗05,2026-02-23,12,3
店舗05,2026-02-23,13,5
店舗05,2026-02-23,14,3
店舗05,2026-02-23,15,3
店舗05,2026-02-23,16,4
店舗05,2026-02-23,17,3
店舗05,2026-02-23,18,5
店舗05,2026-02-23,19,4
店舗05,2026-02-23,20,3
店舗05,2026-02-23,21,3
店舗05,2026-02-24,8,3
店舗05,2026-02-24,9,2
店舗05,2026-02-24,10,4
店舗05,2026-02-24,11,4
店舗05,2026-02-24,12,4
店舗05,2026-02-24,13,3
店舗05,2026-02-24,14,4
店舗05,2026-02-24,15,2
店舗05,2026-02-24,16,5
店舗05,2026-02-24,17,3
店舗05,2026-02-24,18,4
店舗05,2026-02-24,19,4
店舗05,2026-02-24,20,3
店舗05,2026-02-24,21,3
店舗05,2026-02-25,8,3
店舗05,2026-02-25,9,3
店舗05,2026-02-25,10,2
店舗05,2026-02-25,11,3
店舗05,2026-02-25,12,5
店舗05,2026-02-25,13,5
店舗05,2026-02-25,14,4
店舗05,2026-02-25,15,4
店舗05,2026-02-25,16,4
店舗05,2026-02-25,17,4
店舗05,2026-02-25,18,3
店舗05,2026-02-25,19,5
店舗05,2026-02-25,20,5
店舗05,2026-02-25,21,3
店舗05,2026-02-26,8,3
店舗05,2026-02-26,9,3
店舗05,2026-02-26,10,4
店舗05,2026-02-26,11,3
店舗05,2026-02-26,12,4
店舗05,2026-02-26,13,4
店舗05,2026-02-26,14,3
店舗05,2026-02-26,15,4
店舗05,2026-02-26,16,3
店舗05,2026-02-26,17,3
店舗05,2026-02-26,18,4
店舗05,2026-02-26,19,2
店舗05,2026-02-26,20,3
店舗05,2026-02-26,21,2
店舗05,2026-02-27,8,3
店舗05,2026-02-27,9,4
店舗05,2026-02-27,10,2
店舗05,2026-02-27,11,4
店舗05,2026-02-27,12,5
店舗05,2026-02-27,13,5
店舗05,2026-02-27,14,2
店舗05,2026-02-27,15,2
店舗05,2026-02-27,16,2
店舗05,2026-02-27,17,4
店舗05,2026-02-27,18,4
店舗05,2026-02-27,19,3
店舗05,2026-02-27,20,3
店舗05,2026-02-27,21,3
店舗05,2026-02-28,8,3
店舗05,2026-02-28,9,2
店舗05,2026-02-28,10,3
店舗05,2026-02-28,11,5
店舗05,2026-02-28,12,5
店舗05,2026-02-28,13,3
店舗05,2026-02-28,14,3
店舗05,2026-02-28,15,4
店舗05,2026-02-28,16,4
店舗05,2026-02-28,17,5
店舗05,2026-02-28,18,3
店舗05,2026-02-28,19,3
店舗05,2026-02-28,20,5
店舗05,2026-02-28,21,3
店舗05,2026-03-01,8,3
店舗05,2026-03-01,9,3
店舗05,2026-03-01,10,3
店舗05,2026-03-01,11,4
店舗05,2026-03-01,12,4
店舗05,2026-03-01,13,3
店舗05,2026-03-01,14,5
店舗05,2026-03-01,15,4
店舗05,2026-03-01,16,4
店舗05,2026-03-01,17,3
店舗05,2026-03-01,18,4
店舗05,2026-03-01,19,4
店舗05,2026-03-01,20,5
店舗05,2026-03-01,21,5
店舗06,2026-01-05,8,3
店舗06,2026-01-05,9,3
店舗06,2026-01-05,10,4
店舗06,2026-01-05,11,3
店舗06,2026-01-05,12,2
店舗06,2026-01-05,13,4
店舗06,2026-01-05,14,3
店舗06,2026-01-05,15,2
店舗06,2026-01-05,16,4
店舗06,2026-01-05,17,4
店舗06,2026-01-05,18,5
店舗06,2026-01-05,19,3
店舗06,2026-01-05,20,3
店舗06,2026-01-05,21,2
店舗06,2026-01-06,8,2
店舗06,2026-01-06,9,2
店舗06,2026-01-06,10,3
店舗06,2026-01-06,11,4
店舗06,2026-01-06,12,4
店舗06,2026-01-06,13,4
店舗06,2026-01-06,14,3
店舗06,2026-01-06,15,3
店舗06,2026-01-06,16,4
店舗06,2026-01-06,17,5
店舗06,2026-01-06,18,5
店舗06,2026-01-06,19,4
店舗06,2026-01-06,20,4
店舗06,2026-01-06,21,3
店舗06,2026-01-07,8,3
店舗06,2026-01-07,9,2
店舗06,2026-01-07,10,2
店舗06,2026-01-07,11,3
店舗06,2026-01-07,12,4
店舗06,2026-01-07,13,5
店舗06,2026-01-07,14,2
店舗06,2026-01-07,15,3
店舗06,2026-01-07,16,2
店舗06,2026-01-07,17,5
店舗06,2026-01-07,18,4
店舗06,2026-01-07,19,3
店舗06,2026-01-07,20,3
店舗06,2026-01-07,21,3
店舗06,2026-01-08,8,4
店舗06,2026-01-08,9,2
店舗06,2026-01-08,10,4
店舗06,2026-01-08,11,5
店舗06,2026-01-08,12,4
店舗06,2026-01-08,13,5
店舗06,2026-01-08,14,3
店舗06,2026-01-08,15,4
店舗06,2026-01-08,16,3
店舗06,2026-01-08,17,4
店舗06,2026-01-08,18,3
店舗06,2026-01-08,19,3
店舗06,2026-01-08,20,3
店舗06,2026-01-08,21,2
店舗06,2026-01-09,8,3
店舗06,2026-01-09,9,4
店舗06,2026-01-09,10,4
店舗06,2026-01-09,11,3
店舗06,2026-01-09,12,4
店舗06,2026-01-09,13,4
店舗06,2026-01-09,14,3
店舗06,2026-01-09,15,3
店舗06,2026-01-09,16,3
店舗06,2026-01-09,17,4
店舗06,2026-01-09,18,5
店舗06,2026-01-09,19,4
店舗06,2026-01-09,20,2
店舗06,2026-01-09,21,2
店舗06,2026-01-10,8,2
店舗06,2026-01-10,9,2
店舗06,2026-01-10,10,3
店舗06,2026-01-10,11,3
店舗06,2026-01-10,12,4
店舗06,2026-01-10,13,4
店舗06,2026-01-10,14,4
店舗06,2026-01-10,15,3
店舗06,2026-01-10,16,4
店舗06,2026-01-10,17,3
店舗06,2026-01-10,18,5
店舗06,2026-01-10,19,3
店舗06,2026-01-10,20,3
店舗06,2026-01-10,21,4
店舗06,2026-01-11,8,3
店舗06,2026-01-11,9,4
店舗06,2026-01-11,10,2
店舗06,2026-01-11,11,4
店舗06,2026-01-11,12,3
店舗06,2026-01-11,13,4
店舗06,2026-01-11,14,3
店舗06,2026-01-11,15,4
店舗06,2026-01-11,16,4
店舗06,2026-01-11,17,4
店舗06,2026-01-11,18,4
店舗06,2026-01-11,19,4
店舗06,2026-01-11,20,5
店舗06,2026-01-11,21,5
店舗06,2026-01-12,8,3
店舗06,2026-01-12,9,2
店舗06,2026-01-12,10,4
店舗06,2026-01-12,11,3
店舗06,2026-01-12,12,3
店舗06,2026-01-12,13,5
店舗06,2026-01-12,14,2
店舗06,2026-01-12,15,4
店舗06,2026-01-12,16,2
店舗06,2026-01-12,17,5
店舗06,2026-01-12,18,3
店舗06,2026-01-12,19,4
店舗06,2026-01-12,20,3
店舗06,2026-01-12,21,4
店舗06,2026-01-13,8,2
店舗06,2026-01-13,9,3
店舗06,2026-01-13,10,3
店舗06,2026-01-13,11,5
店舗06,2026-01-13,12,4
店舗06,2026-01-13,13,5
店舗06,2026-01-13,14,2
店舗06,2026-01-13,15,4
店舗06,2026-01-13,16,3
店舗06,2026-01-13,17,4
店舗06,2026-01-13,18,4
店舗06,2026-01-13,19,4
店舗06,2026-01-13,20,3
店舗06,2026-01-13,21,2
店舗06,2026-01-14,8,3
店舗06,2026-01-14,9,3
店舗06,2026-01-14,10,3
店舗06,2026-01-14,11,3
店舗06,2026-01-14,12,5
店舗06,2026-01-14,13,2
店舗06,2026-01-14,14,3
店舗06,2026-01-14,15,2
店舗06,2026-01-14,16,3
店舗06,2026-01-14,17,4
店舗06,2026-01-14,18,4
店舗06,2026-01-14,19,5
店舗06,2026-01-14,20,4
店舗06,2026-01-14,21,2
店舗06,2026-01-15,8,2
店舗06,2026-01-15,9,4
店舗06,2026-01-15,10,3
店舗06,2026-01-15,11,4
店舗06,2026-01-15,12,4
店舗06,2026-01-15,13,4
店舗06,2026-01-15,14,3
店舗06,2026-01-15,15,2
店舗06,2026-01-15,16,3
店舗06,2026-01-15,17,5
店舗06,2026-01-15,18,4
店舗06,2026-01-15,19,4
店舗06,2026-01-15,20,3
店舗06,2026-01-15,21,2
店舗06,2026-01-16,8,3
店舗06,2026-01-16,9,4
店舗06,2026-01-16,10,5
店舗06,2026-01-16,11,3
店舗06,2026-01-16,12,4
店舗06,2026-01-16,13,4
店舗06,2026-01-16,14,3
店舗06,2026-01-16,15,4
店舗06,2026-01-16,16,2
店舗06,2026-01-16,17,3
店舗06,2026-01-16,18,5
店舗06,2026-01-16,19,3
店舗06,2026-01-16,20,4
店舗06,2026-01-16,21,3
店舗06,2026-01-17,8,3
店舗06,2026-01-17,9,2
店舗06,2026-01-17,10,4
店舗06,2026-01-17,11,3
店舗06,2026-01-17,12,5
店舗06,2026-01-17,13,4
店舗06,2026-01-17,14,3
店舗06,2026-01-17,15,5
店舗06,2026-01-17,16,3
店舗06,2026-01-17,17,5
店舗06,2026-01-17,18,5
店舗06,2026-01-17,19,3
店舗06,2026-01-17,20,4
店舗06,2026-01-17,21,4
店舗06,2026-01-18,8,3
店舗06,2026-01-18,9,2
店舗06,2026-01-18,10,2
店舗06,2026-01-18,11,3
店舗06,2026-01-18,12,5
店舗06,2026-01-18,13,3
店舗06,2026-01-18,14,3
店舗06,2026-01-18,15,5
店舗06,2026-01-18,16,4
店舗06,2026-01-18,17,4
店舗06,2026-01-18,18,5
店舗06,2026-01-18,19,5
店舗06,2026-01-18,20,4
店舗06,2026-01-18,21,2
店舗06,2026-01-19,8,3
店舗06,2026-01-19,9,4
店舗06,2026-01-19,10,3
店舗06,2026-01-19,11,4
店舗06,2026-01-19,12,5
店舗06,2026-01-19,13,2
店舗06,2026-01-19,14,4
店舗06,2026-01-19,15,2
店舗06,2026-01-19,16,3
店舗06,2026-01-19,17,3
店舗06,2026-01-19,18,4
店舗06,2026-01-19,19,4
店舗06,2026-01-19,20,3
店舗06,2026-01-19,21,3
店舗06,2026-01-20,8,2
店舗06,2026-01-20,9,2
店舗06,2026-01-20,10,3
店舗06,2026-01-20,11,4
店舗06,2026-01-20,12,3
店舗06,2026-01-20,13,4
店舗06,2026-01-20,14,4
店舗06,2026-01-20,15,4
店舗06,2026-01-20,16,2
店舗06,2026-01-20,17,4
店舗06,2026-01-20,18,3
店舗06,2026-01-20,19,3
店舗06,2026-01-20,20,4
店舗06,2026-01-20,21,4
店舗06,2026-01-21,8,3
店舗06,2026-01-21,9,2
店舗06,2026-01-21,10,5
店舗06,2026-01-21,11,3
店舗06,2026-01-21,12,4
店舗06,2026-01-21,13,4
店舗06,2026-01-21,14,2
店舗06,2026-01-21,15,3
店舗06,2026-01-21,16,4
店舗06,2026-01-21,17,4
店舗06,2026-01-21,18,4
店舗06,2026-01-21,19,3
店舗06,2026-01-21,20,4
店舗06,2026-01-21,21,3
店舗06,2026-01-22,8,2
店舗06,2026-01-22,9,2
店舗06,2026-01-22,10,3
店舗06,2026-01-22,11,2
店舗06,2026-01-22,12,4
店舗06,2026-01-22,13,3
店舗06,2026-01-22,14,2
店舗06,2026-01-22,15,3
店舗06,2026-01-22,16,4
店舗06,2026-01-22,17,4
店舗06,2026-01-22,18,3
店舗06,2026-01-22,19,4
店舗06,2026-01-22,20,4
店舗06,2026-01-22,21,2
店舗06,2026-01-23,8,3
店舗06,2026-01-23,9,2
店舗06,2026-01-23,10,3
店舗06,2026-01-23,11,4
店舗06,2026-01-23,12,3
店舗06,2026-01-23,13,3
店舗06,2026-01-23,14,3
店舗06,2026-01-23,15,3
店舗06,2026-01-23,16,4
店舗06,2026-01-23,17,4
店舗06,2026-01-23,18,4
店舗06,2026-01-23,19,3
店舗06,2026-01-23,20,4
店舗06,2026-01-23,21,3
店舗06,2026-01-24,8,4
店舗06,2026-01-24,9,2
店舗06,2026-01-24,10,3
店舗06,2026-01-24,11,4
店舗06,2026-01-24,12,4
店舗06,2026-01-24,13,4
店舗06,2026-01-24,14,4
店舗06,2026-01-24,15,4
店舗06,2026-01-24,16,3
店舗06,2026-01-24,17,5
店舗06,2026-01-24,18,5
店舗06,2026-01-24,19,3
店舗06,2026-01-24,20,3
店舗06,2026-01-24,21,4
店舗06,2026-01-25,8,2
店舗06,2026-01-25,9,4
店舗06,2026-01-25,10,3
店舗06,2026-01-25,11,5
店舗06,2026-01-25,12,4
店舗06,2026-01-25,13,4
店舗06,2026-01-25,14,3
店舗06,2026-01-25,15,3
店舗06,2026-01-25,16,4
店舗06,2026-01-25,17,5
店舗06,2026-01-25,18,4
店舗06,2026-01-25,19,4
店舗06,2026-01-25,20,4
店舗06,2026-01-25,21,4
店舗06,2026-01-26,8,3
店舗06,2026-01-26,9,4
店舗06,2026-01-26,10,4
店舗06,2026-01-26,11,4
店舗06,2026-01-26,12,3
店舗06,2026-01-26,13,4
店舗06,2026-01-26,14,4
店舗06,2026-01-26,15,3
店舗06,2026-01-26,16,3
店舗06,2026-01-26,17,3
店舗06,2026-01-26,18,3
店舗06,2026-01-26,19,4
店舗06,2026-01-26,20,2
店舗06,2026-01-26,21,2
店舗06,2026-01-27,8,2
店舗06,2026-01-27,9,3
店舗06,2026-01-27,10,5
店舗06,2026-01-27,11,3
店舗06,2026-01-27,12,3
店舗06,2026-01-27,13,3
店舗06,2026-01-27,14,4
店舗06,2026-01-27,15,3
店舗06,2026-01-27,16,2
店舗06,2026-01-27,17,4
店舗06,2026-01-27,18,4
店舗06,2026-01-27,19,4
店舗06,2026-01-27,20,3
店舗06,2026-01-27,21,4
店舗06,2026-01-28,8,3
店舗06,2026-01-28,9,2
店舗06,2026-01-28,10,3
店舗06,2026-01-28,11,3
店舗06,2026-01-28,12,4
店舗06,2026-01-28,13,4
店舗06,2026-01-28,14,4
店舗06,2026-01-28,15,3
店舗06,2026-01-28,16,4
店舗06,2026-01-28,17,4
店舗06,2026-01-28,18,5
店舗06,2026-01-28,19,4
店舗06,2026-01-28,20,2
店舗06,2026-01-28,21,2
店舗06,2026-01-29,8,3
店舗06,2026-01-29,9,3
店舗06,2026-01-29,10,4
店舗06,2026-01-29,11,5
店舗06,2026-01-29,12,3
店舗06,2026-01-29,13,4
店舗06,2026-01-29,14,3
店舗06,2026-01-29,15,3
店舗06,2026-01-29,16,5
店舗06,2026-01-29,17,5
店舗06,2026-01-29,18,4
店舗06,2026-01-29,19,5
店舗06,2026-01-29,20,3
店舗06,2026-01-29,21,4
店舗06,2026-01-30,8,2
店舗06,2026-01-30,9,4
店舗06,2026-01-30,10,2
店舗06,2026-01-30,11,3
店舗06,2026-01-30,12,4
店舗06,2026-01-30,13,4
店舗06,2026-01-30,14,4
店舗06,2026-01-30,15,3
店舗06,2026-01-30,16,3
店舗06,2026-01-30,17,4
店舗06,2026-01-30,18,4
店舗06,2026-01-30,19,4
店舗06,2026-01-30,20,4
店舗06,2026-01-30,21,3
店舗06,2026-01-31,8,4
店舗06,2026-01-31,9,4
店舗06,2026-01-31,10,4
店舗06,2026-01-31,11,4
店舗06,2026-01-31,12,4
店舗06,2026-01-31,13,5
店舗06,2026-01-31,14,5
店舗06,2026-01-31,15,4
店舗06,2026-01-31,16,4
店舗06,2026-01-31,17,4
店舗06,2026-01-31,18,5
店舗06,2026-01-31,19,4
店舗06,2026-01-31,20,4
店舗06,2026-01-31,21,5
店舗06,2026-02-01,8,2
店舗06,2026-02-01,9,4
店舗06,2026-02-01,10,4
店舗06,2026-02-01,11,4
店舗06,2026-02-01,12,5
店舗06,2026-02-01,13,4
店舗06,2026-02-01,14,5
店舗06,2026-02-01,15,3
店舗06,2026-02-01,16,4
店舗06,2026-02-01,17,4
店舗06,2026-02-01,18,4
店舗06,2026-02-01,19,3
店舗06,2026-02-01,20,3
店舗06,2026-02-01,21,5
店舗06,2026-02-02,8,3
店舗06,2026-02-02,9,4
店舗06,2026-02-02,10,2
店舗06,2026-02-02,11,5
店舗06,2026-02-02,12,5
店舗06,2026-02-02,13,3
店舗06,2026-02-02,14,2
店舗06,2026-02-02,15,4
店舗06,2026-02-02,16,3
店舗06,2026-02-02,17,5
店舗06,2026-02-02,18,5
店舗06,2026-02-02,19,4
店舗06,2026-02-02,20,3
店舗06,2026-02-02,21,2
店舗06,2026-02-03,8,2
店舗06,2026-02-03,9,4
店舗06,2026-02-03,10,3
店舗06,2026-02-03,11,5
店舗06,2026-02-03,12,4
店舗06,2026-02-03,13,4
店舗06,2026-02-03,14,4
店舗06,2026-02-03,15,3
店舗06,2026-02-03,16,4
店舗06,2026-02-03,17,4
店舗06,2026-02-03,18,4
店舗06,2026-02-03,19,4
店舗06,2026-02-03,20,3
店舗06,2026-02-03,21,2
店舗06,2026-02-04,8,3
店舗06,2026-02-04,9,2
店舗06,2026-02-04,10,3
店舗06,2026-02-04,11,4
店舗06,2026-02-04,12,4
店舗06,2026-02-04,13,5
店舗06,2026-02-04,14,3
店舗06,2026-02-04,15,4
店舗06,2026-02-04,16,2
店舗06,2026-02-04,17,4
店舗06,2026-02-04,18,4
店舗06,2026-02-04,19,4
店舗06,2026-02-04,20,4
店舗06,2026-02-04,21,4
店舗06,2026-02-05,8,3
店舗06,2026-02-05,9,4
店舗06,2026-02-05,10,2
店舗06,2026-02-05,11,3
店舗06,2026-02-05,12,3
店舗06,2026-02-05,13,4
店舗06,2026-02-05,14,3
店舗06,2026-02-05,15,3
店舗06,2026-02-05,16,3
店舗06,2026-02-05,17,5
店舗06,2026-02-05,18,4
店舗06,2026-02-05,19,3
店舗06,2026-02-05,20,4
店舗06,2026-02-05,21,2
店舗06,2026-02-06,8,2
店舗06,2026-02-06,9,4
店舗06,2026-02-06,10,4
店舗06,2026-02-06,11,4
店舗06,2026-02-06,12,4
店舗06,2026-02-06,13,3
店舗06,2026-02-06,14,4
店舗06,2026-02-06,15,2
店舗06,2026-02-06,16,2
店舗06,2026-02-06,17,3
店舗06,2026-02-06,18,5
店舗06,2026-02-06,19,3
店舗06,2026-02-06,20,5
店舗06,2026-02-06,21,3
店舗06,2026-02-07,8,3
店舗06,2026-02-07,9,3
店舗06,2026-02-07,10,4
店舗06,2026-02-07,11,4
店舗06,2026-02-07,12,3
店舗06,2026-02-07,13,3
店舗06,2026-02-07,14,4
店舗06,2026-02-07,15,3
店舗06,2026-02-07,16,4
店舗06,2026-02-07,17,3
店舗06,2026-02-07,18,3
店舗06,2026-02-07,19,3
店舗06,2026-02-07,20,3
店舗06,2026-02-07,21,2
店舗06,2026-02-08,8,2
店舗06,2026-02-08,9,3
店舗06,2026-02-08,10,5
店舗06,2026-02-08,11,5
店舗06,2026-02-08,12,4
店舗06,2026-02-08,13,5
店舗06,2026-02-08,14,4
店舗06,2026-02-08,15,3
店舗06,2026-02-08,16,3
店舗06,2026-02-08,17,4
店舗06,2026-02-08,18,5
店舗06,2026-02-08,19,5
店舗06,2026-02-08,20,5
店舗06,2026-02-08,21,3
店舗06,2026-02-09,8,4
店舗06,2026-02-09,9,2
店舗06,2026-02-09,10,4
店舗06,2026-02-09,11,3
店舗06,2026-02-09,12,3
店舗06,2026-02-09,13,5
店舗06,2026-02-09,14,4
店舗06,2026-02-09,15,3
店舗06,2026-02-09,16,3
店舗06,2026-02-09,17,5
店舗06,2026-02-09,18,5
店舗06,2026-02-09,19,4
店舗06,2026-02-09,20,4
店舗06,2026-02-09,21,3
店舗06,2026-02-10,8,4
店舗06,2026-02-10,9,2
店舗06,2026-02-10,10,4
店舗06,2026-02-10,11,4
店舗06,2026-02-10,12,4
店舗06,2026-02-10,13,5
店舗06,2026-02-10,14,4
店舗06,2026-02-10,15,3
店舗06,2026-02-10,16,5
店舗06,2026-02-10,17,4
店舗06,2026-02-10,18,4
店舗06,2026-02-10,19,5
店舗06,2026-02-10,20,3
店舗06,2026-02-10,21,3
店舗06,2026-02-11,8,2
店舗06,2026-02-11,9,3
店舗06,2026-02-11,10,3
店舗06,2026-02-11,11,4
店舗06,2026-02-11,12,4
店舗06,2026-02-11,13,4
店舗06,2026-02-11,14,2
店舗06,2026-02-11,15,3
店舗06,2026-02-11,16,5
店舗06,2026-02-11,17,5
店舗06,2026-02-11,18,3
店舗06,2026-02-11,19,3
店舗06,2026-02-11,20,3
店舗06,2026-02-11,21,2
店舗06,2026-02-12,8,2
店舗06,2026-02-12,9,3
店舗06,2026-02-12,10,4
店舗06,2026-02-12,11,4
店舗06,2026-02-12,12,5
店舗06,2026-02-12,13,4
店舗06,2026-02-12,14,5
店舗06,2026-02-12,15,3
店舗06,2026-02-12,16,3
店舗06,2026-02-12,17,3
店舗06,2026-02-12,18,4
店舗06,2026-02-12,19,4
店舗06,2026-02-12,20,2
店舗06,2026-02-12,21,4
店舗06,2026-02-13,8,3
店舗06,2026-02-13,9,2
店舗06,2026-02-13,10,3
店舗06,2026-02-13,11,3
店舗06,2026-02-13,12,4
店舗06,2026-02-13,13,3
店舗06,2026-02-13,14,4
店舗06,2026-02-13,15,4
店舗06,2026-02-13,16,5
店舗06,2026-02-13,17,4
店舗06,2026-02-13,18,4
店舗06,2026-02-13,19,4
店舗06,2026-02-13,20,2
店舗06,2026-02-13,21,2
店舗06,2026-02-14,8,3
店舗06,2026-02-14,9,3
店舗06,2026-02-14,10,4
店舗06,2026-02-14,11,4
店舗06,2026-02-14,12,5
店舗06,2026-02-14,13,3
店舗06,2026-02-14,14,4
店舗06,2026-02-14,15,3
店舗06,2026-02-14,16,4
店舗06,2026-02-14,17,3
店舗06,2026-02-14,18,5
店舗06,2026-02-14,19,4
店舗06,2026-02-14,20,5
店舗06,2026-02-14,21,3
店舗06,2026-02-15,8,4
店舗06,2026-02-15,9,3
店舗06,2026-02-15,10,3
店舗06,2026-02-15,11,5
店舗06,2026-02-15,12,4
店舗06,2026-02-15,13,4
店舗06,2026-02-15,14,4
店舗06,2026-02-15,15,3
店舗06,2026-02-15,16,4
店舗06,2026-02-15,17,3
店舗06,2026-02-15,18,4
店舗06,2026-02-15,19,4
店舗06,2026-02-15,20,5
店舗06,2026-02-15,21,4
店舗06,2026-02-16,8,4
店舗06,2026-02-16,9,2
店舗06,2026-02-16,10,4
店舗06,2026-02-16,11,4
店舗06,2026-02-16,12,5
店舗06,2026-02-16,13,4
店舗06,2026-02-16,14,2
店舗06,2026-02-16,15,3
店舗06,2026-02-16,16,3
店舗06,2026-02-16,17,5
店舗06,2026-02-16,18,4
店舗06,2026-02-16,19,5
店舗06,2026-02-16,20,4
店舗06,2026-02-16,21,2
店舗06,2026-02-17,8,4
店舗06,2026-02-17,9,2
店舗06,2026-02-17,10,3
店舗06,2026-02-17,11,2
店舗06,2026-02-17,12,3
店舗06,2026-02-17,13,5
店舗06,2026-02-17,14,3
店舗06,2026-02-17,15,5
店舗06,2026-02-17,16,3
店舗06,2026-02-17,17,4
店舗06,2026-02-17,18,5
店舗06,2026-02-17,19,3
店舗06,2026-02-17,20,4
店舗06,2026-02-17,21,3
店舗06,2026-02-18,8,3
店舗06,2026-02-18,9,2
店舗06,2026-02-18,10,2
店舗06,2026-02-18,11,4
店舗06,2026-02-18,12,2
店舗06,2026-02-18,13,5
店舗06,2026-02-18,14,2
店舗06,2026-02-18,15,3
店舗06,2026-02-18,16,4
店舗06,2026-02-18,17,3
店舗06,2026-02-18,18,5
店舗06,2026-02-18,19,3
店舗06,2026-02-18,20,5
店舗06,2026-02-18,21,3
店舗06,2026-02-19,8,3
店舗06,2026-02-19,9,3
店舗06,2026-02-19,10,4
店舗06,2026-02-19,11,5
店舗06,2026-02-19,12,5
店舗06,2026-02-19,13,3
店舗06,2026-02-19,14,4
店舗06,2026-02-19,15,4
店舗06,2026-02-19,16,5
店舗06,2026-02-19,17,4
店舗06,2026-02-19,18,5
店舗06,2026-02-19,19,4
店舗06,2026-02-19,20,2
店舗06,2026-02-19,21,3
店舗06,2026-02-20,8,4
店舗06,2026-02-20,9,2
店舗06,2026-02-20,10,2
店舗06,2026-02-20,11,5
店舗06,2026-02-20,12,3
店舗06,2026-02-20,13,4
店舗06,2026-02-20,14,3
店舗06,2026-02-20,15,3
店舗06,2026-02-20,16,3
店舗06,2026-02-20,17,4
店舗06,2026-02-20,18,4
店舗06,2026-02-20,19,3
店舗06,2026-02-20,20,4
店舗06,2026-02-20,21,3
店舗06,2026-02-21,8,3
店舗06,2026-02-21,9,4
店舗06,2026-02-21,10,4
店舗06,2026-02-21,11,3
店舗06,2026-02-21,12,5
店舗06,2026-02-21,13,4
店舗06,2026-02-21,14,3
店舗06,2026-02-21,15,4
店舗06,2026-02-21,16,4
店舗06,2026-02-21,17,4
店舗06,2026-02-21,18,3
店舗06,2026-02-21,19,4
店舗06,2026-02-21,20,4
店舗06,2026-02-21,21,4
店舗06,2026-02-22,8,2
店舗06,2026-02-22,9,3
店舗06,2026-02-22,10,5
店舗06,2026-02-22,11,4
店舗06,2026-02-22,12,4
店舗06,2026-02-22,13,5
店舗06,2026-02-22,14,3
店舗06,2026-02-22,15,4
店舗06,2026-02-22,16,4
店舗06,2026-02-22,17,3
店舗06,2026-02-22,18,4
店舗06,2026-02-22,19,3
店舗06,2026-02-22,20,2
店舗06,2026-02-22,21,4
店舗06,2026-02-23,8,2
店舗06,2026-02-23,9,3
店舗06,2026-02-23,10,5
店舗06,2026-02-23,11,4
店舗06,2026-02-23,12,4
店舗06,2026-02-23,13,5
店舗06,2026-02-23,14,3
店舗06,2026-02-23,15,3
店舗06,2026-02-23,16,2
店舗06,2026-02-23,17,4
店舗06,2026-02-23,18,3
店舗06,2026-02-23,19,5
店舗06,2026-02-23,20,3
店舗06,2026-02-23,21,2
店舗06,2026-02-24,8,3
店舗06,2026-02-24,9,2
店舗06,2026-02-24,10,3
店舗06,2026-02-24,11,5
店舗06,2026-02-24,12,4
店舗06,2026-02-24,13,4
店舗06,2026-02-24,14,2
店舗06,2026-02-24,15,2
店舗06,2026-02-24,16,2
店舗06,2026-02-24,17,4
店舗06,2026-02-24,18,4
店舗06,2026-02-24,19,4
店舗06,2026-02-24,20,3
店舗06,2026-02-24,21,3
店舗06,2026-02-25,8,4
店舗06,2026-02-25,9,4
店舗06,2026-02-25,10,3
店舗06,2026-02-25,11,4
店舗06,2026-02-25,12,5
店舗06,2026-02-25,13,4
店舗06,2026-02-25,14,2
店舗06,2026-02-25,15,3
店舗06,2026-02-25,16,3
店舗06,2026-02-25,17,3
店舗06,2026-02-25,18,4
店舗06,2026-02-25,19,5
店舗06,2026-02-25,20,3
店舗06,2026-02-25,21,4
店舗06,2026-02-26,8,3
店舗06,2026-02-26,9,3
店舗06,2026-02-26,10,4
店舗06,2026-02-26,11,3
店舗06,2026-02-26,12,4
店舗06,2026-02-26,13,4
店舗06,2026-02-26,14,3
店舗06,2026-02-26,15,5
店舗06,2026-02-26,16,4
店舗06,2026-02-26,17,5
店舗06,2026-02-26,18,4
店舗06,2026-02-26,19,4
店舗06,2026-02-26,20,2
店舗06,2026-02-26,21,2
店舗06,2026-02-27,8,3
店舗06,2026-02-27,9,3
店舗06,2026-02-27,10,4
店舗06,2026-02-27,11,3
店舗06,2026-02-27,12,4
店舗06,2026-02-27,13,4
店舗06,2026-02-27,14,4
店舗06,2026-02-27,15,3
店舗06,2026-02-27,16,4
店舗06,2026-02-27,17,4
店舗06,2026-02-27,18,3
店舗06,2026-02-27,19,4
店舗06,2026-02-27,20,3
店舗06,2026-02-27,21,3
店舗06,2026-02-28,8,4
店舗06,2026-02-28,9,4
店舗06,2026-02-28,10,5
店舗06,2026-02-28,11,5
店舗06,2026-02-28,12,4
店舗06,2026-02-28,13,4
店舗06,2026-02-28,14,4
店舗06,2026-02-28,15,4
店舗06,2026-02-28,16,3
店舗06,2026-02-28,17,4
店舗06,2026-02-28,18,4
店舗06,2026-02-28,19,4
店舗06,2026-02-28,20,5
店舗06,2026-02-28,21,5
店舗06,2026-03-01,8,2
店舗06,2026-03-01,9,2
店舗06,2026-03-01,10,3
店舗06,2026-03-01,11,5
店舗06,2026-03-01,12,5
店舗06,2026-03-01,13,4
店舗06,2026-03-01,14,4
店舗06,2026-03-01,15,5
店舗06,2026-03-01,16,5
店舗06,2026-03-01,17,4
店舗06,2026-03-01,18,4
店舗06,2026-03-01,19,4
店舗06,2026-03-01,20,4
店舗06,2026-03-01,21,2
店舗07,2026-01-05,8,3
店舗07,2026-01-05,9,5
店舗07,2026-01-05,10,5
店舗07,2026-01-05,11,4
店舗07,2026-01-05,12,5
店舗07,2026-01-05,13,3
店舗07,2026-01-05,14,3
店舗07,2026-01-05,15,4
店舗07,2026-01-05,16,5
店舗07,2026-01-05,17,5
店舗07,2026-01-05,18,3
店舗07,2026-01-05,19,5
店舗07,2026-01-05,20,4
店舗07,2026-01-05,21,3
店舗07,2026-01-06,8,2
店舗07,2026-01-06,9,3
店舗07,2026-01-06,10,3
店舗07,2026-01-06,11,5
店舗07,2026-01-06,12,4
店舗07,2026-01-06,13,4
店舗07,2026-01-06,14,4
店舗07,2026-01-06,15,4
店舗07,2026-01-06,16,3
店舗07,2026-01-06,17,4
店舗07,2026-01-06,18,3
店舗07,2026-01-06,19,3
店舗07,2026-01-06,20,4
店舗07,2026-01-06,21,4
店舗07,2026-01-07,8,2
店舗07,2026-01-07,9,3
店舗07,2026-01-07,10,3
店舗07,2026-01-07,11,5
店舗07,2026-01-07,12,4
店舗07,2026-01-07,13,4
店舗07,2026-01-07,14,3
店舗07,2026-01-07,15,4
店舗07,2026-01-07,16,3
店舗07,2026-01-07,17,4
店舗07,2026-01-07,18,4
店舗07,2026-01-07,19,3
店舗07,2026-01-07,20,3
店舗07,2026-01-07,21,3
店舗07,2026-01-08,8,3
店舗07,2026-01-08,9,2
店舗07,2026-01-08,10,5
店舗07,2026-01-08,11,4
店舗07,2026-01-08,12,3
店舗07,2026-01-08,13,3
店舗07,2026-01-08,14,4
店舗07,2026-01-08,15,3
店舗07,2026-01-08,16,3
店舗07,2026-01-08,17,4
店舗07,2026-01-08,18,4
店舗07,2026-01-08,19,5
店舗07,2026-01-08,20,5
店舗07,2026-01-08,21,2
店舗07,2026-01-09,8,2
店舗07,2026-01-09,9,4
店舗07,2026-01-09,10,2
店舗07,2026-01-09,11,5
店舗07,2026-01-09,12,3
店舗07,2026-01-09,13,3
店舗07,2026-01-09,14,5
店舗07,2026-01-09,15,2
店舗07,2026-01-09,16,3
店舗07,2026-01-09,17,4
店舗07,2026-01-09,18,4
店舗07,2026-01-09,19,3
店舗07,2026-01-09,20,4
店舗07,2026-01-09,21,3
店舗07,2026-01-10,8,4
店舗07,2026-01-10,9,3
店舗07,2026-01-10,10,4
店舗07,2026-01-10,11,4
店舗07,2026-01-10,12,5
店舗07,2026-01-10,13,4
店舗07,2026-01-10,14,3
店舗07,2026-01-10,15,4
店舗07,2026-01-10,16,3
店舗07,2026-01-10,17,3
店舗07,2026-01-10,18,4
店舗07,2026-01-10,19,4
店舗07,2026-01-10,20,4
店舗07,2026-01-10,21,3
店舗07,2026-01-11,8,3
店舗07,2026-01-11,9,5
店舗07,2026-01-11,10,4
店舗07,2026-01-11,11,4
店舗07,2026-01-11,12,5
店舗07,2026-01-11,13,5
店舗07,2026-01-11,14,4
店舗07,2026-01-11,15,5
店舗07,2026-01-11,16,3
店舗07,2026-01-11,17,4
店舗07,2026-01-11,18,5
店舗07,2026-01-11,19,5
店舗07,2026-01-11,20,4
店舗07,2026-01-11,21,3
店舗07,2026-01-12,8,4
店舗07,2026-01-12,9,4
店舗07,2026-01-12,10,5
店舗07,2026-01-12,11,5
店舗07,2026-01-12,12,4
店舗07,2026-01-12,13,4
店舗07,2026-01-12,14,4
店舗07,2026-01-12,15,2
店舗07,2026-01-12,16,5
店舗07,2026-01-12,17,4
店舗07,2026-01-12,18,4
店舗07,2026-01-12,19,3
店舗07,2026-01-12,20,3
店舗07,2026-01-12,21,2
店舗07,2026-01-13,8,2
店舗07,2026-01-13,9,2
店舗07,2026-01-13,10,3
店舗07,2026-01-13,11,4
店舗07,2026-01-13,12,4
店舗07,2026-01-13,13,4
店舗07,2026-01-13,14,2
店舗07,2026-01-13,15,4
店舗07,2026-01-13,16,4
店舗07,2026-01-13,17,4
店舗07,2026-01-13,18,4
店舗07,2026-01-13,19,3
店舗07,2026-01-13,20,3
店舗07,2026-01-13,21,3
店舗07,2026-01-14,8,3
店舗07,2026-01-14,9,3
店舗07,2026-01-14,10,4
店舗07,2026-01-14,11,4
店舗07,2026-01-14,12,4
店舗07,2026-01-14,13,4
店舗07,2026-01-14,14,4
店舗07,2026-01-14,15,2
店舗07,2026-01-14,16,4
店舗07,2026-01-14,17,4
店舗07,2026-01-14,18,3
店舗07,2026-01-14,19,3
店舗07,2026-01-14,20,4
店舗07,2026-01-14,21,4
店舗07,2026-01-15,8,3
店舗07,2026-01-15,9,4
店舗07,2026-01-15,10,4
店舗07,2026-01-15,11,4
店舗07,2026-01-15,12,5
店舗07,2026-01-15,13,4
店舗07,2026-01-15,14,5
店舗07,2026-01-15,15,4
店舗07,2026-01-15,16,2
店舗07,2026-01-15,17,4
店舗07,2026-01-15,18,4
店舗07,2026-01-15,19,3
店舗07,2026-01-15,20,3
店舗07,2026-01-15,21,4
店舗07,2026-01-16,8,4
店舗07,2026-01-16,9,3
店舗07,2026-01-16,10,4
店舗07,2026-01-16,11,5
店舗07,2026-01-16,12,3
店舗07,2026-01-16,13,3
店舗07,2026-01-16,14,4
店舗07,2026-01-16,15,3
店舗07,2026-01-16,16,3
店舗07,2026-01-16,17,5
店舗07,2026-01-16,18,4
店舗07,2026-01-16,19,4
店舗07,2026-01-16,20,3
店舗07,2026-01-16,21,3
店舗07,2026-01-17,8,3
店舗07,2026-01-17,9,2
店舗07,2026-01-17,10,5
店舗07,2026-01-17,11,3
店舗07,2026-01-17,12,4
店舗07,2026-01-17,13,4
店舗07,2026-01-17,14,5
店舗07,2026-01-17,15,4
店舗07,2026-01-17,16,5
店舗07,2026-01-17,17,4
店舗07,2026-01-17,18,3
店舗07,2026-01-17,19,4
店舗07,2026-01-17,20,5
店舗07,2026-01-17,21,3
店舗07,2026-01-18,8,3
店舗07,2026-01-18,9,3
店舗07,2026-01-18,10,3
店舗07,2026-01-18,11,5
店舗07,2026-01-18,12,4
店舗07,2026-01-18,13,5
店舗07,2026-01-18,14,3
店舗07,2026-01-18,15,3
店舗07,2026-01-18,16,4
店舗07,2026-01-18,17,4
店舗07,2026-01-18,18,5
店舗07,2026-01-18,19,5
店舗07,2026-01-18,20,5
店舗07,2026-01-18,21,4
店舗07,2026-01-19,8,3
店舗07,2026-01-19,9,2
店舗07,2026-01-19,10,2
店舗07,2026-01-19,11,5
店舗07,2026-01-19,12,5
店舗07,2026-01-19,13,4
店舗07,2026-01-19,14,3
店舗07,2026-01-19,15,2
店舗07,2026-01-19,16,4
店舗07,2026-01-19,17,3
店舗07,2026-01-19,18,4
店舗07,2026-01-19,19,4
店舗07,2026-01-19,20,4
店舗07,2026-01-19,21,3
店舗07,2026-01-20,8,2
店舗07,2026-01-20,9,2
店舗07,2026-01-20,10,4
店舗07,2026-01-20,11,3
店舗07,2026-01-20,12,4
店舗07,2026-01-20,13,5
店舗07,2026-01-20,14,2
店舗07,2026-01-20,15,3
店舗07,2026-01-20,16,4
店舗07,2026-01-20,17,5
店舗07,2026-01-20,18,4
店舗07,2026-01-20,19,4
店舗07,2026-01-20,20,4
店舗07,2026-01-20,21,3
店舗07,2026-01-21,8,3
店舗07,2026-01-21,9,3
店舗07,2026-01-21,10,4
店舗07,2026-01-21,11,3
店舗07,2026-01-21,12,3
店舗07,2026-01-21,13,4
店舗07,2026-01-21,14,4
店舗07,2026-01-21,15,3
店舗07,2026-01-21,16,4
店舗07,2026-01-21,17,3
店舗07,2026-01-21,18,3
店舗07,2026-01-21,19,4
店舗07,2026-01-21,20,2
店舗07,2026-01-21,21,4
店舗07,2026-01-22,8,4
店舗07,2026-01-22,9,3
店舗07,2026-01-22,10,3
店舗07,2026-01-22,11,4
店舗07,2026-01-22,12,5
店舗07,2026-01-22,13,5
店舗07,2026-01-22,14,3
店舗07,2026-01-22,15,4
店舗07,2026-01-22,16,5
店舗07,2026-01-22,17,5
店舗07,2026-01-22,18,4
店舗07,2026-01-22,19,4
店舗07,2026-01-22,20,4
店舗07,2026-01-22,21,3
店舗07,2026-01-23,8,3
店舗07,2026-01-23,9,3
店舗07,2026-01-23,10,3
店舗07,2026-01-23,11,4
店舗07,2026-01-23,12,4
店舗07,2026-01-23,13,4
店舗07,2026-01-23,14,4
店舗07,2026-01-23,15,4
店舗07,2026-01-23,16,3
店舗07,2026-01-23,17,3
店舗07,2026-01-23,18,3
店舗07,2026-01-23,19,4
店舗07,2026-01-23,20,2
店舗07,2026-01-23,21,4
店舗07,2026-01-24,8,3
店舗07,2026-01-24,9,4
店舗07,2026-01-24,10,5
店舗07,2026-01-24,11,4
店舗07,2026-01-24,12,3
店舗07,2026-01-24,13,3
店舗07,2026-01-24,14,4
店舗07,2026-01-24,15,5
店舗07,2026-01-24,16,3
店舗07,2026-01-24,17,4
店舗07,2026-01-24,18,3
店舗07,2026-01-24,19,4
店舗07,2026-01-24,20,3
店舗07,2026-01-24,21,5
店舗07,2026-01-25,8,2
店舗07,2026-01-25,9,4
店舗07,2026-01-25,10,3
店舗07,2026-01-25,11,5
店舗07,2026-01-25,12,3
店舗07,2026-01-25,13,4
店舗07,2026-01-25,14,5
店舗07,2026-01-25,15,4
店舗07,2026-01-25,16,5
店舗07,2026-01-25,17,4
店舗07,2026-01-25,18,6
店舗07,2026-01-25,19,4
店舗07,2026-01-25,20,4
店舗07,2026-01-25,21,4
店舗07,2026-01-26,8,4
店舗07,2026-01-26,9,4
店舗07,2026-01-26,10,4
店舗07,2026-01-26,11,5
店舗07,2026-01-26,12,5
店舗07,2026-01-26,13,3
店舗07,2026-01-26,14,3
店舗07,2026-01-26,15,4
店舗07,2026-01-26,16,2
店舗07,2026-01-26,17,5
店舗07,2026-01-26,18,4
店舗07,2026-01-26,19,5
店舗07,2026-01-26,20,3
店舗07,2026-01-26,21,2
店舗07,2026-01-27,8,2
店舗07,2026-01-27,9,3
店舗07,2026-01-27,10,5
店舗07,2026-01-27,11,4
店舗07,2026-01-27,12,4
店舗07,2026-01-27,13,4
店舗07,2026-01-27,14,4
店舗07,2026-01-27,15,3
店舗07,2026-01-27,16,5
店舗07,2026-01-27,17,3
店舗07,2026-01-27,18,4
店舗07,2026-01-27,19,5
店舗07,2026-01-27,20,2
店舗07,2026-01-27,21,3
店舗07,2026-01-28,8,3
店舗07,2026-01-28,9,4
店舗07,2026-01-28,10,2
店舗07,2026-01-28,11,4
店舗07,2026-01-28,12,5
店舗07,2026-01-28,13,5
店舗07,2026-01-28,14,3
店舗07,2026-01-28,15,2
店舗07,2026-01-28,16,5
店舗07,2026-01-28,17,3
店舗07,2026-01-28,18,3
店舗07,2026-01-28,19,3
店舗07,2026-01-28,20,3
店舗07,2026-01-28,21,3
店舗07,2026-01-29,8,3
店舗07,2026-01-29,9,4
店舗07,2026-01-29,10,3
店舗07,2026-01-29,11,5
店舗07,2026-01-29,12,5
店舗07,2026-01-29,13,3
店舗07,2026-01-29,14,2
店舗07,2026-01-29,15,3
店舗07,2026-01-29,16,2
店舗07,2026-01-29,17,4
店舗07,2026-01-29,18,4
店舗07,2026-01-29,19,3
店舗07,2026-01-29,20,3
店舗07,2026-01-29,21,3
店舗07,2026-01-30,8,3
店舗07,2026-01-30,9,3
店舗07,2026-01-30,10,4
店舗07,2026-01-30,11,5
店舗07,2026-01-30,12,4
店舗07,2026-01-30,13,4
店舗07,2026-01-30,14,2
店舗07,2026-01-30,15,3
店舗07,2026-01-30,16,3
店舗07,2026-01-30,17,4
店舗07,2026-01-30,18,5
店舗07,2026-01-30,19,3
店舗07,2026-01-30,20,3
店舗07,2026-01-30,21,2
店舗07,2026-01-31,8,2
店舗07,2026-01-31,9,4
店舗07,2026-01-31,10,5
店舗07,2026-01-31,11,4
店舗07,2026-01-31,12,5
店舗07,2026-01-31,13,3
店舗07,2026-01-31,14,4
店舗07,2026-01-31,15,4
店舗07,2026-01-31,16,3
店舗07,2026-01-31,17,4
店舗07,2026-01-31,18,4
店舗07,2026-01-31,19,4
店舗07,2026-01-31,20,4
店舗07,2026-01-31,21,3
店舗07,2026-02-01,8,4
店舗07,2026-02-01,9,3
店舗07,2026-02-01,10,5
店舗07,2026-02-01,11,4
店舗07,2026-02-01,12,3
店舗07,2026-02-01,13,3
店舗07,2026-02-01,14,4
店舗07,2026-02-01,15,4
店舗07,2026-02-01,16,4
店舗07,2026-02-01,17,3
店舗07,2026-02-01,18,6
店舗07,2026-02-01,19,3
店舗07,2026-02-01,20,4
店舗07,2026-02-01,21,3
店舗07,2026-02-02,8,4
店舗07,2026-02-02,9,2
店舗07,2026-02-02,10,3
店舗07,2026-02-02,11,4
店舗07,2026-02-02,12,3
店舗07,2026-02-02,13,4
店舗07,2026-02-02,14,4
店舗07,2026-02-02,15,4
店舗07,2026-02-02,16,3
店舗07,2026-02-02,17,4
店舗07,2026-02-02,18,5
店舗07,2026-02-02,19,5
店舗07,2026-02-02,20,3
店舗07,2026-02-02,21,3
店舗07,2026-02-03,8,4
店舗07,2026-02-03,9,3
店舗07,2026-02-03,10,2
店舗07,2026-02-03,11,4
店舗07,2026-02-03,12,4
店舗07,2026-02-03,13,3
店舗07,2026-02-03,14,4
店舗07,2026-02-03,15,3
店舗07,2026-02-03,16,4
店舗07,2026-02-03,17,3
店舗07,2026-02-03,18,3
店舗07,2026-02-03,19,4
店舗07,2026-02-03,20,2
店舗07,2026-02-03,21,2
店舗07,2026-02-04,8,2
店舗07,2026-02-04,9,3
店舗07,2026-02-04,10,3
店舗07,2026-02-04,11,4
店舗07,2026-02-04,12,4
店舗07,2026-02-04,13,5
店舗07,2026-02-04,14,3
店舗07,2026-02-04,15,4
店舗07,2026-02-04,16,3
店舗07,2026-02-04,17,5
店舗07,2026-02-04,18,5
店舗07,2026-02-04,19,4
店舗07,2026-02-04,20,3
店舗07,2026-02-04,21,3
店舗07,2026-02-05,8,4
店舗07,2026-02-05,9,3
店舗07,2026-02-05,10,3
店舗07,2026-02-05,11,3
店舗07,2026-02-05,12,5
店舗07,2026-02-05,13,4
店舗07,2026-02-05,14,4
店舗07,2026-02-05,15,3
店舗07,2026-02-05,16,4
店舗07,2026-02-05,17,3
店舗07,2026-02-05,18,3
店舗07,2026-02-05,19,5
店舗07,2026-02-05,20,3
店舗07,2026-02-05,21,3
店舗07,2026-02-06,8,4
店舗07,2026-02-06,9,3
店舗07,2026-02-06,10,2
店舗07,2026-02-06,11,4
店舗07,2026-02-06,12,4
店舗07,2026-02-06,13,3
店舗07,2026-02-06,14,4
店舗07,2026-02-06,15,2
店舗07,2026-02-06,16,2
店舗07,2026-02-06,17,3
店舗07,2026-02-06,18,4
店舗07,2026-02-06,19,4
店舗07,2026-02-06,20,4
店舗07,2026-02-06,21,3
店舗07,2026-02-07,8,3
店舗07,2026-02-07,9,4
店舗07,2026-02-07,10,4
店舗07,2026-02-07,11,4
店舗07,2026-02-07,12,5
店舗07,2026-02-07,13,5
店舗07,2026-02-07,14,5
店舗07,2026-02-07,15,4
店舗07,2026-02-07,16,3
店舗07,2026-02-07,17,3
店舗07,2026-02-07,18,6
店舗07,2026-02-07,19,3
店舗07,2026-02-07,20,4
店舗07,2026-02-07,21,2
店舗07,2026-02-08,8,4
店舗07,2026-02-08,9,3
店舗07,2026-02-08,10,5
店舗07,2026-02-08,11,4
店舗07,2026-02-08,12,4
店舗07,2026-02-08,13,5
店舗07,2026-02-08,14,3
店舗07,2026-02-08,15,5
店舗07,2026-02-08,16,4
店舗07,2026-02-08,17,4
店舗07,2026-02-08,18,6
店舗07,2026-02-08,19,4
店舗07,2026-02-08,20,3
店舗07,2026-02-08,21,3
店舗07,2026-02-09,8,3
店舗07,2026-02-09,9,3
店舗07,2026-02-09,10,4
店舗07,2026-02-09,11,3
店舗07,2026-02-09,12,4
店舗07,2026-02-09,13,4
店舗07,2026-02-09,14,3
店舗07,2026-02-09,15,2
店舗07,2026-02-09,16,4
店舗07,2026-02-09,17,4
店舗07,2026-02-09,18,4
店舗07,2026-02-09,19,5
店舗07,2026-02-09,20,3
店舗07,2026-02-09,21,2
店舗07,2026-02-10,8,4
店舗07,2026-02-10,9,4
店舗07,2026-02-10,10,2
店舗07,2026-02-10,11,4
店舗07,2026-02-10,12,4
店舗07,2026-02-10,13,4
店舗07,2026-02-10,14,3
店舗07,2026-02-10,15,3
店舗07,2026-02-10,16,3
店舗07,2026-02-10,17,4
店舗07,2026-02-10,18,4
店舗07,2026-02-10,19,3
店舗07,2026-02-10,20,4
店舗07,2026-02-10,21,4
店舗07,2026-02-11,8,4
店舗07,2026-02-11,9,2
店舗07,2026-02-11,10,4
店舗07,2026-02-11,11,3
店舗07,2026-02-11,12,5
店舗07,2026-02-11,13,4
店舗07,2026-02-11,14,2
店舗07,2026-02-11,15,4
店舗07,2026-02-11,16,3
店舗07,2026-02-11,17,4
店舗07,2026-02-11,18,4
店舗07,2026-02-11,19,4
店舗07,2026-02-11,20,2
店舗07,2026-02-11,21,2
店舗07,2026-02-12,8,4
店舗07,2026-02-12,9,2
店舗07,2026-02-12,10,4
店舗07,2026-02-12,11,4
店舗07,2026-02-12,12,3
店舗07,2026-02-12,13,5
店舗07,2026-02-12,14,3
店舗07,2026-02-12,15,2
店舗07,2026-02-12,16,4
店舗07,2026-02-12,17,4
店舗07,2026-02-12,18,4
店舗07,2026-02-12,19,4
店舗07,2026-02-12,20,4
店舗07,2026-02-12,21,4
店舗07,2026-02-13,8,3
店舗07,2026-02-13,9,4
店舗07,2026-02-13,10,4
店舗07,2026-02-13,11,4
店舗07,2026-02-13,12,4
店舗07,2026-02-13,13,5
店舗07,2026-02-13,14,2
店舗07,2026-02-13,15,2
店舗07,2026-02-13,16,5
店舗07,2026-02-13,17,3
店舗07,2026-02-13,18,4
店舗07,2026-02-13,19,3
店舗07,2026-02-13,20,4
店舗07,2026-02-13,21,2
店舗07,2026-02-14,8,2
店舗07,2026-02-14,9,5
店舗07,2026-02-14,10,5
店舗07,2026-02-14,11,5
店舗07,2026-02-14,12,3
店舗07,2026-02-14,13,5
店舗07,2026-02-14,14,5
店舗07,2026-02-14,15,4
店舗07,2026-02-14,16,3
店舗07,2026-02-14,17,4
店舗07,2026-02-14,18,3
店舗07,2026-02-14,19,3
店舗07,2026-02-14,20,5
店舗07,2026-02-14,21,2
店舗07,2026-02-15,8,2
店舗07,2026-02-15,9,3
店舗07,2026-02-15,10,3
店舗07,2026-02-15,11,5
店舗07,2026-02-15,12,4
店舗07,2026-02-15,13,4
店舗07,2026-02-15,14,5
店舗07,2026-02-15,15,3
店舗07,2026-02-15,16,4
店舗07,2026-02-15,17,4
店舗07,2026-02-15,18,3
店舗07,2026-02-15,19,5
店舗07,2026-02-15,20,5
店舗07,2026-02-15,21,3
店舗07,2026-02-16,8,2
店舗07,2026-02-16,9,4
店舗07,2026-02-16,10,3
店舗07,2026-02-16,11,4
店舗07,2026-02-16,12,5
店舗07,2026-02-16,13,4
店舗07,2026-02-16,14,2
店舗07,2026-02-16,15,2
店舗07,2026-02-16,16,4
店舗07,2026-02-16,17,5
店舗07,2026-02-16,18,4
店舗07,2026-02-16,19,3
店舗07,2026-02-16,20,4
店舗07,2026-02-16,21,3
店舗07,2026-02-17,8,4
店舗07,2026-02-17,9,3
店舗07,2026-02-17,10,5
店舗07,2026-02-17,11,4
店舗07,2026-02-17,12,3
店舗07,2026-02-17,13,4
店舗07,2026-02-17,14,4
店舗07,2026-02-17,15,4
店舗07,2026-02-17,16,4
店舗07,2026-02-17,17,3
店舗07,2026-02-17,18,4
店舗07,2026-02-17,19,4
店舗07,2026-02-17,20,5
店舗07,2026-02-17,21,4
店舗07,2026-02-18,8,3
店舗07,2026-02-18,9,3
店舗07,2026-02-18,10,3
店舗07,2026-02-18,11,4
店舗07,2026-02-18,12,5
店舗07,2026-02-18,13,5
店舗07,2026-02-18,14,3
店舗07,2026-02-18,15,3
店舗07,2026-02-18,16,3
店舗07,2026-02-18,17,4
店舗07,2026-02-18,18,4
店舗07,2026-02-18,19,4
店舗07,2026-02-18,20,3
店舗07,2026-02-18,21,3
店舗07,2026-02-19,8,4
店舗07,2026-02-19,9,3
店舗07,2026-02-19,10,2
店舗07,2026-02-19,11,3
店舗07,2026-02-19,12,4
店舗07,2026-02-19,13,3
店舗07,2026-02-19,14,3
店舗07,2026-02-19,15,3
店舗07,2026-02-19,16,3
店舗07,2026-02-19,17,5
店舗07,2026-02-19,18,5
店舗07,2026-02-19,19,5
店舗07,2026-02-19,20,4
店舗07,2026-02-19,21,3
店舗07,2026-02-20,8,3
店舗07,2026-02-20,9,4
店舗07,2026-02-20,10,2
店舗07,2026-02-20,11,3
店舗07,2026-02-20,12,3
店舗07,2026-02-20,13,4
店舗07,2026-02-20,14,5
店舗07,2026-02-20,15,4
店舗07,2026-02-20,16,2
店舗07,2026-02-20,17,3
店舗07,2026-02-20,18,4
店舗07,2026-02-20,19,4
店舗07,2026-02-20,20,4
店舗07,2026-02-20,21,4
店舗07,2026-02-21,8,3
店舗07,2026-02-21,9,4
店舗07,2026-02-21,10,4
店舗07,2026-02-21,11,3
店舗07,2026-02-21,12,4
店舗07,2026-02-21,13,4
店舗07,2026-02-21,14,3
店舗07,2026-02-21,15,3
店舗07,2026-02-21,16,4
店舗07,2026-02-21,17,4
店舗07,2026-02-21,18,4
店舗07,2026-02-21,19,3
店舗07,2026-02-21,20,4
店舗07,2026-02-21,21,3
店舗07,2026-02-22,8,4
店舗07,2026-02-22,9,3
店舗07,2026-02-22,10,4
店舗07,2026-02-22,11,4
店舗07,2026-02-22,12,4
店舗07,2026-02-22,13,5
店舗07,2026-02-22,14,5
店舗07,2026-02-22,15,3
店舗07,2026-02-22,16,3
店舗07,2026-02-22,17,4
店舗07,2026-02-22,18,4
店舗07,2026-02-22,19,5
店舗07,2026-02-22,20,4
店舗07,2026-02-22,21,5
店舗07,2026-02-23,8,2
店舗07,2026-02-23,9,3
店舗07,2026-02-23,10,4
店舗07,2026-02-23,11,4
店舗07,2026-02-23,12,4
店舗07,2026-02-23,13,4
店舗07,2026-02-23,14,3
店舗07,2026-02-23,15,3
店舗07,2026-02-23,16,2
店舗07,2026-02-23,17,4
店舗07,2026-02-23,18,4
店舗07,2026-02-23,19,4
店舗07,2026-02-23,20,3
店舗07,2026-02-23,21,3
店舗07,2026-02-24,8,3
店舗07,2026-02-24,9,5
店舗07,2026-02-24,10,4
店舗07,2026-02-24,11,4
店舗07,2026-02-24,12,4
店舗07,2026-02-24,13,5
店舗07,2026-02-24,14,4
店舗07,2026-02-24,15,3
店舗07,2026-02-24,16,4
店舗07,2026-02-24,17,3
店舗07,2026-02-24,18,4
店舗07,2026-02-24,19,4
店舗07,2026-02-24,20,3
店舗07,2026-02-24,21,3
店舗07,2026-02-25,8,3
店舗07,2026-02-25,9,4
店舗07,2026-02-25,10,5
店舗07,2026-02-25,11,4
店舗07,2026-02-25,12,3
店舗07,2026-02-25,13,4
店舗07,2026-02-25,14,2
店舗07,2026-02-25,15,2
店舗07,2026-02-25,16,3
店舗07,2026-02-25,17,3
店舗07,2026-02-25,18,4
店舗07,2026-02-25,19,4
店舗07,2026-02-25,20,4
店舗07,2026-02-25,21,2
店舗07,2026-02-26,8,3
店舗07,2026-02-26,9,2
店舗07,2026-02-26,10,4
店舗07,2026-02-26,11,3
店舗07,2026-02-26,12,3
店舗07,2026-02-26,13,4
店舗07,2026-02-26,14,2
店舗07,2026-02-26,15,3
店舗07,2026-02-26,16,3
店舗07,2026-02-26,17,3
店舗07,2026-02-26,18,3
店舗07,2026-02-26,19,4
店舗07,2026-02-26,20,2
店舗07,2026-02-26,21,3
店舗07,2026-02-27,8,2
店舗07,2026-02-27,9,3
店舗07,2026-02-27,10,2
店舗07,2026-02-27,11,3
店舗07,2026-02-27,12,4
店舗07,2026-02-27,13,5
店舗07,2026-02-27,14,4
店舗07,2026-02-27,15,4
店舗07,2026-02-27,16,4
店舗07,2026-02-27,17,4
店舗07,2026-02-27,18,3
店舗07,2026-02-27,19,5
店舗07,2026-02-27,20,4
店舗07,2026-02-27,21,3
店舗07,2026-02-28,8,3
店舗07,2026-02-28,9,3
店舗07,2026-02-28,10,4
店舗07,2026-02-28,11,4
店舗07,2026-02-28,12,4
店舗07,2026-02-28,13,4
店舗07,2026-02-28,14,3
店舗07,2026-02-28,15,4
店舗07,2026-02-28,16,4
店舗07,2026-02-28,17,4
店舗07,2026-02-28,18,5
店舗07,2026-02-28,19,4
店舗07,2026-02-28,20,4
店舗07,2026-02-28,21,2
店舗07,2026-03-01,8,4
店舗07,2026-03-01,9,5
店舗07,2026-03-01,10,3
店舗07,2026-03-01,11,4
店舗07,2026-03-01,12,4
店舗07,2026-03-01,13,5
店舗07,2026-03-01,14,4
店舗07,2026-03-01,15,3
店舗07,2026-03-01,16,4
店舗07,2026-03-01,17,3
店舗07,2026-03-01,18,4
店舗07,2026-03-01,19,5
店舗07,2026-03-01,20,3
店舗07,2026-03-01,21,5
店舗08,2026-01-05,8,2
店舗08,2026-01-05,9,4
店舗08,2026-01-05,10,5
店舗08,2026-01-05,11,4
店舗08,2026-01-05,12,3
店舗08,2026-01-05,13,3
店舗08,2026-01-05,14,5
店舗08,2026-01-05,15,2
店舗08,2026-01-05,16,5
店舗08,2026-01-05,17,5
店舗08,2026-01-05,18,4
店舗08,2026-01-05,19,5
店舗08,2026-01-05,20,4
店舗08,2026-01-05,21,3
店舗08,2026-01-06,8,4
店舗08,2026-01-06,9,3
店舗08,2026-01-06,10,2
店舗08,2026-01-06,11,4
店舗08,2026-01-06,12,4
店舗08,2026-01-06,13,4
店舗08,2026-01-06,14,3
店舗08,2026-01-06,15,4
店舗08,2026-01-06,16,3
店舗08,2026-01-06,17,4
店舗08,2026-01-06,18,5
店舗08,2026-01-06,19,4
店舗08,2026-01-06,20,2
店舗08,2026-01-06,21,2
店舗08,2026-01-07,8,3
店舗08,2026-01-07,9,2
店舗08,2026-01-07,10,4
店舗08,2026-01-07,11,4
店舗08,2026-01-07,12,4
店舗08,2026-01-07,13,4
店舗08,2026-01-07,14,2
店舗08,2026-01-07,15,3
店舗08,2026-01-07,16,3
店舗08,2026-01-07,17,4
店舗08,2026-01-07,18,4
店舗08,2026-01-07,19,4
店舗08,2026-01-07,20,4
店舗08,2026-01-07,21,3
店舗08,2026-01-08,8,3
店舗08,2026-01-08,9,3
店舗08,2026-01-08,10,5
店舗08,2026-01-08,11,3
店舗08,2026-01-08,12,3
店舗08,2026-01-08,13,4
店舗08,2026-01-08,14,5
店舗08,2026-01-08,15,4
店舗08,2026-01-08,16,2
店舗08,2026-01-08,17,3
店舗08,2026-01-08,18,5
店舗08,2026-01-08,19,4
店舗08,2026-01-08,20,3
店舗08,2026-01-08,21,4
店舗08,2026-01-09,8,3
店舗08,2026-01-09,9,4
店舗08,2026-01-09,10,4
店舗08,2026-01-09,11,4
店舗08,2026-01-09,12,4
店舗08,2026-01-09,13,4
店舗08,2026-01-09,14,4
店舗08,2026-01-09,15,5
店舗08,2026-01-09,16,4
店舗08,2026-01-09,17,4
店舗08,2026-01-09,18,5
店舗08,2026-01-09,19,5
店舗08,2026-01-09,20,3
店舗08,2026-01-09,21,3
店舗08,2026-01-10,8,4
店舗08,2026-01-10,9,4
店舗08,2026-01-10,10,3
店舗08,2026-01-10,11,5
店舗08,2026-01-10,12,6
店舗08,2026-01-10,13,4
店舗08,2026-01-10,14,4
店舗08,2026-01-10,15,5
店舗08,2026-01-10,16,4
店舗08,2026-01-10,17,4
店舗08,2026-01-10,18,5
店舗08,2026-01-10,19,5
店舗08,2026-01-10,20,3
店舗08,2026-01-10,21,5
店舗08,2026-01-11,8,3
店舗08,2026-01-11,9,3
店舗08,2026-01-11,10,3
店舗08,2026-01-11,11,5
店舗08,2026-01-11,12,4
店舗08,2026-01-11,13,4
店舗08,2026-01-11,14,4
店舗08,2026-01-11,15,4
店舗08,2026-01-11,16,4
店舗08,2026-01-11,17,5
店舗08,2026-01-11,18,6
店舗08,2026-01-11,19,5
店舗08,2026-01-11,20,4
店舗08,2026-01-11,21,4
店舗08,2026-01-12,8,3
店舗08,2026-01-12,9,2
店舗08,2026-01-12,10,4
店舗08,2026-01-12,11,4
店舗08,2026-01-12,12,3
店舗08,2026-01-12,13,4
店舗08,2026-01-12,14,5
店舗08,2026-01-12,15,4
店舗08,2026-01-12,16,4
店舗08,2026-01-12,17,4
店舗08,2026-01-12,18,5
店舗08,2026-01-12,19,4
店舗08,2026-01-12,20,4
店舗08,2026-01-12,21,4
店舗08,2026-01-13,8,4
店舗08,2026-01-13,9,3
店舗08,2026-01-13,10,4
店舗08,2026-01-13,11,4
店舗08,2026-01-13,12,4
店舗08,2026-01-13,13,4
店舗08,2026-01-13,14,3
店舗08,2026-01-13,15,3
店舗08,2026-01-13,16,5
店舗08,2026-01-13,17,3
店舗08,2026-01-13,18,4
店舗08,2026-01-13,19,4
店舗08,2026-01-13,20,5
店舗08,2026-01-13,21,4
店舗08,2026-01-14,8,2
店舗08,2026-01-14,9,3
店舗08,2026-01-14,10,4
店舗08,2026-01-14,11,4
店舗08,2026-01-14,12,4
店舗08,2026-01-14,13,4
店舗08,2026-01-14,14,4
店舗08,2026-01-14,15,4
店舗08,2026-01-14,16,4
店舗08,2026-01-14,17,3
店舗08,2026-01-14,18,5
店舗08,2026-01-14,19,4
店舗08,2026-01-14,20,3
店舗08,2026-01-14,21,3
店舗08,2026-01-15,8,4
店舗08,2026-01-15,9,5
店舗08,2026-01-15,10,5
店舗08,2026-01-15,11,3
店舗08,2026-01-15,12,3
店舗08,2026-01-15,13,3
店舗08,2026-01-15,14,4
店舗08,2026-01-15,15,3
店舗08,2026-01-15,16,5
店舗08,2026-01-15,17,5
店舗08,2026-01-15,18,4
店舗08,2026-01-15,19,3
店舗08,2026-01-15,20,3
店舗08,2026-01-15,21,4
店舗08,2026-01-16,8,3
店舗08,2026-01-16,9,2
店舗08,2026-01-16,10,4
店舗08,2026-01-16,11,4
店舗08,2026-01-16,12,4
店舗08,2026-01-16,13,5
店舗08,2026-01-16,14,5
店舗08,2026-01-16,15,2
店舗08,2026-01-16,16,4
店舗08,2026-01-16,17,4
店舗08,2026-01-16,18,4
店舗08,2026-01-16,19,4
店舗08,2026-01-16,20,5
店舗08,2026-01-16,21,4
店舗08,2026-01-17,8,3
店舗08,2026-01-17,9,3
店舗08,2026-01-17,10,3
店舗08,2026-01-17,11,5
店舗08,2026-01-17,12,5
店舗08,2026-01-17,13,4
店舗08,2026-01-17,14,5
店舗08,2026-01-17,15,5
店舗08,2026-01-17,16,4
店舗08,2026-01-17,17,3
店舗08,2026-01-17,18,6
店舗08,2026-01-17,19,5
店舗08,2026-01-17,20,5
店舗08,2026-01-17,21,4
店舗08,2026-01-18,8,3
店舗08,2026-01-18,9,3
店舗08,2026-01-18,10,5
店舗08,2026-01-18,11,4
店舗08,2026-01-18,12,5
店舗08,2026-01-18,13,4
店舗08,2026-01-18,14,3
店舗08,2026-01-18,15,4
店舗08,2026-01-18,16,3
店舗08,2026-01-18,17,5
店舗08,2026-01-18,18,6
店舗08,2026-01-18,19,5
店舗08,2026-01-18,20,4
店舗08,2026-01-18,21,4
店舗08,2026-01-19,8,4
店舗08,2026-01-19,9,4
店舗08,2026-01-19,10,4
店舗08,2026-01-19,11,4
店舗08,2026-01-19,12,3
店舗08,2026-01-19,13,3
店舗08,2026-01-19,14,4
店舗08,2026-01-19,15,3
店舗08,2026-01-19,16,4
店舗08,2026-01-19,17,5
店舗08,2026-01-19,18,3
店舗08,2026-01-19,19,4
店舗08,2026-01-19,20,3
店舗08,2026-01-19,21,3
店舗08,2026-01-20,8,3
店舗08,2026-01-20,9,4
店舗08,2026-01-20,10,4
店舗08,2026-01-20,11,3
店舗08,2026-01-20,12,4
店舗08,2026-01-20,13,4
店舗08,2026-01-20,14,3
店舗08,2026-01-20,15,5
店舗08,2026-01-20,16,4
店舗08,2026-01-20,17,4
店舗08,2026-01-20,18,4
店舗08,2026-01-20,19,3
店舗08,2026-01-20,20,3
店舗08,2026-01-20,21,2
店舗08,2026-01-21,8,3
店舗08,2026-01-21,9,4
店舗08,2026-01-21,10,2
店舗08,2026-01-21,11,4
店舗08,2026-01-21,12,4
店舗08,2026-01-21,13,3
店舗08,2026-01-21,14,3
店舗08,2026-01-21,15,4
店舗08,2026-01-21,16,3
店舗08,2026-01-21,17,4
店舗08,2026-01-21,18,4
店舗08,2026-01-21,19,4
店舗08,2026-01-21,20,3
店舗08,2026-01-21,21,4
店舗08,2026-01-22,8,3
店舗08,2026-01-22,9,2
店舗08,2026-01-22,10,4
店舗08,2026-01-22,11,5
店舗08,2026-01-22,12,5
店舗08,2026-01-22,13,3
店舗08,2026-01-22,14,3
店舗08,2026-01-22,15,3
店舗08,2026-01-22,16,4
店舗08,2026-01-22,17,4
店舗08,2026-01-22,18,5
店舗08,2026-01-22,19,4
店舗08,2026-01-22,20,4
店舗08,2026-01-22,21,4
店舗08,2026-01-23,8,4
店舗08,2026-01-23,9,2
店舗08,2026-01-23,10,4
店舗08,2026-01-23,11,4
店舗08,2026-01-23,12,3
店舗08,2026-01-23,13,4
店舗08,2026-01-23,14,3
店舗08,2026-01-23,15,3
店舗08,2026-01-23,16,4
店舗08,2026-01-23,17,3
店舗08,2026-01-23,18,5
店舗08,2026-01-23,19,5
店舗08,2026-01-23,20,4
店舗08,2026-01-23,21,3
店舗08,2026-01-24,8,3
店舗08,2026-01-24,9,3
店舗08,2026-01-24,10,4
店舗08,2026-01-24,11,3
店舗08,2026-01-24,12,5
店舗08,2026-01-24,13,4
店舗08,2026-01-24,14,4
店舗08,2026-01-24,15,4
店舗08,2026-01-24,16,3
店舗08,2026-01-24,17,6
店舗08,2026-01-24,18,5
店舗08,2026-01-24,19,3
店舗08,2026-01-24,20,5
店舗08,2026-01-24,21,4
店舗08,2026-01-25,8,2
店舗08,2026-01-25,9,3
店舗08,2026-01-25,10,4
店舗08,2026-01-25,11,4
店舗08,2026-01-25,12,5
店舗08,2026-01-25,13,3
店舗08,2026-01-25,14,5
店舗08,2026-01-25,15,3
店舗08,2026-01-25,16,5
店舗08,2026-01-25,17,4
店舗08,2026-01-25,18,6
店舗08,2026-01-25,19,5
店舗08,2026-01-25,20,5
店舗08,2026-01-25,21,3
店舗08,2026-01-26,8,4
店舗08,2026-01-26,9,3
店舗08,2026-01-26,10,3
店舗08,2026-01-26,11,4
店舗08,2026-01-26,12,4
店舗08,2026-01-26,13,5
店舗08,2026-01-26,14,4
店舗08,2026-01-26,15,4
店舗08,2026-01-26,16,4
店舗08,2026-01-26,17,3
店舗08,2026-01-26,18,4
店舗08,2026-01-26,19,3
店舗08,2026-01-26,20,3
店舗08,2026-01-26,21,3
店舗08,2026-01-27,8,4
店舗08,2026-01-27,9,2
店舗08,2026-01-27,10,3
店舗08,2026-01-27,11,4
店舗08,2026-01-27,12,3
店舗08,2026-01-27,13,5
店舗08,2026-01-27,14,5
店舗08,2026-01-27,15,4
店舗08,2026-01-27,16,2
店舗08,2026-01-27,17,5
店舗08,2026-01-27,18,3
店舗08,2026-01-27,19,3
店舗08,2026-01-27,20,5
店舗08,2026-01-27,21,3
店舗08,2026-01-28,8,3
店舗08,2026-01-28,9,2
店舗08,2026-01-28,10,4
店舗08,2026-01-28,11,4
店舗08,2026-01-28,12,4
店舗08,2026-01-28,13,5
店舗08,2026-01-28,14,4
店舗08,2026-01-28,15,3
店舗08,2026-01-28,16,3
店舗08,2026-01-28,17,3
店舗08,2026-01-28,18,5
店舗08,2026-01-28,19,4
店舗08,2026-01-28,20,4
店舗08,2026-01-28,21,3
店舗08,2026-01-29,8,4
店舗08,2026-01-29,9,2
店舗08,2026-01-29,10,5
店舗08,2026-01-29,11,4
店舗08,2026-01-29,12,5
店舗08,2026-01-29,13,3
店舗08,2026-01-29,14,4
店舗08,2026-01-29,15,2
店舗08,2026-01-29,16,3
店舗08,2026-01-29,17,4
店舗08,2026-01-29,18,5
店舗08,2026-01-29,19,4
店舗08,2026-01-29,20,3
店舗08,2026-01-29,21,2
店舗08,2026-01-30,8,2
店舗08,2026-01-30,9,2
店舗08,2026-01-30,10,4
店舗08,2026-01-30,11,5
店舗08,2026-01-30,12,4
店舗08,2026-01-30,13,5
店舗08,2026-01-30,14,3
店舗08,2026-01-30,15,3
店舗08,2026-01-30,16,5
店舗08,2026-01-30,17,4
店舗08,2026-01-30,18,5
店舗08,2026-01-30,19,4
店舗08,2026-01-30,20,4
店舗08,2026-01-30,21,3
店舗08,2026-01-31,8,3
店舗08,2026-01-31,9,3
店舗08,2026-01-31,10,3
店舗08,2026-01-31,11,3
店舗08,2026-01-31,12,5
店舗08,2026-01-31,13,4
店舗08,2026-01-31,14,4
店舗08,2026-01-31,15,5
店舗08,2026-01-31,16,3
店舗08,2026-01-31,17,3
店舗08,2026-01-31,18,5
店舗08,2026-01-31,19,5
店舗08,2026-01-31,20,3
店舗08,2026-01-31,21,4
店舗08,2026-02-01,8,4
店舗08,2026-02-01,9,3
店舗08,2026-02-01,10,4
店舗08,2026-02-01,11,4
店舗08,2026-02-01,12,4
店舗08,2026-02-01,13,4
店舗08,2026-02-01,14,4
店舗08,2026-02-01,15,5
店舗08,2026-02-01,16,5
店舗08,2026-02-01,17,4
店舗08,2026-02-01,18,5
店舗08,2026-02-01,19,3
店舗08,2026-02-01,20,4
店舗08,2026-02-01,21,5
店舗08,2026-02-02,8,3
店舗08,2026-02-02,9,4
店舗08,2026-02-02,10,3
店舗08,2026-02-02,11,5
店舗08,2026-02-02,12,3
店舗08,2026-02-02,13,4
店舗08,2026-02-02,14,4
店舗08,2026-02-02,15,2
店舗08,2026-02-02,16,4
店舗08,2026-02-02,17,3
店舗08,2026-02-02,18,5
店舗08,2026-02-02,19,5
店舗08,2026-02-02,20,4
店舗08,2026-02-02,21,4
店舗08,2026-02-03,8,3
店舗08,2026-02-03,9,3
店舗08,2026-02-03,10,4
店舗08,2026-02-03,11,5
店舗08,2026-02-03,12,3
店舗08,2026-02-03,13,3
店舗08,2026-02-03,14,5
店舗08,2026-02-03,15,3
店舗08,2026-02-03,16,3
店舗08,2026-02-03,17,5
店舗08,2026-02-03,18,4
店舗08,2026-02-03,19,5
店舗08,2026-02-03,20,4
店舗08,2026-02-03,21,4
店舗08,2026-02-04,8,3
店舗08,2026-02-04,9,3
店舗08,2026-02-04,10,3
店舗08,2026-02-04,11,4
店舗08,2026-02-04,12,4
店舗08,2026-02-04,13,3
店舗08,2026-02-04,14,4
店舗08,2026-02-04,15,3
店舗08,2026-02-04,16,4
店舗08,2026-02-04,17,4
店舗08,2026-02-04,18,4
店舗08,2026-02-04,19,5
店舗08,2026-02-04,20,5
店舗08,2026-02-04,21,2
店舗08,2026-02-05,8,5
店舗08,2026-02-05,9,3
店舗08,2026-02-05,10,3
店舗08,2026-02-05,11,4
店舗08,2026-02-05,12,5
店舗08,2026-02-05,13,3
店舗08,2026-02-05,14,4
店舗08,2026-02-05,15,4
店舗08,2026-02-05,16,3
店舗08,2026-02-05,17,5
店舗08,2026-02-05,18,3
店舗08,2026-02-05,19,3
店舗08,2026-02-05,20,3
店舗08,2026-02-05,21,2
店舗08,2026-02-06,8,3
店舗08,2026-02-06,9,4
店舗08,2026-02-06,10,3
店舗08,2026-02-06,11,3
店舗08,2026-02-06,12,4
店舗08,2026-02-06,13,3
店舗08,2026-02-06,14,3
店舗08,2026-02-06,15,4
店舗08,2026-02-06,16,3
店舗08,2026-02-06,17,5
店舗08,2026-02-06,18,5
店舗08,2026-02-06,19,4
店舗08,2026-02-06,20,3
店舗08,2026-02-06,21,3
店舗08,2026-02-07,8,3
店舗08,2026-02-07,9,4
店舗08,2026-02-07,10,5
店舗08,2026-02-07,11,3
店舗08,2026-02-07,12,3
店舗08,2026-02-07,13,3
店舗08,2026-02-07,14,4
店舗08,2026-02-07,15,5
店舗08,2026-02-07,16,5
店舗08,2026-02-07,17,4
店舗08,2026-02-07,18,5
店舗08,2026-02-07,19,4
店舗08,2026-02-07,20,4
店舗08,2026-02-07,21,3
店舗08,2026-02-08,8,4
店舗08,2026-02-08,9,3
店舗08,2026-02-08,10,3
店舗08,2026-02-08,11,4
店舗08,2026-02-08,12,5
店舗08,2026-02-08,13,4
店舗08,2026-02-08,14,4
店舗08,2026-02-08,15,4
店舗08,2026-02-08,16,4
店舗08,2026-02-08,17,4
店舗08,2026-02-08,18,4
店舗08,2026-02-08,19,4
店舗08,2026-02-08,20,3
店舗08,2026-02-08,21,3
店舗08,2026-02-09,8,2
店舗08,2026-02-09,9,2
店舗08,2026-02-09,10,4
店舗08,2026-02-09,11,4
店舗08,2026-02-09,12,5
店舗08,2026-02-09,13,5
店舗08,2026-02-09,14,3
店舗08,2026-02-09,15,2
店舗08,2026-02-09,16,2
店舗08,2026-02-09,17,4
店舗08,2026-02-09,18,4
店舗08,2026-02-09,19,3
店舗08,2026-02-09,20,2
店舗08,2026-02-09,21,2
店舗08,2026-02-10,8,2
店舗08,2026-02-10,9,5
店舗08,2026-02-10,10,3
店舗08,2026-02-10,11,5
店舗08,2026-02-10,12,3
店舗08,2026-02-10,13,3
店舗08,2026-02-10,14,3
店舗08,2026-02-10,15,3
店舗08,2026-02-10,16,5
店舗08,2026-02-10,17,3
店舗08,2026-02-10,18,4
店舗08,2026-02-10,19,3
店舗08,2026-02-10,20,4
店舗08,2026-02-10,21,3
店舗08,2026-02-11,8,3
店舗08,2026-02-11,9,3
店舗08,2026-02-11,10,4
店舗08,2026-02-11,11,3
店舗08,2026-02-11,12,5
店舗08,2026-02-11,13,5
店舗08,2026-02-11,14,4
店舗08,2026-02-11,15,4
店舗08,2026-02-11,16,3
店舗08,2026-02-11,17,3
店舗08,2026-02-11,18,4
店舗08,2026-02-11,19,4
店舗08,2026-02-11,20,4
店舗08,2026-02-11,21,3
店舗08,2026-02-12,8,3
店舗08,2026-02-12,9,3
店舗08,2026-02-12,10,3
店舗08,2026-02-12,11,3
店舗08,2026-02-12,12,5
店舗08,2026-02-12,13,4
店舗08,2026-02-12,14,2
店舗08,2026-02-12,15,3
店舗08,2026-02-12,16,4
店舗08,2026-02-12,17,4
店舗08,2026-02-12,18,5
店舗08,2026-02-12,19,4
店舗08,2026-02-12,20,3
店舗08,2026-02-12,21,3
店舗08,2026-02-13,8,2
店舗08,2026-02-13,9,2
店舗08,2026-02-13,10,3
店舗08,2026-02-13,11,4
店舗08,2026-02-13,12,3
店舗08,2026-02-13,13,5
店舗08,2026-02-13,14,2
店舗08,2026-02-13,15,3
店舗08,2026-02-13,16,4
店舗08,2026-02-13,17,3
店舗08,2026-02-13,18,4
店舗08,2026-02-13,19,4
店舗08,2026-02-13,20,5
店舗08,2026-02-13,21,3
店舗08,2026-02-14,8,3
店舗08,2026-02-14,9,2
店舗08,2026-02-14,10,3
店舗08,2026-02-14,11,5
店舗08,2026-02-14,12,5
店舗08,2026-02-14,13,4
店舗08,2026-02-14,14,4
店舗08,2026-02-14,15,4
店舗08,2026-02-14,16,5
店舗08,2026-02-14,17,6
店舗08,2026-02-14,18,5
店舗08,2026-02-14,19,4
店舗08,2026-02-14,20,4
店舗08,2026-02-14,21,4
店舗08,2026-02-15,8,3
店舗08,2026-02-15,9,3
店舗08,2026-02-15,10,5
店舗08,2026-02-15,11,5
店舗08,2026-02-15,12,3
店舗08,2026-02-15,13,3
店舗08,2026-02-15,14,4
店舗08,2026-02-15,15,4
店舗08,2026-02-15,16,5
店舗08,2026-02-15,17,6
店舗08,2026-02-15,18,4
店舗08,2026-02-15,19,4
店舗08,2026-02-15,20,3
店舗08,2026-02-15,21,4
店舗08,2026-02-16,8,2
店舗08,2026-02-16,9,4
店舗08,2026-02-16,10,3
店舗08,2026-02-16,11,4
店舗08,2026-02-16,12,4
店舗08,2026-02-16,13,4
店舗08,2026-02-16,14,4
店舗08,2026-02-16,15,4
店舗08,2026-02-16,16,4
店舗08,2026-02-16,17,5
店舗08,2026-02-16,18,4
店舗08,2026-02-16,19,3
店舗08,2026-02-16,20,3
店舗08,2026-02-16,21,2
店舗08,2026-02-17,8,3
店舗08,2026-02-17,9,3
店舗08,2026-02-17,10,5
店舗08,2026-02-17,11,5
店舗08,2026-02-17,12,3
店舗08,2026-02-17,13,4
店舗08,2026-02-17,14,4
店舗08,2026-02-17,15,3
店舗08,2026-02-17,16,5
店舗08,2026-02-17,17,4
店舗08,2026-02-17,18,5
店舗08,2026-02-17,19,4
店舗08,2026-02-17,20,2
店舗08,2026-02-17,21,2
店舗08,2026-02-18,8,3
店舗08,2026-02-18,9,4
店舗08,2026-02-18,10,4
店舗08,2026-02-18,11,4
店舗08,2026-02-18,12,4
店舗08,2026-02-18,13,5
店舗08,2026-02-18,14,3
店舗08,2026-02-18,15,4
店舗08,2026-02-18,16,3
店舗08,2026-02-18,17,3
店舗08,2026-02-18,18,4
店舗08,2026-02-18,19,3
店舗08,2026-02-18,20,4
店舗08,2026-02-18,21,3
店舗08,2026-02-19,8,2
店舗08,2026-02-19,9,3
店舗08,2026-02-19,10,4
店舗08,2026-02-19,11,3
店舗08,2026-02-19,12,5
店舗08,2026-02-19,13,3
店舗08,2026-02-19,14,3
店舗08,2026-02-19,15,3
店舗08,2026-02-19,16,2
店舗08,2026-02-19,17,3
店舗08,2026-02-19,18,4
店舗08,2026-02-19,19,4
店舗08,2026-02-19,20,4
店舗08,2026-02-19,21,3
店舗08,2026-02-20,8,3
店舗08,2026-02-20,9,4
店舗08,2026-02-20,10,2
店舗08,2026-02-20,11,3
店舗08,2026-02-20,12,3
店舗08,2026-02-20,13,3
店舗08,2026-02-20,14,5
店舗08,2026-02-20,15,3
店舗08,2026-02-20,16,3
店舗08,2026-02-20,17,4
店舗08,2026-02-20,18,3
店舗08,2026-02-20,19,5
店舗08,2026-02-20,20,3
店舗08,2026-02-20,21,4
店舗08,2026-02-21,8,2
店舗08,2026-02-21,9,4
店舗08,2026-02-21,10,3
店舗08,2026-02-21,11,3
店舗08,2026-02-21,12,4
店舗08,2026-02-21,13,4
店舗08,2026-02-21,14,4
店舗08,2026-02-21,15,4
店舗08,2026-02-21,16,4
店舗08,2026-02-21,17,3
店舗08,2026-02-21,18,5
店舗08,2026-02-21,19,5
店舗08,2026-02-21,20,4
店舗08,2026-02-21,21,5
店舗08,2026-02-22,8,5
店舗08,2026-02-22,9,3
店舗08,2026-02-22,10,4
店舗08,2026-02-22,11,5
店舗08,2026-02-22,12,4
店舗08,2026-02-22,13,4
店舗08,2026-02-22,14,2
店舗08,2026-02-22,15,5
店舗08,2026-02-22,16,4
店舗08,2026-02-22,17,3
店舗08,2026-02-22,18,4
店舗08,2026-02-22,19,4
店舗08,2026-02-22,20,5
店舗08,2026-02-22,21,5
店舗08,2026-02-23,8,3
店舗08,2026-02-23,9,3
店舗08,2026-02-23,10,4
店舗08,2026-02-23,11,3
店舗08,2026-02-23,12,3
店舗08,2026-02-23,13,5
店舗08,2026-02-23,14,3
店舗08,2026-02-23,15,3
店舗08,2026-02-23,16,4
店舗08,2026-02-23,17,4
店舗08,2026-02-23,18,5
店舗08,2026-02-23,19,4
店舗08,2026-02-23,20,5
店舗08,2026-02-23,21,2
店舗08,2026-02-24,8,2
店舗08,2026-02-24,9,3
店舗08,2026-02-24,10,3
店舗08,2026-02-24,11,3
店舗08,2026-02-24,12,4
店舗08,2026-02-24,13,5
店舗08,2026-02-24,14,4
店舗08,2026-02-24,15,4
店舗08,2026-02-24,16,2
店舗08,2026-02-24,17,5
店舗08,2026-02-24,18,5
店舗08,2026-02-24,19,4
店舗08,2026-02-24,20,4
店舗08,2026-02-24,21,2
店舗08,2026-02-25,8,4
店舗08,2026-02-25,9,2
店舗08,2026-02-25,10,5
店舗08,2026-02-25,11,4
店舗08,2026-02-25,12,4
店舗08,2026-02-25,13,4
店舗08,2026-02-25,14,5
店舗08,2026-02-25,15,2
店舗08,2026-02-25,16,2
店舗08,2026-02-25,17,3
店舗08,2026-02-25,18,3
店舗08,2026-02-25,19,4
店舗08,2026-02-25,20,4
店舗08,2026-02-25,21,4
店舗08,2026-02-26,8,3
店舗08,2026-02-26,9,4
店舗08,2026-02-26,10,3
店舗08,2026-02-26,11,5
店舗08,2026-02-26,12,4
店舗08,2026-02-26,13,5
店舗08,2026-02-26,14,5
店舗08,2026-02-26,15,4
店舗08,2026-02-26,16,3
店舗08,2026-02-26,17,5
店舗08,2026-02-26,18,5
店舗08,2026-02-26,19,5
店舗08,2026-02-26,20,4
店舗08,2026-02-26,21,4
店舗08,2026-02-27,8,3
店舗08,2026-02-27,9,3
店舗08,2026-02-27,10,5
店舗08,2026-02-27,11,3
店舗08,2026-02-27,12,3
店舗08,2026-02-27,13,5
店舗08,2026-02-27,14,4
店舗08,2026-02-27,15,3
店舗08,2026-02-27,16,3
店舗08,2026-02-27,17,5
店舗08,2026-02-27,18,4
店舗08,2026-02-27,19,4
店舗08,2026-02-27,20,4
店舗08,2026-02-27,21,4
店舗08,2026-02-28,8,2
店舗08,2026-02-28,9,5
店舗08,2026-02-28,10,4
店舗08,2026-02-28,11,4
店舗08,2026-02-28,12,4
店舗08,2026-02-28,13,3
店舗08,2026-02-28,14,3
店舗08,2026-02-28,15,4
店舗08,2026-02-28,16,4
店舗08,2026-02-28,17,3
店舗08,2026-02-28,18,5
店舗08,2026-02-28,19,3
店舗08,2026-02-28,20,4
店舗08,2026-02-28,21,4
店舗08,2026-03-01,8,2
店舗08,2026-03-01,9,4
店舗08,2026-03-01,10,4
店舗08,2026-03-01,11,3
店舗08,2026-03-01,12,4
店舗08,2026-03-01,13,4
店舗08,2026-03-01,14,3
店舗08,2026-03-01,15,4
店舗08,2026-03-01,16,4
店舗08,2026-03-01,17,4
店舗08,2026-03-01,18,6
店舗08,2026-03-01,19,5
店舗08,2026-03-01,20,4
店舗08,2026-03-01,21,3
