store,date,weekday,hour,visitors,sales_yen
店舗01,2026-01-05,0,8,22,47582
店舗01,2026-01-05,0,9,26,51969
店舗01,2026-01-05,0,10,21,49833
店舗01,2026-01-05,0,11,32,70286
店舗01,2026-01-05,0,12,39,97110
店舗01,2026-01-05,0,13,37,90064
店舗01,2026-01-05,0,14,24,57993
店舗01,2026-01-05,0,15,28,65548
店舗01,2026-01-05,0,16,27,60141
店舗01,2026-01-05,0,17,34,77279
店舗01,2026-01-05,0,18,38,92941
店舗01,2026-01-05,0,19,37,89819
店舗01,2026-01-05,0,20,36,81966
店舗01,2026-01-05,0,21,19,46757
店舗01,2026-01-06,1,8,25,58237
店舗01,2026-01-06,1,9,19,46875
店舗01,2026-01-06,1,10,30,73433
店舗01,2026-01-06,1,11,33,78243
店舗01,2026-01-06,1,12,36,90247
店舗01,2026-01-06,1,13,35,82676
店舗01,2026-01-06,1,14,28,68982
店舗01,2026-01-06,1,15,23,52103
店舗01,2026-01-06,1,16,25,57512
店舗01,2026-01-06,1,17,32,80777
店舗01,2026-01-06,1,18,33,75561
店舗01,2026-01-06,1,19,37,91687
店舗01,2026-01-06,1,20,30,68617
店舗01,2026-01-06,1,21,25,57889
店舗01,2026-01-07,2,8,15,32190
店舗01,2026-01-07,2,9,24,57015
店舗01,2026-01-07,2,10,29,65920
店舗01,2026-01-07,2,11,35,80301
店舗01,2026-01-07,2,12,37,82542
店舗01,2026-01-07,2,13,31,66177
店舗01,2026-01-07,2,14,29,65700
店舗01,2026-01-07,2,15,26,63190
店舗01,2026-01-07,2,16,30,69968
店舗01,2026-01-07,2,17,35,71620
店舗01,2026-01-07,2,18,34,71805
店舗01,2026-01-07,2,19,37,80920
店舗01,2026-01-07,2,20,26,67180
店舗01,2026-01-07,2,21,25,54549
店舗01,2026-01-08,3,8,20,43580
店舗01,2026-01-08,3,9,26,53016
店舗01,2026-01-08,3,10,28,66998
店舗01,2026-01-08,3,11,27,63801
店舗01,2026-01-08,3,12,33,78932
店舗01,2026-01-08,3,13,39,89970
店舗01,2026-01-08,3,14,23,54792
店舗01,2026-01-08,3,15,30,75010
店舗01,2026-01-08,3,16,29,75788
店舗01,2026-01-08,3,17,33,72046
店舗01,2026-01-08,3,18,38,79883
店舗01,2026-01-08,3,19,34,70899
店舗01,2026-01-08,3,20,23,55348
店舗01,2026-01-08,3,21,30,86235
店舗01,2026-01-09,4,8,22,47781
店舗01,2026-01-09,4,9,23,50684
店舗01,2026-01-09,4,10,25,55996
店舗01,2026-01-09,4,11,37,87996
店舗01,2026-01-09,4,12,35,75725
店舗01,2026-01-09,4,13,30,70210
店舗01,2026-01-09,4,14,34,80697
店舗01,2026-01-09,4,15,22,47008
店舗01,2026-01-09,4,16,24,53267
店舗01,2026-01-09,4,17,32,80030
店舗01,2026-01-09,4,18,36,90637
店舗01,2026-01-09,4,19,34,79651
店舗01,2026-01-09,4,20,24,58327
店舗01,2026-01-09,4,21,17,36040
店舗01,2026-01-10,5,8,26,68490
店舗01,2026-01-10,5,9,27,64839
店舗01,2026-01-10,5,10,38,90801
店舗01,2026-01-10,5,11,44,106796
店舗01,2026-01-10,5,12,49,116766
店舗01,2026-01-10,5,13,34,90004
店舗01,2026-01-10,5,14,40,92707
店舗01,2026-01-10,5,15,36,77426
店舗01,2026-01-10,5,16,30,73974
店舗01,2026-01-10,5,17,43,99785
店舗01,2026-01-10,5,18,49,127564
店舗01,2026-01-10,5,19,45,89144
店舗01,2026-01-10,5,20,33,72541
店舗01,2026-01-10,5,21,23,52667
店舗01,2026-01-11,6,8,29,61226
店舗01,2026-01-11,6,9,25,57275
店舗01,2026-01-11,6,10,37,90534
店舗01,2026-01-11,6,11,39,86764
店舗01,2026-01-11,6,12,42,100533
店舗01,2026-01-11,6,13,35,82820
店舗01,2026-01-11,6,14,34,95307
店舗01,2026-01-11,6,15,26,59755
店舗01,2026-01-11,6,16,28,62823
店舗01,2026-01-11,6,17,48,106501
店舗01,2026-01-11,6,18,45,88357
店舗01,2026-01-11,6,19,39,87933
店舗01,2026-01-11,6,20,30,69991
店舗01,2026-01-11,6,21,21,57399
店舗01,2026-01-12,0,8,15,32289
店舗01,2026-01-12,0,9,34,72730
店舗01,2026-01-12,0,10,25,60287
店舗01,2026-01-12,0,11,28,64564
店舗01,2026-01-12,0,12,38,92274
店舗01,2026-01-12,0,13,32,67281
店舗01,2026-01-12,0,14,26,59853
店舗01,2026-01-12,0,15,22,53567
店舗01,2026-01-12,0,16,32,76095
店舗01,2026-01-12,0,17,35,82251
店舗01,2026-01-12,0,18,36,86651
店舗01,2026-01-12,0,19,46,125431
店舗01,2026-01-12,0,20,33,79842
店舗01,2026-01-12,0,21,17,43595
店舗01,2026-01-13,1,8,22,53601
店舗01,2026-01-13,1,9,26,63227
店舗01,2026-01-13,1,10,22,49833
店舗01,2026-01-13,1,11,33,75815
店舗01,2026-01-13,1,12,35,80663
店舗01,2026-01-13,1,13,38,71744
店舗01,2026-01-13,1,14,26,61926
店舗01,2026-01-13,1,15,23,46777
店舗01,2026-01-13,1,16,29,77167
店舗01,2026-01-13,1,17,39,89344
店舗01,2026-01-13,1,18,39,84259
店舗01,2026-01-13,1,19,40,98195
店舗01,2026-01-13,1,20,34,87106
店舗01,2026-01-13,1,21,29,70442
店舗01,2026-01-14,2,8,24,55119
店舗01,2026-01-14,2,9,19,48034
店舗01,2026-01-14,2,10,22,54798
店舗01,2026-01-14,2,11,33,84507
店舗01,2026-01-14,2,12,38,101753
店舗01,2026-01-14,2,13,26,60787
店舗01,2026-01-14,2,14,22,49648
店舗01,2026-01-14,2,15,27,60053
店舗01,2026-01-14,2,16,24,56542
店舗01,2026-01-14,2,17,32,76997
店舗01,2026-01-14,2,18,44,108221
店舗01,2026-01-14,2,19,36,85067
店舗01,2026-01-14,2,20,29,76587
店舗01,2026-01-14,2,21,20,49127
店舗01,2026-01-15,3,8,14,36619
店舗01,2026-01-15,3,9,26,58428
店舗01,2026-01-15,3,10,30,76270
店舗01,2026-01-15,3,11,33,79156
店舗01,2026-01-15,3,12,32,74350
店舗01,2026-01-15,3,13,34,86019
店舗01,2026-01-15,3,14,23,53532
店舗01,2026-01-15,3,15,21,46242
店舗01,2026-01-15,3,16,28,70056
店舗01,2026-01-15,3,17,40,100169
店舗01,2026-01-15,3,18,43,105339
店舗01,2026-01-15,3,19,34,67638
店舗01,2026-01-15,3,20,33,74831
店舗01,2026-01-15,3,21,27,55663
店舗01,2026-01-16,4,8,15,30927
店舗01,2026-01-16,4,9,24,58664
店舗01,2026-01-16,4,10,28,58680
店舗01,2026-01-16,4,11,33,74748
店舗01,2026-01-16,4,12,37,91625
店舗01,2026-01-16,4,13,30,71247
店舗01,2026-01-16,4,14,30,71738
店舗01,2026-01-16,4,15,22,50989
店舗01,2026-01-16,4,16,28,69935
店舗01,2026-01-16,4,17,37,85180
店舗01,2026-01-16,4,18,39,97473
店舗01,2026-01-16,4,19,30,62496
店舗01,2026-01-16,4,20,18,40102
店舗01,2026-01-16,4,21,21,50098
店舗01,2026-01-17,5,8,29,75081
店舗01,2026-01-17,5,9,24,62247
店舗01,2026-01-17,5,10,33,72576
店舗01,2026-01-17,5,11,34,74465
店舗01,2026-01-17,5,12,42,104775
店舗01,2026-01-17,5,13,34,82304
店舗01,2026-01-17,5,14,29,70628
店舗01,2026-01-17,5,15,22,55376
店舗01,2026-01-17,5,16,31,69871
店舗01,2026-01-17,5,17,40,97081
店舗01,2026-01-17,5,18,47,113230
店舗01,2026-01-17,5,19,48,109838
店舗01,2026-01-17,5,20,27,68637
店舗01,2026-01-17,5,21,31,74989
店舗01,2026-01-18,6,8,25,60319
店舗01,2026-01-18,6,9,36,85050
店舗01,2026-01-18,6,10,33,83943
店舗01,2026-01-18,6,11,41,96159
店舗01,2026-01-18,6,12,44,96800
店舗01,2026-01-18,6,13,31,66615
店舗01,2026-01-18,6,14,31,71214
店舗01,2026-01-18,6,15,34,74012
店舗01,2026-01-18,6,16,35,79685
店舗01,2026-01-18,6,17,44,108304
店舗01,2026-01-18,6,18,47,119450
店舗01,2026-01-18,6,19,43,121156
店舗01,2026-01-18,6,20,34,88671
店舗01,2026-01-18,6,21,29,67854
店舗01,2026-01-19,0,8,20,44194
店舗01,2026-01-19,0,9,19,46926
店舗01,2026-01-19,0,10,31,74895
店舗01,2026-01-19,0,11,34,78011
店舗01,2026-01-19,0,12,39,78794
店舗01,2026-01-19,0,13,24,49941
店舗01,2026-01-19,0,14,32,80356
店舗01,2026-01-19,0,15,18,32695
店舗01,2026-01-19,0,16,25,69642
店舗01,2026-01-19,0,17,33,80313
店舗01,2026-01-19,0,18,33,75784
店舗01,2026-01-19,0,19,35,87232
店舗01,2026-01-19,0,20,28,69168
店舗01,2026-01-19,0,21,26,68723
店舗01,2026-01-20,1,8,17,37234
店舗01,2026-01-20,1,9,22,57259
店舗01,2026-01-20,1,10,25,65298
店舗01,2026-01-20,1,11,33,86844
店舗01,2026-01-20,1,12,34,74140
店舗01,2026-01-20,1,13,34,70318
店舗01,2026-01-20,1,14,30,67591
店舗01,2026-01-20,1,15,15,33126
店舗01,2026-01-20,1,16,21,46227
店舗01,2026-01-20,1,17,34,78349
店舗01,2026-01-20,1,18,39,93078
店舗01,2026-01-20,1,19,38,93833
店舗01,2026-01-20,1,20,29,71055
店舗01,2026-01-20,1,21,30,70030
店舗01,2026-01-21,2,8,19,42073
店舗01,2026-01-21,2,9,17,37230
店舗01,2026-01-21,2,10,26,62665
店舗01,2026-01-21,2,11,29,72849
店舗01,2026-01-21,2,12,38,88208
店舗01,2026-01-21,2,13,35,83434
店舗01,2026-01-21,2,14,21,49093
店舗01,2026-01-21,2,15,21,50068
店舗01,2026-01-21,2,16,22,56991
店舗01,2026-01-21,2,17,34,82124
店舗01,2026-01-21,2,18,30,64256
店舗01,2026-01-21,2,19,31,76836
店舗01,2026-01-21,2,20,35,74837
店舗01,2026-01-21,2,21,23,60720
店舗01,2026-01-22,3,8,16,38317
店舗01,2026-01-22,3,9,16,33911
店舗01,2026-01-22,3,10,25,56407
店舗01,2026-01-22,3,11,33,67007
店舗01,2026-01-22,3,12,37,83104
店舗01,2026-01-22,3,13,30,67062
店舗01,2026-01-22,3,14,29,72132
店舗01,2026-01-22,3,15,18,44043
店舗01,2026-01-22,3,16,23,55024
店舗01,2026-01-22,3,17,37,81578
店舗01,2026-01-22,3,18,34,84269
店舗01,2026-01-22,3,19,33,86170
店舗01,2026-01-22,3,20,25,58894
店舗01,2026-01-22,3,21,19,46261
店舗01,2026-01-23,4,8,18,40966
店舗01,2026-01-23,4,9,18,34483
店舗01,2026-01-23,4,10,33,92693
店舗01,2026-01-23,4,11,25,57353
店舗01,2026-01-23,4,12,34,78738
店舗01,2026-01-23,4,13,35,85554
店舗01,2026-01-23,4,14,21,51993
店舗01,2026-01-23,4,15,25,57232
店舗01,2026-01-23,4,16,27,66440
店舗01,2026-01-23,4,17,30,61154
店舗01,2026-01-23,4,18,40,91189
店舗01,2026-01-23,4,19,34,90107
店舗01,2026-01-23,4,20,23,56481
店舗01,2026-01-23,4,21,18,42875
店舗01,2026-01-24,5,8,30,68752
店舗01,2026-01-24,5,9,27,59064
店舗01,2026-01-24,5,10,31,72395
店舗01,2026-01-24,5,11,33,80413
店舗01,2026-01-24,5,12,41,77422
店舗01,2026-01-24,5,13,41,91082
店舗01,2026-01-24,5,14,28,70012
店舗01,2026-01-24,5,15,39,94600
店舗01,2026-01-24,5,16,35,81198
店舗01,2026-01-24,5,17,45,115889
店舗01,2026-01-24,5,18,46,104495
店舗01,2026-01-24,5,19,46,120507
店舗01,2026-01-24,5,20,31,70480
店舗01,2026-01-24,5,21,26,65556
店舗01,2026-01-25,6,8,16,35219
店舗01,2026-01-25,6,9,18,39178
店舗01,2026-01-25,6,10,29,67100
店舗01,2026-01-25,6,11,39,84414
店舗01,2026-01-25,6,12,43,109171
店舗01,2026-01-25,6,13,36,88219
店舗01,2026-01-25,6,14,32,78930
店舗01,2026-01-25,6,15,33,71402
店舗01,2026-01-25,6,16,34,78611
店舗01,2026-01-25,6,17,37,91517
店舗01,2026-01-25,6,18,47,101802
店舗01,2026-01-25,6,19,47,91155
店舗01,2026-01-25,6,20,27,58965
店舗01,2026-01-25,6,21,28,69667
店舗01,2026-01-26,0,8,16,34376
店舗01,2026-01-26,0,9,23,56322
店舗01,2026-01-26,0,10,26,62402
店舗01,2026-01-26,0,11,35,87334
店舗01,2026-01-26,0,12,29,56419
店舗01,2026-01-26,0,13,37,80153
店舗01,2026-01-26,0,14,20,47357
店舗01,2026-01-26,0,15,32,78174
店舗01,2026-01-26,0,16,26,56920
店舗01,2026-01-26,0,17,34,73688
店舗01,2026-01-26,0,18,47,125553
店舗01,2026-01-26,0,19,31,77621
店舗01,2026-01-26,0,20,30,72890
店舗01,2026-01-26,0,21,24,59597
店舗01,2026-01-27,1,8,23,55461
店舗01,2026-01-27,1,9,23,51747
店舗01,2026-01-27,1,10,21,55707
店舗01,2026-01-27,1,11,38,91046
店舗01,2026-01-27,1,12,41,96439
店舗01,2026-01-27,1,13,28,67801
店舗01,2026-01-27,1,14,27,57119
店舗01,2026-01-27,1,15,24,64165
店舗01,2026-01-27,1,16,31,72914
店舗01,2026-01-27,1,17,35,80972
店舗01,2026-01-27,1,18,35,81298
店舗01,2026-01-27,1,19,30,73261
店舗01,2026-01-27,1,20,29,58823
店舗01,2026-01-27,1,21,26,66057
店舗01,2026-01-28,2,8,25,58925
店舗01,2026-01-28,2,9,18,43417
店舗01,2026-01-28,2,10,28,72288
店舗01,2026-01-28,2,11,32,68033
店舗01,2026-01-28,2,12,34,81229
店舗01,2026-01-28,2,13,30,71866
店舗01,2026-01-28,2,14,25,55924
店舗01,2026-01-28,2,15,23,55061
店舗01,2026-01-28,2,16,29,62202
店舗01,2026-01-28,2,17,41,87774
店舗01,2026-01-28,2,18,31,62461
店舗01,2026-01-28,2,19,35,81509
店舗01,2026-01-28,2,20,32,59804
店舗01,2026-01-28,2,21,28,60116
店舗01,2026-01-29,3,8,19,42075
店舗01,2026-01-29,3,9,21,54746
店舗01,2026-01-29,3,10,34,77844
店舗01,2026-01-29,3,11,32,85301
店舗01,2026-01-29,3,12,35,83076
店舗01,2026-01-29,3,13,45,112645
店舗01,2026-01-29,3,14,24,60586
店舗01,2026-01-29,3,15,22,55298
店舗01,2026-01-29,3,16,28,67204
店舗01,2026-01-29,3,17,36,87354
店舗01,2026-01-29,3,18,32,79039
店舗01,2026-01-29,3,19,29,67845
店舗01,2026-01-29,3,20,27,60080
店舗01,2026-01-29,3,21,17,38705
店舗01,2026-01-30,4,8,18,42149
店舗01,2026-01-30,4,9,18,44647
店舗01,2026-01-30,4,10,27,54255
店舗01,2026-01-30,4,11,32,73927
店舗01,2026-01-30,4,12,35,82074
店舗01,2026-01-30,4,13,36,77400
店舗01,2026-01-30,4,14,22,47370
店舗01,2026-01-30,4,15,29,65898
店舗01,2026-01-30,4,16,18,36779
店舗01,2026-01-30,4,17,33,75124
店舗01,2026-01-30,4,18,39,89462
店舗01,2026-01-30,4,19,32,70233
店舗01,2026-01-30,4,20,29,60134
店舗01,2026-01-30,4,21,22,51116
店舗01,2026-01-31,5,8,31,69378
店舗01,2026-01-31,5,9,26,55124
店舗01,2026-01-31,5,10,33,71157
店舗01,2026-01-31,5,11,41,100450
店舗01,2026-01-31,5,12,41,103637
店舗01,2026-01-31,5,13,45,110038
店舗01,2026-01-31,5,14,38,76435
店舗01,2026-01-31,5,15,26,61658
店舗01,2026-01-31,5,16,31,71923
店舗01,2026-01-31,5,17,42,101828
店舗01,2026-01-31,5,18,47,111091
店舗01,2026-01-31,5,19,45,115189
店舗01,2026-01-31,5,20,40,96229
店舗01,2026-01-31,5,21,22,51352
店舗01,2026-02-01,6,8,29,72670
店舗01,2026-02-01,6,9,31,75588
店舗01,2026-02-01,6,10,37,88877
店舗01,2026-02-01,6,11,41,74722
店舗01,2026-02-01,6,12,45,76198
店舗01,2026-02-01,6,13,41,99874
店舗01,2026-02-01,6,14,28,62211
店舗01,2026-02-01,6,15,28,77104
店舗01,2026-02-01,6,16,34,82397
店舗01,2026-02-01,6,17,43,93292
店舗01,2026-02-01,6,18,48,112492
店舗01,2026-02-01,6,19,42,93089
店舗01,2026-02-01,6,20,37,87181
店舗01,2026-02-01,6,21,26,62144
店舗01,2026-02-02,0,8,23,49911
店舗01,2026-02-02,0,9,27,61446
店舗01,2026-02-02,0,10,21,51028
店舗01,2026-02-02,0,11,26,62174
店舗01,2026-02-02,0,12,38,91861
店舗01,2026-02-02,0,13,27,65059
店舗01,2026-02-02,0,14,26,58841
店舗01,2026-02-02,0,15,30,80190
店舗01,2026-02-02,0,16,33,76898
店舗01,2026-02-02,0,17,38,90129
店舗01,2026-02-02,0,18,40,99931
店舗01,2026-02-02,0,19,32,72813
店舗01,2026-02-02,0,20,30,70516
店舗01,2026-02-02,0,21,25,57063
店舗01,2026-02-03,1,8,23,55618
店舗01,2026-02-03,1,9,28,63276
店舗01,2026-02-03,1,10,20,43238
店舗01,2026-02-03,1,11,33,75923
店舗01,2026-02-03,1,12,34,83693
店舗01,2026-02-03,1,13,34,82408
店舗01,2026-02-03,1,14,29,57146
店舗01,2026-02-03,1,15,16,37704
店舗01,2026-02-03,1,16,28,71069
店舗01,2026-02-03,1,17,36,81358
店舗01,2026-02-03,1,18,41,92454
店舗01,2026-02-03,1,19,39,87734
店舗01,2026-02-03,1,20,30,74158
店舗01,2026-02-03,1,21,26,64369
店舗01,2026-02-04,2,8,21,46468
店舗01,2026-02-04,2,9,20,48953
店舗01,2026-02-04,2,10,23,55861
店舗01,2026-02-04,2,11,32,75832
店舗01,2026-02-04,2,12,45,94594
店舗01,2026-02-04,2,13,33,79992
店舗01,2026-02-04,2,14,27,65611
店舗01,2026-02-04,2,15,30,68035
店舗01,2026-02-04,2,16,32,71488
店舗01,2026-02-04,2,17,31,75389
店舗01,2026-02-04,2,18,45,105123
店舗01,2026-02-04,2,19,31,71571
店舗01,2026-02-04,2,20,21,45899
店舗01,2026-02-04,2,21,27,77103
店舗01,2026-02-05,3,8,18,46950
店舗01,2026-02-05,3,9,22,53413
店舗01,2026-02-05,3,10,27,63987
店舗01,2026-02-05,3,11,27,55948
店舗01,2026-02-05,3,12,38,87407
店舗01,2026-02-05,3,13,32,79779
店舗01,2026-02-05,3,14,28,62493
店舗01,2026-02-05,3,15,24,63222
店舗01,2026-02-05,3,16,30,75758
店舗01,2026-02-05,3,17,40,98422
店舗01,2026-02-05,3,18,42,102629
店舗01,2026-02-05,3,19,38,80026
店舗01,2026-02-05,3,20,24,62031
店舗01,2026-02-05,3,21,28,64431
店舗01,2026-02-06,4,8,16,36908
店舗01,2026-02-06,4,9,23,58743
店舗01,2026-02-06,4,10,25,60334
店舗01,2026-02-06,4,11,34,79919
店舗01,2026-02-06,4,12,32,73842
店舗01,2026-02-06,4,13,31,82734
店舗01,2026-02-06,4,14,27,62265
店舗01,2026-02-06,4,15,21,48356
店舗01,2026-02-06,4,16,25,64968
店舗01,2026-02-06,4,17,40,94444
店舗01,2026-02-06,4,18,39,91027
店舗01,2026-02-06,4,19,42,81164
店舗01,2026-02-06,4,20,19,42792
店舗01,2026-02-06,4,21,25,60879
店舗01,2026-02-07,5,8,24,60802
店舗01,2026-02-07,5,9,28,70652
店舗01,2026-02-07,5,10,34,76464
店舗01,2026-02-07,5,11,40,94010
店舗01,2026-02-07,5,12,49,93533
店舗01,2026-02-07,5,13,35,79961
店舗01,2026-02-07,5,14,32,66518
店舗01,2026-02-07,5,15,26,72601
店舗01,2026-02-07,5,16,41,93311
店舗01,2026-02-07,5,17,38,76248
店舗01,2026-02-07,5,18,48,104179
店舗01,2026-02-07,5,19,36,79662
店舗01,2026-02-07,5,20,34,82141
店舗01,2026-02-07,5,21,22,55085
店舗01,2026-02-08,6,8,22,54206
店舗01,2026-02-08,6,9,22,50448
店舗01,2026-02-08,6,10,34,83651
店舗01,2026-02-08,6,11,46,116442
店舗01,2026-02-08,6,12,42,104371
店舗01,2026-02-08,6,13,47,100061
店舗01,2026-02-08,6,14,29,75901
店舗01,2026-02-08,6,15,24,54300
店舗01,2026-02-08,6,16,35,81605
店舗01,2026-02-08,6,17,40,88871
店舗01,2026-02-08,6,18,45,124231
店舗01,2026-02-08,6,19,46,104050
店舗01,2026-02-08,6,20,32,71090
店舗01,2026-02-08,6,21,21,42506
店舗01,2026-02-09,0,8,11,23483
店舗01,2026-02-09,0,9,22,56811
店舗01,2026-02-09,0,10,28,69744
店舗01,2026-02-09,0,11,34,84360
店舗01,2026-02-09,0,12,33,80874
店舗01,2026-02-09,0,13,30,64437
店舗01,2026-02-09,0,14,22,52043
店舗01,2026-02-09,0,15,21,49450
店舗01,2026-02-09,0,16,30,73838
店舗01,2026-02-09,0,17,40,86791
店舗01,2026-02-09,0,18,46,103704
店舗01,2026-02-09,0,19,35,79653
店舗01,2026-02-09,0,20,20,46382
店舗01,2026-02-09,0,21,26,68199
店舗01,2026-02-10,1,8,17,40874
店舗01,2026-02-10,1,9,20,49788
店舗01,2026-02-10,1,10,26,69242
店舗01,2026-02-10,1,11,36,85231
店舗01,2026-02-10,1,12,38,86241
店舗01,2026-02-10,1,13,32,70384
店舗01,2026-02-10,1,14,30,74011
店舗01,2026-02-10,1,15,30,78326
店舗01,2026-02-10,1,16,26,62846
店舗01,2026-02-10,1,17,35,78472
店舗01,2026-02-10,1,18,46,111111
店舗01,2026-02-10,1,19,40,78372
店舗01,2026-02-10,1,20,19,47372
店舗01,2026-02-10,1,21,23,48559
店舗01,2026-02-11,2,8,20,54213
店舗01,2026-02-11,2,9,23,52232
店舗01,2026-02-11,2,10,25,49169
店舗01,2026-02-11,2,11,36,74390
店舗01,2026-02-11,2,12,33,70675
店舗01,2026-02-11,2,13,33,65169
店舗01,2026-02-11,2,14,29,72085
店舗01,2026-02-11,2,15,14,30389
店舗01,2026-02-11,2,16,33,61049
店舗01,2026-02-11,2,17,30,74845
店舗01,2026-02-11,2,18,37,89640
店舗01,2026-02-11,2,19,42,97166
店舗01,2026-02-11,2,20,29,60398
店舗01,2026-02-11,2,21,19,42732
店舗01,2026-02-12,3,8,20,41374
店舗01,2026-02-12,3,9,26,62471
店舗01,2026-02-12,3,10,20,46554
店舗01,2026-02-12,3,11,25,53914
店舗01,2026-02-12,3,12,39,93546
店舗01,2026-02-12,3,13,40,97374
店舗01,2026-02-12,3,14,30,85138
店舗01,2026-02-12,3,15,21,50967
店舗01,2026-02-12,3,16,29,65401
店舗01,2026-02-12,3,17,44,105989
店舗01,2026-02-12,3,18,36,90535
店舗01,2026-02-12,3,19,34,83341
店舗01,2026-02-12,3,20,22,53096
店舗01,2026-02-12,3,21,24,54775
店舗01,2026-02-13,4,8,18,40970
店舗01,2026-02-13,4,9,21,52814
店舗01,2026-02-13,4,10,20,50103
店舗01,2026-02-13,4,11,34,73003
店舗01,2026-02-13,4,12,41,105543
店舗01,2026-02-13,4,13,26,64980
店舗01,2026-02-13,4,14,29,59770
店舗01,2026-02-13,4,15,26,63702
店舗01,2026-02-13,4,16,28,67268
店舗01,2026-02-13,4,17,40,73357
店舗01,2026-02-13,4,18,38,88174
店舗01,2026-02-13,4,19,35,90117
店舗01,2026-02-13,4,20,23,55443
店舗01,2026-02-13,4,21,19,49703
店舗01,2026-02-14,5,8,23,55964
店舗01,2026-02-14,5,9,35,86047
店舗01,2026-02-14,5,10,32,78515
店舗01,2026-02-14,5,11,44,100834
店舗01,2026-02-14,5,12,42,94983
店舗01,2026-02-14,5,13,42,100635
店舗01,2026-02-14,5,14,36,84543
店舗01,2026-02-14,5,15,28,77038
店舗01,2026-02-14,5,16,27,69578
店舗01,2026-02-14,5,17,39,107300
店舗01,2026-02-14,5,18,52,131290
店舗01,2026-02-14,5,19,42,97117
店舗01,2026-02-14,5,20,35,91077
店舗01,2026-02-14,5,21,23,57463
店舗01,2026-02-15,6,8,29,71567
店舗01,2026-02-15,6,9,26,56752
店舗01,2026-02-15,6,10,29,59613
店舗01,2026-02-15,6,11,39,88561
店舗01,2026-02-15,6,12,31,65890
店舗01,2026-02-15,6,13,37,89352
店舗01,2026-02-15,6,14,27,70442
店舗01,2026-02-15,6,15,31,85828
店舗01,2026-02-15,6,16,40,91793
店舗01,2026-02-15,6,17,42,102555
店舗01,2026-02-15,6,18,48,109385
店舗01,2026-02-15,6,19,42,116085
店舗01,2026-02-15,6,20,33,88155
店舗01,2026-02-15,6,21,31,68807
店舗01,2026-02-16,0,8,17,41357
店舗01,2026-02-16,0,9,22,46606
店舗01,2026-02-16,0,10,21,43955
店舗01,2026-02-16,0,11,33,84233
店舗01,2026-02-16,0,12,35,68009
店舗01,2026-02-16,0,13,32,87273
店舗01,2026-02-16,0,14,21,47873
店舗01,2026-02-16,0,15,26,63736
店舗01,2026-02-16,0,16,28,67463
店舗01,2026-02-16,0,17,32,80258
店舗01,2026-02-16,0,18,34,81910
店舗01,2026-02-16,0,19,33,77415
店舗01,2026-02-16,0,20,25,53927
店舗01,2026-02-16,0,21,18,43346
店舗01,2026-02-17,1,8,16,39650
店舗01,2026-02-17,1,9,20,44751
店舗01,2026-02-17,1,10,32,77102
店舗01,2026-02-17,1,11,34,67004
店舗01,2026-02-17,1,12,35,94834
店舗01,2026-02-17,1,13,33,80806
店舗01,2026-02-17,1,14,31,61704
店舗01,2026-02-17,1,15,25,55533
店舗01,2026-02-17,1,16,33,75678
店舗01,2026-02-17,1,17,30,55652
店舗01,2026-02-17,1,18,38,88011
店舗01,2026-02-17,1,19,39,100064
店舗01,2026-02-17,1,20,26,51110
店舗01,2026-02-17,1,21,24,57737
店舗01,2026-02-18,2,8,24,51368
店舗01,2026-02-18,2,9,18,44727
店舗01,2026-02-18,2,10,20,43651
店舗01,2026-02-18,2,11,31,77537
店舗01,2026-02-18,2,12,36,83920
店舗01,2026-02-18,2,13,31,62913
店舗01,2026-02-18,2,14,24,58781
店舗01,2026-02-18,2,15,18,39953
店舗01,2026-02-18,2,16,25,57105
店舗01,2026-02-18,2,17,33,73222
店舗01,2026-02-18,2,18,42,104817
店舗01,2026-02-18,2,19,33,78381
店舗01,2026-02-18,2,20,24,51446
店舗01,2026-02-18,2,21,19,40671
店舗01,2026-02-19,3,8,21,52108
店舗01,2026-02-19,3,9,22,50829
店舗01,2026-02-19,3,10,28,65735
店舗01,2026-02-19,3,11,27,63593
店舗01,2026-02-19,3,12,39,76106
店舗01,2026-02-19,3,13,37,85931
店舗01,2026-02-19,3,14,29,64480
店舗01,2026-02-19,3,15,18,34704
店舗01,2026-02-19,3,16,31,67354
店舗01,2026-02-19,3,17,30,62886
店舗01,2026-02-19,3,18,39,86528
店舗01,2026-02-19,3,19,37,89087
店舗01,2026-02-19,3,20,28,73752
店舗01,2026-02-19,3,21,22,56185
店舗01,2026-02-20,4,8,26,54446
店舗01,2026-02-20,4,9,28,68361
店舗01,2026-02-20,4,10,27,62392
店舗01,2026-02-20,4,11,33,76051
店舗01,2026-02-20,4,12,35,82745
店舗01,2026-02-20,4,13,35,100610
店舗01,2026-02-20,4,14,20,48166
店舗01,2026-02-20,4,15,27,63676
店舗01,2026-02-20,4,16,31,79409
店舗01,2026-02-20,4,17,40,77121
店舗01,2026-02-20,4,18,46,111206
店舗01,2026-02-20,4,19,30,66014
店舗01,2026-02-20,4,20,28,65714
店舗01,2026-02-20,4,21,26,52839
店舗01,2026-02-21,5,8,29,68193
店舗01,2026-02-21,5,9,21,51252
店舗01,2026-02-21,5,10,23,56734
店舗01,2026-02-21,5,11,40,93142
店舗01,2026-02-21,5,12,48,111256
店舗01,2026-02-21,5,13,38,98007
店舗01,2026-02-21,5,14,35,79821
店舗01,2026-02-21,5,15,24,58078
店舗01,2026-02-21,5,16,27,67104
店舗01,2026-02-21,5,17,52,111903
店舗01,2026-02-21,5,18,48,128337
店舗01,2026-02-21,5,19,40,95613
店舗01,2026-02-21,5,20,33,79225
店舗01,2026-02-21,5,21,27,55683
店舗01,2026-02-22,6,8,26,63206
店舗01,2026-02-22,6,9,21,53087
店舗01,2026-02-22,6,10,34,75457
店舗01,2026-02-22,6,11,34,73624
店舗01,2026-02-22,6,12,41,105416
店舗01,2026-02-22,6,13,42,94630
店舗01,2026-02-22,6,14,34,79035
店舗01,2026-02-22,6,15,28,57874
店舗01,2026-02-22,6,16,28,63119
店舗01,2026-02-22,6,17,45,101977
店舗01,2026-02-22,6,18,58,118158
店舗01,2026-02-22,6,19,38,85925
店舗01,2026-02-22,6,20,34,65669
店舗01,2026-02-22,6,21,34,77125
店舗01,2026-02-23,0,8,22,55759
店舗01,2026-02-23,0,9,20,38807
店舗01,2026-02-23,0,10,29,67559
店舗01,2026-02-23,0,11,33,74083
店舗01,2026-02-23,0,12,33,81151
店舗01,2026-02-23,0,13,37,77641
店舗01,2026-02-23,0,14,24,64707
店舗01,2026-02-23,0,15,25,54518
店舗01,2026-02-23,0,16,25,59080
店舗01,2026-02-23,0,17,35,82056
店舗01,2026-02-23,0,18,38,79437
店舗01,2026-02-23,0,19,39,82044
店舗01,2026-02-23,0,20,26,57264
店舗01,2026-02-23,0,21,20,52319
店舗01,2026-02-24,1,8,22,46505
店舗01,2026-02-24,1,9,19,42677
店舗01,2026-02-24,1,10,28,63322
店舗01,2026-02-24,1,11,29,64919
店舗01,2026-02-24,1,12,33,74190
店舗01,2026-02-24,1,13,35,93023
店舗01,2026-02-24,1,14,36,77921
店舗01,2026-02-24,1,15,20,44201
店舗01,2026-02-24,1,16,25,53993
店舗01,2026-02-24,1,17,35,74585
店舗01,2026-02-24,1,18,43,93947
店舗01,2026-02-24,1,19,33,77978
店舗01,2026-02-24,1,20,22,58456
店舗01,2026-02-24,1,21,23,48474
店舗01,2026-02-25,2,8,21,45111
店舗01,2026-02-25,2,9,26,61547
店舗01,2026-02-25,2,10,17,36941
店舗01,2026-02-25,2,11,37,94337
店舗01,2026-02-25,2,12,29,69724
店舗01,2026-02-25,2,13,26,61063
店舗01,2026-02-25,2,14,28,64284
店舗01,2026-02-25,2,15,23,52695
店舗01,2026-02-25,2,16,27,60712
店舗01,2026-02-25,2,17,35,85037
店舗01,2026-02-25,2,18,38,86498
店舗01,2026-02-25,2,19,27,65768
店舗01,2026-02-25,2,20,27,63643
店舗01,2026-02-25,2,21,14,27926
店舗01,2026-02-26,3,8,22,51672
店舗01,2026-02-26,3,9,20,49392
店舗01,2026-02-26,3,10,30,73114
店舗01,2026-02-26,3,11,24,59723
店舗01,2026-02-26,3,12,40,98641
店舗01,2026-02-26,3,13,35,87671
店舗01,2026-02-26,3,14,33,72346
店舗01,2026-02-26,3,15,27,63729
店舗01,2026-02-26,3,16,23,55767
店舗01,2026-02-26,3,17,35,83633
店舗01,2026-02-26,3,18,38,99411
店舗01,2026-02-26,3,19,33,77615
店舗01,2026-02-26,3,20,31,64495
店舗01,2026-02-26,3,21,14,32982
店舗01,2026-02-27,4,8,16,36492
店舗01,2026-02-27,4,9,20,47833
店舗01,2026-02-27,4,10,25,61775
店舗01,2026-02-27,4,11,30,69589
店舗01,2026-02-27,4,12,39,94412
店舗01,2026-02-27,4,13,35,75417
店舗01,2026-02-27,4,14,33,83633
店舗01,2026-02-27,4,15,25,57809
店舗01,2026-02-27,4,16,30,68498
店舗01,2026-02-27,4,17,39,87706
店舗01,2026-02-27,4,18,37,78996
店舗01,2026-02-27,4,19,28,69478
店舗01,2026-02-27,4,20,34,88623
店舗01,2026-02-27,4,21,25,65149
店舗01,2026-02-28,5,8,23,54470
店舗01,2026-02-28,5,9,28,60440
店舗01,2026-02-28,5,10,33,68276
店舗01,2026-02-28,5,11,44,97197
店舗01,2026-02-28,5,12,39,76515
店舗01,2026-02-28,5,13,37,76620
店舗01,2026-02-28,5,14,35,79415
店舗01,2026-02-28,5,15,28,71199
店舗01,2026-02-28,5,16,36,83757
店舗01,2026-02-28,5,17,38,89521
店舗01,2026-02-28,5,18,49,111006
店舗01,2026-02-28,5,19,40,97671
店舗01,2026-02-28,5,20,35,63872
店舗01,2026-02-28,5,21,15,33587
店舗01,2026-03-01,6,8,29,66494
店舗01,2026-03-01,6,9,23,58301
店舗01,2026-03-01,6,10,25,63830
店舗01,2026-03-01,6,11,35,78576
店舗01,2026-03-01,6,12,39,97731
店舗01,2026-03-01,6,13,33,75153
店舗01,2026-03-01,6,14,30,77485
店舗01,2026-03-01,6,15,36,84384
店舗01,2026-03-01,6,16,29,64615
店舗01,2026-03-01,6,17,38,89949
店舗01,2026-03-01,6,18,43,84174
店舗01,2026-03-01,6,19,36,79726
店舗01,2026-03-01,6,20,29,63602
店舗01,2026-03-01,6,21,27,64643
店舗02,2026-01-05,0,8,15,33484
店舗02,2026-01-05,0,9,20,50269
店舗02,2026-01-05,0,10,23,52864
店舗02,2026-01-05,0,11,35,78215
店舗02,2026-01-05,0,12,36,83070
店舗02,2026-01-05,0,13,36,86145
店舗02,2026-01-05,0,14,28,63630
店舗02,2026-01-05,0,15,25,57370
店舗02,2026-01-05,0,16,30,79662
店舗02,2026-01-05,0,17,40,80369
店舗02,2026-01-05,0,18,42,110608
店舗02,2026-01-05,0,19,38,85467
店舗02,2026-01-05,0,20,29,66834
店舗02,2026-01-05,0,21,22,52486
店舗02,2026-01-06,1,8,19,41893
店舗02,2026-01-06,1,9,25,61204
店舗02,2026-01-06,1,10,29,73188
店舗02,2026-01-06,1,11,36,86569
店舗02,2026-01-06,1,12,37,83415
店舗02,2026-01-06,1,13,33,73595
店舗02,2026-01-06,1,14,30,71860
店舗02,2026-01-06,1,15,30,69991
店舗02,2026-01-06,1,16,25,64100
店舗02,2026-01-06,1,17,32,85437
店舗02,2026-01-06,1,18,44,103319
店舗02,2026-01-06,1,19,38,89108
店舗02,2026-01-06,1,20,26,63823
店舗02,2026-01-06,1,21,23,50779
店舗02,2026-01-07,2,8,22,51424
店舗02,2026-01-07,2,9,18,44131
店舗02,2026-01-07,2,10,18,42966
店舗02,2026-01-07,2,11,40,90447
店舗02,2026-01-07,2,12,40,91142
店舗02,2026-01-07,2,13,37,83869
店舗02,2026-01-07,2,14,33,71647
店舗02,2026-01-07,2,15,29,71595
店舗02,2026-01-07,2,16,37,81865
店舗02,2026-01-07,2,17,33,81473
店舗02,2026-01-07,2,18,44,104210
店舗02,2026-01-07,2,19,40,85182
店舗02,2026-01-07,2,20,33,94523
店舗02,2026-01-07,2,21,23,56464
店舗02,2026-01-08,3,8,20,40483
店舗02,2026-01-08,3,9,19,39701
店舗02,2026-01-08,3,10,35,83969
店舗02,2026-01-08,3,11,33,76523
店舗02,2026-01-08,3,12,41,96111
店舗02,2026-01-08,3,13,34,77806
店舗02,2026-01-08,3,14,23,45862
店舗02,2026-01-08,3,15,26,55081
店舗02,2026-01-08,3,16,29,68431
店舗02,2026-01-08,3,17,34,82392
店舗02,2026-01-08,3,18,43,92121
店舗02,2026-01-08,3,19,41,102085
店舗02,2026-01-08,3,20,28,63441
店舗02,2026-01-08,3,21,25,59628
店舗02,2026-01-09,4,8,24,56970
店舗02,2026-01-09,4,9,24,59790
店舗02,2026-01-09,4,10,32,70566
店舗02,2026-01-09,4,11,40,95848
店舗02,2026-01-09,4,12,30,66645
店舗02,2026-01-09,4,13,33,74508
店舗02,2026-01-09,4,14,34,73491
店舗02,2026-01-09,4,15,27,65348
店舗02,2026-01-09,4,16,31,77935
店舗02,2026-01-09,4,17,39,89830
店舗02,2026-01-09,4,18,42,99513
店舗02,2026-01-09,4,19,40,97997
店舗02,2026-01-09,4,20,29,63926
店舗02,2026-01-09,4,21,23,54850
店舗02,2026-01-10,5,8,35,78950
店舗02,2026-01-10,5,9,33,78132
店舗02,2026-01-10,5,10,44,100406
店舗02,2026-01-10,5,11,39,89182
店舗02,2026-01-10,5,12,47,117610
店舗02,2026-01-10,5,13,47,109647
店舗02,2026-01-10,5,14,34,96448
店舗02,2026-01-10,5,15,29,64526
店舗02,2026-01-10,5,16,32,80595
店舗02,2026-01-10,5,17,46,107574
店舗02,2026-01-10,5,18,54,118670
店舗02,2026-01-10,5,19,46,113076
店舗02,2026-01-10,5,20,36,79355
店舗02,2026-01-10,5,21,26,58659
店舗02,2026-01-11,6,8,23,59437
店舗02,2026-01-11,6,9,31,79809
店舗02,2026-01-11,6,10,46,93948
店舗02,2026-01-11,6,11,39,85677
店舗02,2026-01-11,6,12,41,94139
店舗02,2026-01-11,6,13,43,101450
店舗02,2026-01-11,6,14,37,90331
店舗02,2026-01-11,6,15,30,81954
店舗02,2026-01-11,6,16,37,74546
店舗02,2026-01-11,6,17,38,89419
店舗02,2026-01-11,6,18,50,113284
店舗02,2026-01-11,6,19,48,119073
店舗02,2026-01-11,6,20,31,67275
店舗02,2026-01-11,6,21,29,58460
店舗02,2026-01-12,0,8,21,49403
店舗02,2026-01-12,0,9,20,45058
店舗02,2026-01-12,0,10,27,63891
店舗02,2026-01-12,0,11,39,89584
店舗02,2026-01-12,0,12,35,85007
店舗02,2026-01-12,0,13,33,82245
店舗02,2026-01-12,0,14,32,82640
店舗02,2026-01-12,0,15,22,51755
店舗02,2026-01-12,0,16,29,67638
店舗02,2026-01-12,0,17,31,73367
店舗02,2026-01-12,0,18,39,92254
店舗02,2026-01-12,0,19,33,78942
店舗02,2026-01-12,0,20,29,71174
店舗02,2026-01-12,0,21,24,58496
店舗02,2026-01-13,1,8,17,36012
店舗02,2026-01-13,1,9,20,43242
店舗02,2026-01-13,1,10,28,65345
店舗02,2026-01-13,1,11,33,84852
店舗02,2026-01-13,1,12,34,71371
店舗02,2026-01-13,1,13,36,80579
店舗02,2026-01-13,1,14,22,48751
店舗02,2026-01-13,1,15,30,64902
店舗02,2026-01-13,1,16,29,71674
店舗02,2026-01-13,1,17,41,87624
店舗02,2026-01-13,1,18,43,102959
店舗02,2026-01-13,1,19,39,74961
店舗02,2026-01-13,1,20,26,61747
店舗02,2026-01-13,1,21,25,62302
店舗02,2026-01-14,2,8,24,55474
店舗02,2026-01-14,2,9,22,53349
店舗02,2026-01-14,2,10,24,59127
店舗02,2026-01-14,2,11,35,62948
店舗02,2026-01-14,2,12,32,86064
店舗02,2026-01-14,2,13,26,66881
店舗02,2026-01-14,2,14,29,73918
店舗02,2026-01-14,2,15,28,67630
店舗02,2026-01-14,2,16,32,88318
店舗02,2026-01-14,2,17,31,75342
店舗02,2026-01-14,2,18,46,118058
店舗02,2026-01-14,2,19,42,105714
店舗02,2026-01-14,2,20,39,86385
店舗02,2026-01-14,2,21,22,49759
店舗02,2026-01-15,3,8,18,33349
店舗02,2026-01-15,3,9,25,56531
店舗02,2026-01-15,3,10,36,84687
店舗02,2026-01-15,3,11,35,87456
店舗02,2026-01-15,3,12,38,98662
店舗02,2026-01-15,3,13,36,86974
店舗02,2026-01-15,3,14,27,65418
店舗02,2026-01-15,3,15,25,60638
店舗02,2026-01-15,3,16,34,86878
店舗02,2026-01-15,3,17,28,68404
店舗02,2026-01-15,3,18,33,86281
店舗02,2026-01-15,3,19,41,89692
店舗02,2026-01-15,3,20,22,52733
店舗02,2026-01-15,3,21,21,49670
店舗02,2026-01-16,4,8,33,82507
店舗02,2026-01-16,4,9,27,70640
店舗02,2026-01-16,4,10,27,53464
店舗02,2026-01-16,4,11,38,82667
店舗02,2026-01-16,4,12,37,82343
店舗02,2026-01-16,4,13,37,91289
店舗02,2026-01-16,4,14,31,72642
店舗02,2026-01-16,4,15,21,41085
店舗02,2026-01-16,4,16,30,72250
店舗02,2026-01-16,4,17,43,113202
店舗02,2026-01-16,4,18,38,86891
店舗02,2026-01-16,4,19,47,122972
店舗02,2026-01-16,4,20,33,75247
店舗02,2026-01-16,4,21,26,55949
店舗02,2026-01-17,5,8,26,60563
店舗02,2026-01-17,5,9,28,53506
店舗02,2026-01-17,5,10,37,82295
店舗02,2026-01-17,5,11,42,96631
店舗02,2026-01-17,5,12,49,101630
店舗02,2026-01-17,5,13,45,100776
店舗02,2026-01-17,5,14,29,71640
店舗02,2026-01-17,5,15,31,61908
店舗02,2026-01-17,5,16,39,79998
店舗02,2026-01-17,5,17,42,89932
店舗02,2026-01-17,5,18,49,113533
店舗02,2026-01-17,5,19,48,108946
店舗02,2026-01-17,5,20,39,93624
店舗02,2026-01-17,5,21,25,51336
店舗02,2026-01-18,6,8,28,64013
店舗02,2026-01-18,6,9,27,59071
店舗02,2026-01-18,6,10,41,83783
店舗02,2026-01-18,6,11,46,119334
店舗02,2026-01-18,6,12,43,96158
店舗02,2026-01-18,6,13,33,66495
店舗02,2026-01-18,6,14,34,89385
店舗02,2026-01-18,6,15,32,81731
店舗02,2026-01-18,6,16,44,98831
店舗02,2026-01-18,6,17,53,110028
店舗02,2026-01-18,6,18,55,119169
店舗02,2026-01-18,6,19,44,95813
店舗02,2026-01-18,6,20,31,74392
店舗02,2026-01-18,6,21,28,66153
店舗02,2026-01-19,0,8,24,52203
店舗02,2026-01-19,0,9,27,76104
店舗02,2026-01-19,0,10,27,61224
店舗02,2026-01-19,0,11,38,85640
店舗02,2026-01-19,0,12,36,88107
店舗02,2026-01-19,0,13,33,78082
店舗02,2026-01-19,0,14,33,73959
店舗02,2026-01-19,0,15,18,38220
店舗02,2026-01-19,0,16,24,55732
店舗02,2026-01-19,0,17,34,75163
店舗02,2026-01-19,0,18,40,103522
店舗02,2026-01-19,0,19,37,83880
店舗02,2026-01-19,0,20,27,65043
店舗02,2026-01-19,0,21,20,47131
店舗02,2026-01-20,1,8,14,33434
店舗02,2026-01-20,1,9,23,61570
店舗02,2026-01-20,1,10,25,59728
店舗02,2026-01-20,1,11,34,79200
店舗02,2026-01-20,1,12,38,95100
店舗02,2026-01-20,1,13,34,84890
店舗02,2026-01-20,1,14,26,64685
店舗02,2026-01-20,1,15,30,82437
店舗02,2026-01-20,1,16,29,56705
店舗02,2026-01-20,1,17,42,102881
店舗02,2026-01-20,1,18,43,108857
店舗02,2026-01-20,1,19,42,105651
店舗02,2026-01-20,1,20,35,84510
店舗02,2026-01-20,1,21,22,49318
店舗02,2026-01-21,2,8,29,69279
店舗02,2026-01-21,2,9,24,53866
店舗02,2026-01-21,2,10,28,73037
店舗02,2026-01-21,2,11,27,62404
店舗02,2026-01-21,2,12,44,101707
店舗02,2026-01-21,2,13,42,103859
店舗02,2026-01-21,2,14,28,63928
店舗02,2026-01-21,2,15,24,61360
店舗02,2026-01-21,2,16,31,74215
店舗02,2026-01-21,2,17,36,91376
店舗02,2026-01-21,2,18,38,78206
店舗02,2026-01-21,2,19,40,97458
店舗02,2026-01-21,2,20,30,68769
店舗02,2026-01-21,2,21,23,52033
店舗02,2026-01-22,3,8,20,54274
店舗02,2026-01-22,3,9,26,53242
店舗02,2026-01-22,3,10,28,63615
店舗02,2026-01-22,3,11,36,82137
店舗02,2026-01-22,3,12,29,72533
店舗02,2026-01-22,3,13,40,96584
店舗02,2026-01-22,3,14,29,75083
店舗02,2026-01-22,3,15,30,65416
店舗02,2026-01-22,3,16,30,72873
店舗02,2026-01-22,3,17,39,107606
店舗02,2026-01-22,3,18,44,115069
店舗02,2026-01-22,3,19,37,89489
店舗02,2026-01-22,3,20,25,54413
店舗02,2026-01-22,3,21,29,62976
店舗02,2026-01-23,4,8,26,60693
店舗02,2026-01-23,4,9,25,63225
店舗02,2026-01-23,4,10,29,75511
店舗02,2026-01-23,4,11,37,81400
店舗02,2026-01-23,4,12,46,111990
店舗02,2026-01-23,4,13,28,61654
店舗02,2026-01-23,4,14,34,81656
店舗02,2026-01-23,4,15,30,67564
店舗02,2026-01-23,4,16,35,81697
店舗02,2026-01-23,4,17,42,91915
店舗02,2026-01-23,4,18,38,87956
店舗02,2026-01-23,4,19,32,65592
店舗02,2026-01-23,4,20,32,71727
店舗02,2026-01-23,4,21,16,35645
店舗02,2026-01-24,5,8,27,67972
店舗02,2026-01-24,5,9,36,80164
店舗02,2026-01-24,5,10,32,84055
店舗02,2026-01-24,5,11,40,92883
店舗02,2026-01-24,5,12,51,133310
店舗02,2026-01-24,5,13,42,99382
店舗02,2026-01-24,5,14,31,72539
店舗02,2026-01-24,5,15,36,92424
店舗02,2026-01-24,5,16,34,78591
店舗02,2026-01-24,5,17,43,105606
店舗02,2026-01-24,5,18,51,110951
店舗02,2026-01-24,5,19,51,118414
店舗02,2026-01-24,5,20,42,94817
店舗02,2026-01-24,5,21,38,82067
店舗02,2026-01-25,6,8,19,49050
店舗02,2026-01-25,6,9,29,65092
店舗02,2026-01-25,6,10,36,78441
店舗02,2026-01-25,6,11,44,95414
店舗02,2026-01-25,6,12,43,98361
店舗02,2026-01-25,6,13,40,94855
店舗02,2026-01-25,6,14,33,75938
店舗02,2026-01-25,6,15,29,71757
店舗02,2026-01-25,6,16,42,95189
店舗02,2026-01-25,6,17,45,108710
店舗02,2026-01-25,6,18,57,139169
店舗02,2026-01-25,6,19,47,120880
店舗02,2026-01-25,6,20,34,85993
店舗02,2026-01-25,6,21,23,54634
店舗02,2026-01-26,0,8,15,34603
店舗02,2026-01-26,0,9,16,33915
店舗02,2026-01-26,0,10,24,56126
店舗02,2026-01-26,0,11,40,100871
店舗02,2026-01-26,0,12,39,92672
店舗02,2026-01-26,0,13,31,77633
店舗02,2026-01-26,0,14,24,60009
店舗02,2026-01-26,0,15,27,62594
店舗02,2026-01-26,0,16,31,56883
店舗02,2026-01-26,0,17,37,86613
店舗02,2026-01-26,0,18,44,102808
店舗02,2026-01-26,0,19,37,87400
店舗02,2026-01-26,0,20,29,68995
店舗02,2026-01-26,0,21,19,45251
店舗02,2026-01-27,1,8,27,55020
店舗02,2026-01-27,1,9,21,47949
店舗02,2026-01-27,1,10,25,57987
店舗02,2026-01-27,1,11,29,62045
店舗02,2026-01-27,1,12,32,85150
店舗02,2026-01-27,1,13,34,77435
店舗02,2026-01-27,1,14,25,57692
店舗02,2026-01-27,1,15,31,68091
店舗02,2026-01-27,1,16,32,70410
店舗02,2026-01-27,1,17,41,104911
店舗02,2026-01-27,1,18,46,104210
店舗02,2026-01-27,1,19,40,96819
店舗02,2026-01-27,1,20,27,55581
店舗02,2026-01-27,1,21,28,59764
店舗02,2026-01-28,2,8,24,57832
店舗02,2026-01-28,2,9,27,60075
店舗02,2026-01-28,2,10,22,49587
店舗02,2026-01-28,2,11,32,71202
店舗02,2026-01-28,2,12,30,79964
店舗02,2026-01-28,2,13,37,93395
店舗02,2026-01-28,2,14,31,71487
店舗02,2026-01-28,2,15,24,67782
店舗02,2026-01-28,2,16,31,70262
店舗02,2026-01-28,2,17,33,86487
店舗02,2026-01-28,2,18,39,95168
店舗02,2026-01-28,2,19,39,92313
店舗02,2026-01-28,2,20,29,67855
店舗02,2026-01-28,2,21,21,54943
店舗02,2026-01-29,3,8,21,46380
店舗02,2026-01-29,3,9,28,69205
店舗02,2026-01-29,3,10,30,69109
店舗02,2026-01-29,3,11,32,73705
店舗02,2026-01-29,3,12,41,102802
店舗02,2026-01-29,3,13,31,73457
店舗02,2026-01-29,3,14,35,70182
店舗02,2026-01-29,3,15,20,44716
店舗02,2026-01-29,3,16,28,63681
店舗02,2026-01-29,3,17,37,83385
店舗02,2026-01-29,3,18,36,89654
店舗02,2026-01-29,3,19,40,82907
店舗02,2026-01-29,3,20,30,74150
店舗02,2026-01-29,3,21,23,53569
店舗02,2026-01-30,4,8,29,78196
店舗02,2026-01-30,4,9,34,74299
店舗02,2026-01-30,4,10,32,80790
店舗02,2026-01-30,4,11,36,83903
店舗02,2026-01-30,4,12,40,95661
店舗02,2026-01-30,4,13,35,81192
店舗02,2026-01-30,4,14,33,80998
店舗02,2026-01-30,4,15,23,49723
店舗02,2026-01-30,4,16,27,60433
店舗02,2026-01-30,4,17,41,95205
店舗02,2026-01-30,4,18,47,122027
店舗02,2026-01-30,4,19,34,89541
店舗02,2026-01-30,4,20,28,66436
店舗02,2026-01-30,4,21,20,41713
店舗02,2026-01-31,5,8,29,64061
店舗02,2026-01-31,5,9,25,53092
店舗02,2026-01-31,5,10,37,97135
店舗02,2026-01-31,5,11,44,88799
店舗02,2026-01-31,5,12,43,92740
店舗02,2026-01-31,5,13,42,81744
店舗02,2026-01-31,5,14,30,67599
店舗02,2026-01-31,5,15,33,79365
店舗02,2026-01-31,5,16,39,96932
店舗02,2026-01-31,5,17,45,108208
店舗02,2026-01-31,5,18,53,125901
店舗02,2026-01-31,5,19,44,96925
店舗02,2026-01-31,5,20,37,86324
店舗02,2026-01-31,5,21,26,57996
店舗02,2026-02-01,6,8,24,51171
店舗02,2026-02-01,6,9,29,63646
店舗02,2026-02-01,6,10,38,85467
店舗02,2026-02-01,6,11,46,103653
店舗02,2026-02-01,6,12,44,103726
店舗02,2026-02-01,6,13,42,89635
店舗02,2026-02-01,6,14,37,83720
店舗02,2026-02-01,6,15,32,62326
店舗02,2026-02-01,6,16,37,99901
店舗02,2026-02-01,6,17,53,114821
店舗02,2026-02-01,6,18,55,122102
店舗02,2026-02-01,6,19,40,89360
店舗02,2026-02-01,6,20,32,80376
店舗02,2026-02-01,6,21,30,63208
店舗02,2026-02-02,0,8,20,44314
店舗02,2026-02-02,0,9,28,71124
店舗02,2026-02-02,0,10,25,46422
店舗02,2026-02-02,0,11,40,91111
店舗02,2026-02-02,0,12,34,89953
店舗02,2026-02-02,0,13,34,78104
店舗02,2026-02-02,0,14,28,66945
店舗02,2026-02-02,0,15,27,66979
店舗02,2026-02-02,0,16,34,72742
店舗02,2026-02-02,0,17,36,68296
店舗02,2026-02-02,0,18,33,71502
店舗02,2026-02-02,0,19,38,90561
店舗02,2026-02-02,0,20,36,76376
店舗02,2026-02-02,0,21,24,53219
店舗02,2026-02-03,1,8,22,45364
店舗02,2026-02-03,1,9,21,57029
店舗02,2026-02-03,1,10,28,70981
店舗02,2026-02-03,1,11,34,76326
店舗02,2026-02-03,1,12,38,91475
店舗02,2026-02-03,1,13,29,64056
店舗02,2026-02-03,1,14,28,62725
店舗02,2026-02-03,1,15,25,65704
店舗02,2026-02-03,1,16,28,67107
店舗02,2026-02-03,1,17,35,83576
店舗02,2026-02-03,1,18,48,114718
店舗02,2026-02-03,1,19,40,105717
店舗02,2026-02-03,1,20,28,77847
店舗02,2026-02-03,1,21,20,42644
店舗02,2026-02-04,2,8,31,77423
店舗02,2026-02-04,2,9,29,71740
店舗02,2026-02-04,2,10,36,74570
店舗02,2026-02-04,2,11,32,63832
店舗02,2026-02-04,2,12,42,96656
店舗02,2026-02-04,2,13,44,100602
店舗02,2026-02-04,2,14,27,64027
店舗02,2026-02-04,2,15,24,53674
店舗02,2026-02-04,2,16,33,79799
店舗02,2026-02-04,2,17,35,69368
店舗02,2026-02-04,2,18,37,96948
店舗02,2026-02-04,2,19,34,78857
店舗02,2026-02-04,2,20,29,71991
店舗02,2026-02-04,2,21,20,47983
店舗02,2026-02-05,3,8,21,51512
店舗02,2026-02-05,3,9,25,63662
店舗02,2026-02-05,3,10,30,71251
店舗02,2026-02-05,3,11,31,72448
店舗02,2026-02-05,3,12,42,97800
店舗02,2026-02-05,3,13,32,76357
店舗02,2026-02-05,3,14,27,65809
店舗02,2026-02-05,3,15,29,75581
店舗02,2026-02-05,3,16,33,72001
店舗02,2026-02-05,3,17,37,83945
店舗02,2026-02-05,3,18,37,84008
店舗02,2026-02-05,3,19,34,77967
店舗02,2026-02-05,3,20,33,78733
店舗02,2026-02-05,3,21,24,55147
店舗02,2026-02-06,4,8,22,52716
店舗02,2026-02-06,4,9,32,70331
店舗02,2026-02-06,4,10,32,76397
店舗02,2026-02-06,4,11,37,95392
店舗02,2026-02-06,4,12,34,79845
店舗02,2026-02-06,4,13,29,73621
店舗02,2026-02-06,4,14,27,58061
店舗02,2026-02-06,4,15,24,54366
店舗02,2026-02-06,4,16,32,68508
店舗02,2026-02-06,4,17,38,95931
店舗02,2026-02-06,4,18,47,104824
店舗02,2026-02-06,4,19,34,91076
店舗02,2026-02-06,4,20,24,62139
店舗02,2026-02-06,4,21,31,76150
店舗02,2026-02-07,5,8,23,51888
店舗02,2026-02-07,5,9,33,77130
店舗02,2026-02-07,5,10,35,87028
店舗02,2026-02-07,5,11,37,81536
店舗02,2026-02-07,5,12,47,120733
店舗02,2026-02-07,5,13,45,108077
店舗02,2026-02-07,5,14,38,84739
店舗02,2026-02-07,5,15,28,59506
店舗02,2026-02-07,5,16,37,88186
店舗02,2026-02-07,5,17,48,114896
店舗02,2026-02-07,5,18,53,124143
店舗02,2026-02-07,5,19,42,101495
店舗02,2026-02-07,5,20,38,84719
店舗02,2026-02-07,5,21,26,58636
店舗02,2026-02-08,6,8,22,56712
店舗02,2026-02-08,6,9,31,83855
店舗02,2026-02-08,6,10,34,98454
店舗02,2026-02-08,6,11,43,97971
店舗02,2026-02-08,6,12,47,117519
店舗02,2026-02-08,6,13,49,117259
店舗02,2026-02-08,6,14,36,78710
店舗02,2026-02-08,6,15,31,69456
店舗02,2026-02-08,6,16,33,93420
店舗02,2026-02-08,6,17,40,88973
店舗02,2026-02-08,6,18,51,124868
店舗02,2026-02-08,6,19,48,107228
店舗02,2026-02-08,6,20,36,78923
店舗02,2026-02-08,6,21,25,53402
店舗02,2026-02-09,0,8,26,64323
店舗02,2026-02-09,0,9,24,59756
店舗02,2026-02-09,0,10,21,52612
店舗02,2026-02-09,0,11,37,89481
店舗02,2026-02-09,0,12,33,68652
店舗02,2026-02-09,0,13,37,91546
店舗02,2026-02-09,0,14,23,49988
店舗02,2026-02-09,0,15,24,50516
店舗02,2026-02-09,0,16,24,52850
店舗02,2026-02-09,0,17,32,74533
店舗02,2026-02-09,0,18,46,97321
店舗02,2026-02-09,0,19,41,93263
店舗02,2026-02-09,0,20,26,66545
店舗02,2026-02-09,0,21,28,67962
店舗02,2026-02-10,1,8,20,48727
店舗02,2026-02-10,1,9,28,63036
店舗02,2026-02-10,1,10,28,65490
店舗02,2026-02-10,1,11,30,75992
店舗02,2026-02-10,1,12,39,82405
店舗02,2026-02-10,1,13,43,108804
店舗02,2026-02-10,1,14,34,80422
店舗02,2026-02-10,1,15,18,43126
店舗02,2026-02-10,1,16,27,59005
店舗02,2026-02-10,1,17,40,83540
店舗02,2026-02-10,1,18,40,104871
店舗02,2026-02-10,1,19,41,92773
店舗02,2026-02-10,1,20,31,78973
店舗02,2026-02-10,1,21,27,57853
店舗02,2026-02-11,2,8,26,57109
店舗02,2026-02-11,2,9,25,60933
店舗02,2026-02-11,2,10,30,65943
店舗02,2026-02-11,2,11,38,90571
店舗02,2026-02-11,2,12,42,98362
店舗02,2026-02-11,2,13,38,86767
店舗02,2026-02-11,2,14,30,67004
店舗02,2026-02-11,2,15,22,50364
店舗02,2026-02-11,2,16,30,64602
店舗02,2026-02-11,2,17,44,99516
店舗02,2026-02-11,2,18,43,79769
店舗02,2026-02-11,2,19,36,79296
店舗02,2026-02-11,2,20,33,75612
店舗02,2026-02-11,2,21,22,44109
店舗02,2026-02-12,3,8,17,42891
店舗02,2026-02-12,3,9,21,47839
店舗02,2026-02-12,3,10,35,87092
店舗02,2026-02-12,3,11,39,86452
店舗02,2026-02-12,3,12,41,86321
店舗02,2026-02-12,3,13,33,71441
店舗02,2026-02-12,3,14,28,67198
店舗02,2026-02-12,3,15,28,62862
店舗02,2026-02-12,3,16,32,77747
店舗02,2026-02-12,3,17,35,83205
店舗02,2026-02-12,3,18,44,119729
店舗02,2026-02-12,3,19,41,119143
店舗02,2026-02-12,3,20,31,75554
店舗02,2026-02-12,3,21,19,43132
店舗02,2026-02-13,4,8,20,49331
店舗02,2026-02-13,4,9,24,61098
店舗02,2026-02-13,4,10,32,74268
店舗02,2026-02-13,4,11,39,97083
店舗02,2026-02-13,4,12,31,71103
店舗02,2026-02-13,4,13,37,93011
店舗02,2026-02-13,4,14,30,73660
店舗02,2026-02-13,4,15,23,52968
店舗02,2026-02-13,4,16,29,67969
店舗02,2026-02-13,4,17,36,84964
店舗02,2026-02-13,4,18,41,94528
店舗02,2026-02-13,4,19,33,67879
店舗02,2026-02-13,4,20,27,67164
店舗02,2026-02-13,4,21,26,54229
店舗02,2026-02-14,5,8,26,62301
店舗02,2026-02-14,5,9,31,67733
店舗02,2026-02-14,5,10,35,84898
店舗02,2026-02-14,5,11,39,89227
店舗02,2026-02-14,5,12,35,78335
店舗02,2026-02-14,5,13,38,90433
店舗02,2026-02-14,5,14,35,68017
店舗02,2026-02-14,5,15,28,68248
店舗02,2026-02-14,5,16,31,73017
店舗02,2026-02-14,5,17,47,111505
店舗02,2026-02-14,5,18,50,103674
店舗02,2026-02-14,5,19,43,100986
店舗02,2026-02-14,5,20,33,81264
店舗02,2026-02-14,5,21,25,57499
店舗02,2026-02-15,6,8,27,65029
店舗02,2026-02-15,6,9,26,60756
店舗02,2026-02-15,6,10,36,84448
店舗02,2026-02-15,6,11,36,81290
店舗02,2026-02-15,6,12,41,83608
店舗02,2026-02-15,6,13,38,93293
店舗02,2026-02-15,6,14,37,80930
店舗02,2026-02-15,6,15,24,54264
店舗02,2026-02-15,6,16,37,92444
店舗02,2026-02-15,6,17,50,103859
店舗02,2026-02-15,6,18,46,113976
店舗02,2026-02-15,6,19,44,116635
店舗02,2026-02-15,6,20,37,86681
店舗02,2026-02-15,6,21,20,47466
店舗02,2026-02-16,0,8,20,43019
店舗02,2026-02-16,0,9,24,60480
店舗02,2026-02-16,0,10,29,74562
店舗02,2026-02-16,0,11,34,86414
店舗02,2026-02-16,0,12,33,94268
店舗02,2026-02-16,0,13,36,88003
店舗02,2026-02-16,0,14,36,89735
店舗02,2026-02-16,0,15,31,70948
店舗02,2026-02-16,0,16,30,63592
店舗02,2026-02-16,0,17,35,82881
店舗02,2026-02-16,0,18,40,107860
店舗02,2026-02-16,0,19,37,87376
店舗02,2026-02-16,0,20,27,68825
店舗02,2026-02-16,0,21,22,55575
店舗02,2026-02-17,1,8,20,46864
店舗02,2026-02-17,1,9,26,70183
店舗02,2026-02-17,1,10,31,81007
店舗02,2026-02-17,1,11,35,76308
店舗02,2026-02-17,1,12,36,89604
店舗02,2026-02-17,1,13,29,61286
店舗02,2026-02-17,1,14,23,56085
店舗02,2026-02-17,1,15,31,62270
店舗02,2026-02-17,1,16,35,88149
店舗02,2026-02-17,1,17,36,91699
店舗02,2026-02-17,1,18,44,93032
店舗02,2026-02-17,1,19,29,66987
店舗02,2026-02-17,1,20,33,77659
店舗02,2026-02-17,1,21,27,68187
店舗02,2026-02-18,2,8,27,67699
店舗02,2026-02-18,2,9,27,64740
店舗02,2026-02-18,2,10,29,66912
店舗02,2026-02-18,2,11,30,68977
店舗02,2026-02-18,2,12,38,99155
店舗02,2026-02-18,2,13,38,96683
店舗02,2026-02-18,2,14,28,68797
店舗02,2026-02-18,2,15,31,76398
店舗02,2026-02-18,2,16,24,57098
店舗02,2026-02-18,2,17,36,87501
店舗02,2026-02-18,2,18,44,95190
店舗02,2026-02-18,2,19,32,71596
店舗02,2026-02-18,2,20,33,79669
店舗02,2026-02-18,2,21,25,58480
店舗02,2026-02-19,3,8,22,54301
店舗02,2026-02-19,3,9,24,55051
店舗02,2026-02-19,3,10,22,48055
店舗02,2026-02-19,3,11,36,76023
店舗02,2026-02-19,3,12,31,72224
店舗02,2026-02-19,3,13,34,87899
店舗02,2026-02-19,3,14,30,73045
店舗02,2026-02-19,3,15,30,68691
店舗02,2026-02-19,3,16,33,72714
店舗02,2026-02-19,3,17,39,90569
店舗02,2026-02-19,3,18,43,98988
店舗02,2026-02-19,3,19,44,111708
店舗02,2026-02-19,3,20,26,63760
店舗02,2026-02-19,3,21,19,48186
店舗02,2026-02-20,4,8,15,37753
店舗02,2026-02-20,4,9,23,55746
店舗02,2026-02-20,4,10,31,68239
店舗02,2026-02-20,4,11,35,74337
店舗02,2026-02-20,4,12,37,96149
店舗02,2026-02-20,4,13,37,79022
店舗02,2026-02-20,4,14,31,77598
店舗02,2026-02-20,4,15,29,70046
店舗02,2026-02-20,4,16,29,64974
店舗02,2026-02-20,4,17,39,92956
店舗02,2026-02-20,4,18,44,92807
店舗02,2026-02-20,4,19,45,106385
店舗02,2026-02-20,4,20,28,67357
店舗02,2026-02-20,4,21,19,45345
店舗02,2026-02-21,5,8,23,51785
店舗02,2026-02-21,5,9,34,90922
店舗02,2026-02-21,5,10,36,82160
店舗02,2026-02-21,5,11,40,89888
店舗02,2026-02-21,5,12,39,101451
店舗02,2026-02-21,5,13,52,109194
店舗02,2026-02-21,5,14,41,96868
店舗02,2026-02-21,5,15,25,65356
店舗02,2026-02-21,5,16,39,91377
店舗02,2026-02-21,5,17,42,94319
店舗02,2026-02-21,5,18,49,98809
店舗02,2026-02-21,5,19,50,111188
店舗02,2026-02-21,5,20,36,82879
店舗02,2026-02-21,5,21,26,56966
店舗02,2026-02-22,6,8,31,72494
店舗02,2026-02-22,6,9,29,63316
店舗02,2026-02-22,6,10,39,96078
店舗02,2026-02-22,6,11,47,104927
店舗02,2026-02-22,6,12,45,104361
店舗02,2026-02-22,6,13,41,106212
店舗02,2026-02-22,6,14,36,75878
店舗02,2026-02-22,6,15,38,88682
店舗02,2026-02-22,6,16,33,75922
店舗02,2026-02-22,6,17,51,116242
店舗02,2026-02-22,6,18,56,132121
店舗02,2026-02-22,6,19,46,115165
店舗02,2026-02-22,6,20,38,93563
店舗02,2026-02-22,6,21,28,75454
店舗02,2026-02-23,0,8,18,42314
店舗02,2026-02-23,0,9,25,56817
店舗02,2026-02-23,0,10,29,67269
店舗02,2026-02-23,0,11,34,73165
店舗02,2026-02-23,0,12,30,71239
店舗02,2026-02-23,0,13,36,88275
店舗02,2026-02-23,0,14,21,44205
店舗02,2026-02-23,0,15,22,54119
店舗02,2026-02-23,0,16,26,61473
店舗02,2026-02-23,0,17,39,92610
店舗02,2026-02-23,0,18,40,86439
店舗02,2026-02-23,0,19,32,77662
店舗02,2026-02-23,0,20,39,101128
店舗02,2026-02-23,0,21,23,46024
店舗02,2026-02-24,1,8,16,41294
店舗02,2026-02-24,1,9,21,48724
店舗02,2026-02-24,1,10,24,51100
店舗02,2026-02-24,1,11,31,68715
店舗02,2026-02-24,1,12,34,83097
店舗02,2026-02-24,1,13,34,83553
店舗02,2026-02-24,1,14,28,64398
店舗02,2026-02-24,1,15,28,65059
店舗02,2026-02-24,1,16,30,66278
店舗02,2026-02-24,1,17,40,97204
店舗02,2026-02-24,1,18,43,103224
店舗02,2026-02-24,1,19,40,100733
店舗02,2026-02-24,1,20,32,74620
店舗02,2026-02-24,1,21,24,59132
店舗02,2026-02-25,2,8,23,55073
店舗02,2026-02-25,2,9,26,74416
店舗02,2026-02-25,2,10,27,63795
店舗02,2026-02-25,2,11,32,84096
店舗02,2026-02-25,2,12,35,79263
店舗02,2026-02-25,2,13,31,63317
店舗02,2026-02-25,2,14,31,88472
店舗02,2026-02-25,2,15,19,47728
店舗02,2026-02-25,2,16,26,67181
店舗02,2026-02-25,2,17,35,81129
店舗02,2026-02-25,2,18,45,103908
店舗02,2026-02-25,2,19,36,76358
店舗02,2026-02-25,2,20,30,60852
店舗02,2026-02-25,2,21,26,62518
店舗02,2026-02-26,3,8,24,56119
店舗02,2026-02-26,3,9,27,65618
店舗02,2026-02-26,3,10,32,79522
店舗02,2026-02-26,3,11,29,70344
店舗02,2026-02-26,3,12,39,99305
店舗02,2026-02-26,3,13,31,75416
店舗02,2026-02-26,3,14,28,56296
店舗02,2026-02-26,3,15,18,39237
店舗02,2026-02-26,3,16,35,93747
店舗02,2026-02-26,3,17,36,84876
店舗02,2026-02-26,3,18,49,110803
店舗02,2026-02-26,3,19,43,98149
店舗02,2026-02-26,3,20,32,66692
店舗02,2026-02-26,3,21,26,53333
店舗02,2026-02-27,4,8,17,42518
店舗02,2026-02-27,4,9,22,48735
店舗02,2026-02-27,4,10,27,64913
店舗02,2026-02-27,4,11,24,52807
店舗02,2026-02-27,4,12,38,88624
店舗02,2026-02-27,4,13,35,80329
店舗02,2026-02-27,4,14,26,59951
店舗02,2026-02-27,4,15,24,53238
店舗02,2026-02-27,4,16,29,69107
店舗02,2026-02-27,4,17,36,90813
店舗02,2026-02-27,4,18,47,109911
店舗02,2026-02-27,4,19,36,82942
店舗02,2026-02-27,4,20,32,76531
店舗02,2026-02-27,4,21,19,41341
店舗02,2026-02-28,5,8,35,81130
店舗02,2026-02-28,5,9,35,84025
店舗02,2026-02-28,5,10,37,86031
店舗02,2026-02-28,5,11,41,86145
店舗02,2026-02-28,5,12,45,108148
店舗02,2026-02-28,5,13,42,81054
店舗02,2026-02-28,5,14,35,99509
店舗02,2026-02-28,5,15,28,68779
店舗02,2026-02-28,5,16,33,69508
店舗02,2026-02-28,5,17,46,92599
店舗02,2026-02-28,5,18,46,108186
店舗02,2026-02-28,5,19,47,100174
店舗02,2026-02-28,5,20,38,81203
店舗02,2026-02-28,5,21,22,47373
店舗02,2026-03-01,6,8,28,74188
店舗02,2026-03-01,6,9,31,72948
店舗02,2026-03-01,6,10,30,67853
店舗02,2026-03-01,6,11,37,89626
店舗02,2026-03-01,6,12,41,98708
店舗02,2026-03-01,6,13,43,97268
店舗02,2026-03-01,6,14,41,98739
店舗02,2026-03-01,6,15,29,68443
店舗02,2026-03-01,6,16,32,72818
店舗02,2026-03-01,6,17,43,91642
店舗02,2026-03-01,6,18,45,86798
店舗02,2026-03-01,6,19,48,98989
店舗02,2026-03-01,6,20,30,80171
店舗02,2026-03-01,6,21,30,73969
店舗03,2026-01-05,0,8,26,53976
店舗03,2026-01-05,0,9,18,50226
店舗03,2026-01-05,0,10,23,49712
店舗03,2026-01-05,0,11,30,77804
店舗03,2026-01-05,0,12,49,110954
店舗03,2026-01-05,0,13,27,62264
店舗03,2026-01-05,0,14,29,64750
店舗03,2026-01-05,0,15,29,69836
店舗03,2026-01-05,0,16,30,64551
店舗03,2026-01-05,0,17,39,97886
店舗03,2026-01-05,0,18,47,98422
店舗03,2026-01-05,0,19,36,77755
店舗03,2026-01-05,0,20,33,79637
店舗03,2026-01-05,0,21,26,62076
店舗03,2026-01-06,1,8,28,68167
店舗03,2026-01-06,1,9,31,73493
店舗03,2026-01-06,1,10,29,63777
店舗03,2026-01-06,1,11,41,95977
店舗03,2026-01-06,1,12,45,89793
店舗03,2026-01-06,1,13,36,79889
店舗03,2026-01-06,1,14,40,93523
店舗03,2026-01-06,1,15,27,53716
店舗03,2026-01-06,1,16,28,70756
店舗03,2026-01-06,1,17,36,93086
店舗03,2026-01-06,1,18,49,119710
店舗03,2026-01-06,1,19,38,83800
店舗03,2026-01-06,1,20,26,56212
店舗03,2026-01-06,1,21,20,41371
店舗03,2026-01-07,2,8,24,57413
店舗03,2026-01-07,2,9,22,52873
店舗03,2026-01-07,2,10,31,71434
店舗03,2026-01-07,2,11,39,93948
店舗03,2026-01-07,2,12,38,86854
店舗03,2026-01-07,2,13,33,73855
店舗03,2026-01-07,2,14,26,63159
店舗03,2026-01-07,2,15,24,57624
店舗03,2026-01-07,2,16,27,61968
店舗03,2026-01-07,2,17,42,93568
店舗03,2026-01-07,2,18,48,110677
店舗03,2026-01-07,2,19,34,81450
店舗03,2026-01-07,2,20,34,81573
店舗03,2026-01-07,2,21,30,68839
店舗03,2026-01-08,3,8,22,53560
店舗03,2026-01-08,3,9,30,72453
店舗03,2026-01-08,3,10,31,76683
店舗03,2026-01-08,3,11,37,86197
店舗03,2026-01-08,3,12,45,113587
店舗03,2026-01-08,3,13,36,85866
店舗03,2026-01-08,3,14,32,67386
店舗03,2026-01-08,3,15,24,52232
店舗03,2026-01-08,3,16,28,68999
店舗03,2026-01-08,3,17,40,85185
店舗03,2026-01-08,3,18,42,103140
店舗03,2026-01-08,3,19,36,85648
店舗03,2026-01-08,3,20,39,91526
店舗03,2026-01-08,3,21,24,56798
店舗03,2026-01-09,4,8,22,51576
店舗03,2026-01-09,4,9,21,48786
店舗03,2026-01-09,4,10,29,65194
店舗03,2026-01-09,4,11,36,90363
店舗03,2026-01-09,4,12,39,94452
店舗03,2026-01-09,4,13,39,94288
店舗03,2026-01-09,4,14,34,84266
店舗03,2026-01-09,4,15,27,64640
店舗03,2026-01-09,4,16,35,78142
店舗03,2026-01-09,4,17,40,96990
店舗03,2026-01-09,4,18,41,95798
店舗03,2026-01-09,4,19,30,69314
店舗03,2026-01-09,4,20,30,69634
店舗03,2026-01-09,4,21,20,44031
店舗03,2026-01-10,5,8,18,40742
店舗03,2026-01-10,5,9,29,73932
店舗03,2026-01-10,5,10,40,94561
店舗03,2026-01-10,5,11,48,112629
店舗03,2026-01-10,5,12,45,91848
店舗03,2026-01-10,5,13,47,129710
店舗03,2026-01-10,5,14,37,81853
店舗03,2026-01-10,5,15,36,73165
店舗03,2026-01-10,5,16,40,99888
店舗03,2026-01-10,5,17,47,115229
店舗03,2026-01-10,5,18,54,119337
店舗03,2026-01-10,5,19,46,114523
店舗03,2026-01-10,5,20,27,69654
店舗03,2026-01-10,5,21,30,73517
店舗03,2026-01-11,6,8,30,67029
店舗03,2026-01-11,6,9,27,60491
店舗03,2026-01-11,6,10,41,103543
店舗03,2026-01-11,6,11,41,91585
店舗03,2026-01-11,6,12,51,110670
店舗03,2026-01-11,6,13,47,109703
店舗03,2026-01-11,6,14,41,94104
店舗03,2026-01-11,6,15,29,73460
店舗03,2026-01-11,6,16,35,84454
店舗03,2026-01-11,6,17,44,98576
店舗03,2026-01-11,6,18,59,140792
店舗03,2026-01-11,6,19,49,113861
店舗03,2026-01-11,6,20,51,122467
店舗03,2026-01-11,6,21,36,72670
店舗03,2026-01-12,0,8,23,62307
店舗03,2026-01-12,0,9,18,41017
店舗03,2026-01-12,0,10,36,87037
店舗03,2026-01-12,0,11,33,74225
店舗03,2026-01-12,0,12,41,106226
店舗03,2026-01-12,0,13,38,80192
店舗03,2026-01-12,0,14,25,61150
店舗03,2026-01-12,0,15,26,62523
店舗03,2026-01-12,0,16,26,56306
店舗03,2026-01-12,0,17,41,104184
店舗03,2026-01-12,0,18,46,108710
店舗03,2026-01-12,0,19,36,79765
店舗03,2026-01-12,0,20,26,58709
店舗03,2026-01-12,0,21,26,51272
店舗03,2026-01-13,1,8,20,51336
店舗03,2026-01-13,1,9,19,52707
店舗03,2026-01-13,1,10,30,72575
店舗03,2026-01-13,1,11,35,77666
店舗03,2026-01-13,1,12,48,121468
店舗03,2026-01-13,1,13,39,84607
店舗03,2026-01-13,1,14,35,76938
店舗03,2026-01-13,1,15,21,41636
店舗03,2026-01-13,1,16,32,70540
店舗03,2026-01-13,1,17,41,111996
店舗03,2026-01-13,1,18,50,115184
店舗03,2026-01-13,1,19,43,109735
店舗03,2026-01-13,1,20,29,68328
店舗03,2026-01-13,1,21,27,62803
店舗03,2026-01-14,2,8,22,57164
店舗03,2026-01-14,2,9,27,71805
店舗03,2026-01-14,2,10,28,73980
店舗03,2026-01-14,2,11,49,104632
店舗03,2026-01-14,2,12,37,89739
店舗03,2026-01-14,2,13,44,98106
店舗03,2026-01-14,2,14,34,87014
店舗03,2026-01-14,2,15,23,59878
店舗03,2026-01-14,2,16,36,88485
店舗03,2026-01-14,2,17,40,93433
店舗03,2026-01-14,2,18,47,110713
店舗03,2026-01-14,2,19,35,76904
店舗03,2026-01-14,2,20,26,57580
店舗03,2026-01-14,2,21,24,57330
店舗03,2026-01-15,3,8,25,55927
店舗03,2026-01-15,3,9,24,54528
店舗03,2026-01-15,3,10,32,64622
店舗03,2026-01-15,3,11,40,81491
店舗03,2026-01-15,3,12,44,115368
店舗03,2026-01-15,3,13,37,94403
店舗03,2026-01-15,3,14,28,70174
店舗03,2026-01-15,3,15,25,55153
店舗03,2026-01-15,3,16,32,81870
店舗03,2026-01-15,3,17,34,73274
店舗03,2026-01-15,3,18,46,123369
店舗03,2026-01-15,3,19,38,94541
店舗03,2026-01-15,3,20,29,66175
店舗03,2026-01-15,3,21,30,56788
店舗03,2026-01-16,4,8,26,58930
店舗03,2026-01-16,4,9,32,71087
店舗03,2026-01-16,4,10,27,62816
店舗03,2026-01-16,4,11,34,70268
店舗03,2026-01-16,4,12,36,92903
店舗03,2026-01-16,4,13,38,87512
店舗03,2026-01-16,4,14,28,74255
店舗03,2026-01-16,4,15,25,63683
店舗03,2026-01-16,4,16,28,62803
店舗03,2026-01-16,4,17,39,93472
店舗03,2026-01-16,4,18,52,125347
店舗03,2026-01-16,4,19,40,94273
店舗03,2026-01-16,4,20,30,71828
店舗03,2026-01-16,4,21,24,59048
店舗03,2026-01-17,5,8,26,56665
店舗03,2026-01-17,5,9,28,66305
店舗03,2026-01-17,5,10,30,71129
店舗03,2026-01-17,5,11,43,109139
店舗03,2026-01-17,5,12,50,122616
店舗03,2026-01-17,5,13,52,111044
店舗03,2026-01-17,5,14,43,108957
店舗03,2026-01-17,5,15,30,71319
店舗03,2026-01-17,5,16,36,84788
店舗03,2026-01-17,5,17,40,102077
店舗03,2026-01-17,5,18,53,119925
店舗03,2026-01-17,5,19,49,107267
店舗03,2026-01-17,5,20,28,67852
店舗03,2026-01-17,5,21,29,62158
店舗03,2026-01-18,6,8,28,58419
店舗03,2026-01-18,6,9,28,70053
店舗03,2026-01-18,6,10,35,79428
店舗03,2026-01-18,6,11,46,110907
店舗03,2026-01-18,6,12,47,105405
店舗03,2026-01-18,6,13,48,116673
店舗03,2026-01-18,6,14,36,83711
店舗03,2026-01-18,6,15,27,60583
店舗03,2026-01-18,6,16,33,88073
店舗03,2026-01-18,6,17,39,81023
店舗03,2026-01-18,6,18,53,120043
店舗03,2026-01-18,6,19,56,134750
店舗03,2026-01-18,6,20,39,86792
店舗03,2026-01-18,6,21,29,66671
店舗03,2026-01-19,0,8,25,51420
店舗03,2026-01-19,0,9,26,67095
店舗03,2026-01-19,0,10,25,54596
店舗03,2026-01-19,0,11,37,87389
店舗03,2026-01-19,0,12,38,82364
店舗03,2026-01-19,0,13,36,81583
店舗03,2026-01-19,0,14,27,70969
店舗03,2026-01-19,0,15,32,72128
店舗03,2026-01-19,0,16,32,74880
店舗03,2026-01-19,0,17,45,104655
店舗03,2026-01-19,0,18,47,104088
店舗03,2026-01-19,0,19,36,92609
店舗03,2026-01-19,0,20,32,77314
店舗03,2026-01-19,0,21,29,72145
店舗03,2026-01-20,1,8,17,37821
店舗03,2026-01-20,1,9,28,66660
店舗03,2026-01-20,1,10,24,55585
店舗03,2026-01-20,1,11,36,73873
店舗03,2026-01-20,1,12,42,101557
店舗03,2026-01-20,1,13,40,90955
店舗03,2026-01-20,1,14,33,69248
店舗03,2026-01-20,1,15,29,56884
店舗03,2026-01-20,1,16,31,67157
店舗03,2026-01-20,1,17,35,84923
店舗03,2026-01-20,1,18,44,114491
店舗03,2026-01-20,1,19,36,83000
店舗03,2026-01-20,1,20,25,60578
店舗03,2026-01-20,1,21,34,76094
店舗03,2026-01-21,2,8,22,49420
店舗03,2026-01-21,2,9,26,60850
店舗03,2026-01-21,2,10,34,76124
店舗03,2026-01-21,2,11,38,89218
店舗03,2026-01-21,2,12,38,105898
店舗03,2026-01-21,2,13,37,81954
店舗03,2026-01-21,2,14,37,92856
店舗03,2026-01-21,2,15,29,69495
店舗03,2026-01-21,2,16,29,72108
店舗03,2026-01-21,2,17,40,93698
店舗03,2026-01-21,2,18,46,109999
店舗03,2026-01-21,2,19,37,98230
店舗03,2026-01-21,2,20,26,63101
店舗03,2026-01-21,2,21,32,69996
店舗03,2026-01-22,3,8,20,43509
店舗03,2026-01-22,3,9,19,43013
店舗03,2026-01-22,3,10,21,50259
店舗03,2026-01-22,3,11,30,76362
店舗03,2026-01-22,3,12,34,84777
店舗03,2026-01-22,3,13,43,106852
店舗03,2026-01-22,3,14,26,56808
店舗03,2026-01-22,3,15,26,60307
店舗03,2026-01-22,3,16,36,79748
店舗03,2026-01-22,3,17,43,107313
店舗03,2026-01-22,3,18,43,98814
店舗03,2026-01-22,3,19,35,84256
店舗03,2026-01-22,3,20,30,70905
店舗03,2026-01-22,3,21,20,46150
店舗03,2026-01-23,4,8,24,53358
店舗03,2026-01-23,4,9,29,69664
店舗03,2026-01-23,4,10,37,76967
店舗03,2026-01-23,4,11,38,83044
店舗03,2026-01-23,4,12,41,88183
店舗03,2026-01-23,4,13,40,95961
店舗03,2026-01-23,4,14,23,50047
店舗03,2026-01-23,4,15,27,50357
店舗03,2026-01-23,4,16,36,85486
店舗03,2026-01-23,4,17,43,95806
店舗03,2026-01-23,4,18,41,98995
店舗03,2026-01-23,4,19,46,111078
店舗03,2026-01-23,4,20,32,79759
店舗03,2026-01-23,4,21,27,59882
店舗03,2026-01-24,5,8,29,66963
店舗03,2026-01-24,5,9,31,55702
店舗03,2026-01-24,5,10,37,91227
店舗03,2026-01-24,5,11,41,99641
店舗03,2026-01-24,5,12,48,126988
店舗03,2026-01-24,5,13,39,93836
店舗03,2026-01-24,5,14,39,98982
店舗03,2026-01-24,5,15,30,57333
店舗03,2026-01-24,5,16,36,89531
店舗03,2026-01-24,5,17,51,121215
店舗03,2026-01-24,5,18,59,135515
店舗03,2026-01-24,5,19,50,131014
店舗03,2026-01-24,5,20,30,68025
店舗03,2026-01-24,5,21,36,86156
店舗03,2026-01-25,6,8,27,67130
店舗03,2026-01-25,6,9,29,69874
店舗03,2026-01-25,6,10,41,110302
店舗03,2026-01-25,6,11,44,102972
店舗03,2026-01-25,6,12,50,116459
店舗03,2026-01-25,6,13,40,103339
店舗03,2026-01-25,6,14,32,72711
店舗03,2026-01-25,6,15,41,93231
店舗03,2026-01-25,6,16,35,78780
店舗03,2026-01-25,6,17,37,80272
店舗03,2026-01-25,6,18,65,159663
店舗03,2026-01-25,6,19,48,113383
店舗03,2026-01-25,6,20,40,107244
店舗03,2026-01-25,6,21,28,69767
店舗03,2026-01-26,0,8,20,43280
店舗03,2026-01-26,0,9,19,41584
店舗03,2026-01-26,0,10,25,60160
店舗03,2026-01-26,0,11,24,51890
店舗03,2026-01-26,0,12,38,85159
店舗03,2026-01-26,0,13,34,85291
店舗03,2026-01-26,0,14,30,70272
店舗03,2026-01-26,0,15,27,59732
店舗03,2026-01-26,0,16,32,73839
店舗03,2026-01-26,0,17,43,104354
店舗03,2026-01-26,0,18,42,99800
店舗03,2026-01-26,0,19,36,85057
店舗03,2026-01-26,0,20,28,61038
店舗03,2026-01-26,0,21,23,56397
店舗03,2026-01-27,1,8,20,56075
店舗03,2026-01-27,1,9,30,74794
店舗03,2026-01-27,1,10,37,81709
店舗03,2026-01-27,1,11,36,81709
店舗03,2026-01-27,1,12,42,99845
店舗03,2026-01-27,1,13,42,101588
店舗03,2026-01-27,1,14,33,71969
店舗03,2026-01-27,1,15,34,80518
店舗03,2026-01-27,1,16,28,62668
店舗03,2026-01-27,1,17,36,76285
店舗03,2026-01-27,1,18,38,87966
店舗03,2026-01-27,1,19,44,105721
店舗03,2026-01-27,1,20,31,68703
店舗03,2026-01-27,1,21,26,64452
店舗03,2026-01-28,2,8,23,58518
店舗03,2026-01-28,2,9,28,63331
店舗03,2026-01-28,2,10,23,55161
店舗03,2026-01-28,2,11,39,94614
店舗03,2026-01-28,2,12,38,83782
店舗03,2026-01-28,2,13,38,85463
店舗03,2026-01-28,2,14,35,76688
店舗03,2026-01-28,2,15,34,85216
店舗03,2026-01-28,2,16,29,69650
店舗03,2026-01-28,2,17,28,61231
店舗03,2026-01-28,2,18,44,100576
店舗03,2026-01-28,2,19,44,100853
店舗03,2026-01-28,2,20,26,62620
店舗03,2026-01-28,2,21,24,55140
店舗03,2026-01-29,3,8,32,62294
店舗03,2026-01-29,3,9,25,55235
店舗03,2026-01-29,3,10,33,82381
店舗03,2026-01-29,3,11,35,81545
店舗03,2026-01-29,3,12,39,91100
店舗03,2026-01-29,3,13,37,91966
店舗03,2026-01-29,3,14,25,54022
店舗03,2026-01-29,3,15,31,74247
店舗03,2026-01-29,3,16,33,69059
店舗03,2026-01-29,3,17,37,88070
店舗03,2026-01-29,3,18,47,102100
店舗03,2026-01-29,3,19,40,114574
店舗03,2026-01-29,3,20,31,81813
店舗03,2026-01-29,3,21,26,56471
店舗03,2026-01-30,4,8,27,56169
店舗03,2026-01-30,4,9,26,48697
店舗03,2026-01-30,4,10,28,69096
店舗03,2026-01-30,4,11,39,85683
店舗03,2026-01-30,4,12,34,79463
店舗03,2026-01-30,4,13,35,89982
店舗03,2026-01-30,4,14,27,64972
店舗03,2026-01-30,4,15,21,44364
店舗03,2026-01-30,4,16,31,83905
店舗03,2026-01-30,4,17,32,57284
店舗03,2026-01-30,4,18,47,109636
店舗03,2026-01-30,4,19,36,86869
店舗03,2026-01-30,4,20,34,77162
店舗03,2026-01-30,4,21,25,61192
店舗03,2026-01-31,5,8,28,70709
店舗03,2026-01-31,5,9,25,67646
店舗03,2026-01-31,5,10,34,76421
店舗03,2026-01-31,5,11,45,102618
店舗03,2026-01-31,5,12,48,112456
店舗03,2026-01-31,5,13,35,94100
店舗03,2026-01-31,5,14,36,88362
店舗03,2026-01-31,5,15,31,69098
店舗03,2026-01-31,5,16,44,98760
店舗03,2026-01-31,5,17,45,102084
店舗03,2026-01-31,5,18,53,136798
店舗03,2026-01-31,5,19,43,85978
店舗03,2026-01-31,5,20,33,72729
店舗03,2026-01-31,5,21,27,53658
店舗03,2026-02-01,6,8,24,61586
店舗03,2026-02-01,6,9,31,67254
店舗03,2026-02-01,6,10,30,64349
店舗03,2026-02-01,6,11,48,120596
店舗03,2026-02-01,6,12,51,113079
店舗03,2026-02-01,6,13,43,99493
店舗03,2026-02-01,6,14,45,91478
店舗03,2026-02-01,6,15,38,79273
店舗03,2026-02-01,6,16,35,78917
店舗03,2026-02-01,6,17,42,103200
店舗03,2026-02-01,6,18,56,136724
店舗03,2026-02-01,6,19,48,105029
店舗03,2026-02-01,6,20,36,98554
店舗03,2026-02-01,6,21,25,59562
店舗03,2026-02-02,0,8,18,38415
店舗03,2026-02-02,0,9,23,57929
店舗03,2026-02-02,0,10,32,78212
店舗03,2026-02-02,0,11,34,81565
店舗03,2026-02-02,0,12,37,85096
店舗03,2026-02-02,0,13,35,83674
店舗03,2026-02-02,0,14,37,85805
店舗03,2026-02-02,0,15,29,60491
店舗03,2026-02-02,0,16,26,57199
店舗03,2026-02-02,0,17,39,95965
店舗03,2026-02-02,0,18,49,117868
店舗03,2026-02-02,0,19,31,73244
店舗03,2026-02-02,0,20,30,71488
店舗03,2026-02-02,0,21,30,74739
店舗03,2026-02-03,1,8,19,42896
店舗03,2026-02-03,1,9,22,53682
店舗03,2026-02-03,1,10,31,66777
店舗03,2026-02-03,1,11,37,75434
店舗03,2026-02-03,1,12,39,93624
店舗03,2026-02-03,1,13,35,87466
店舗03,2026-02-03,1,14,31,65512
店舗03,2026-02-03,1,15,32,82089
店舗03,2026-02-03,1,16,32,83815
店舗03,2026-02-03,1,17,42,91810
店舗03,2026-02-03,1,18,51,124773
店舗03,2026-02-03,1,19,36,86264
店舗03,2026-02-03,1,20,24,59423
店舗03,2026-02-03,1,21,26,58659
店舗03,2026-02-04,2,8,22,48703
店舗03,2026-02-04,2,9,33,85777
店舗03,2026-02-04,2,10,31,72709
店舗03,2026-02-04,2,11,41,90226
店舗03,2026-02-04,2,12,39,78860
店舗03,2026-02-04,2,13,45,106399
店舗03,2026-02-04,2,14,22,54111
店舗03,2026-02-04,2,15,25,61570
店舗03,2026-02-04,2,16,32,72388
店舗03,2026-02-04,2,17,40,91052
店舗03,2026-02-04,2,18,40,91606
店舗03,2026-02-04,2,19,38,79632
店舗03,2026-02-04,2,20,34,63138
店舗03,2026-02-04,2,21,22,52287
店舗03,2026-02-05,3,8,25,63820
店舗03,2026-02-05,3,9,27,64402
店舗03,2026-02-05,3,10,23,61918
店舗03,2026-02-05,3,11,38,91967
店舗03,2026-02-05,3,12,41,92700
店舗03,2026-02-05,3,13,30,70145
店舗03,2026-02-05,3,14,28,62386
店舗03,2026-02-05,3,15,32,73223
店舗03,2026-02-05,3,16,34,80204
店舗03,2026-02-05,3,17,38,87252
店舗03,2026-02-05,3,18,41,99512
店舗03,2026-02-05,3,19,33,67740
店舗03,2026-02-05,3,20,32,70504
店舗03,2026-02-05,3,21,28,59394
店舗03,2026-02-06,4,8,17,45074
店舗03,2026-02-06,4,9,23,50183
店舗03,2026-02-06,4,10,28,59800
店舗03,2026-02-06,4,11,33,84046
店舗03,2026-02-06,4,12,38,82163
店舗03,2026-02-06,4,13,26,60535
店舗03,2026-02-06,4,14,29,72455
店舗03,2026-02-06,4,15,32,79927
店舗03,2026-02-06,4,16,36,84258
店舗03,2026-02-06,4,17,33,81786
店舗03,2026-02-06,4,18,41,84163
店舗03,2026-02-06,4,19,39,85863
店舗03,2026-02-06,4,20,32,64785
店舗03,2026-02-06,4,21,30,75381
店舗03,2026-02-07,5,8,24,56387
店舗03,2026-02-07,5,9,32,76054
店舗03,2026-02-07,5,10,41,90957
店舗03,2026-02-07,5,11,44,101240
店舗03,2026-02-07,5,12,47,111066
店舗03,2026-02-07,5,13,40,99773
店舗03,2026-02-07,5,14,33,76254
店舗03,2026-02-07,5,15,35,68900
店舗03,2026-02-07,5,16,41,91354
店舗03,2026-02-07,5,17,46,107696
店舗03,2026-02-07,5,18,61,140305
店舗03,2026-02-07,5,19,48,116389
店舗03,2026-02-07,5,20,37,92597
店舗03,2026-02-07,5,21,26,58111
店舗03,2026-02-08,6,8,28,64687
店舗03,2026-02-08,6,9,36,78277
店舗03,2026-02-08,6,10,34,71110
店舗03,2026-02-08,6,11,46,112073
店舗03,2026-02-08,6,12,43,101041
店舗03,2026-02-08,6,13,43,109376
店舗03,2026-02-08,6,14,46,100258
店舗03,2026-02-08,6,15,30,79173
店舗03,2026-02-08,6,16,42,97675
店舗03,2026-02-08,6,17,45,112959
店舗03,2026-02-08,6,18,52,119766
店舗03,2026-02-08,6,19,47,108462
店舗03,2026-02-08,6,20,37,92247
店舗03,2026-02-08,6,21,32,79827
店舗03,2026-02-09,0,8,22,48897
店舗03,2026-02-09,0,9,26,54442
店舗03,2026-02-09,0,10,28,65382
店舗03,2026-02-09,0,11,42,102328
店舗03,2026-02-09,0,12,45,107884
店舗03,2026-02-09,0,13,33,77621
店舗03,2026-02-09,0,14,30,63118
店舗03,2026-02-09,0,15,26,63035
店舗03,2026-02-09,0,16,33,74097
店舗03,2026-02-09,0,17,39,71505
店舗03,2026-02-09,0,18,42,106857
店舗03,2026-02-09,0,19,40,105414
店舗03,2026-02-09,0,20,27,63460
店舗03,2026-02-09,0,21,31,72385
店舗03,2026-02-10,1,8,23,59657
店舗03,2026-02-10,1,9,21,46903
店舗03,2026-02-10,1,10,32,71605
店舗03,2026-02-10,1,11,36,75008
店舗03,2026-02-10,1,12,46,109564
店舗03,2026-02-10,1,13,33,66327
店舗03,2026-02-10,1,14,26,65856
店舗03,2026-02-10,1,15,30,70003
店舗03,2026-02-10,1,16,29,63157
店舗03,2026-02-10,1,17,39,106502
店舗03,2026-02-10,1,18,50,101833
店舗03,2026-02-10,1,19,36,84083
店舗03,2026-02-10,1,20,30,86680
店舗03,2026-02-10,1,21,25,61524
店舗03,2026-02-11,2,8,23,54506
店舗03,2026-02-11,2,9,25,61051
店舗03,2026-02-11,2,10,31,76032
店舗03,2026-02-11,2,11,40,94513
店舗03,2026-02-11,2,12,35,78470
店舗03,2026-02-11,2,13,37,83764
店舗03,2026-02-11,2,14,26,55539
店舗03,2026-02-11,2,15,26,54222
店舗03,2026-02-11,2,16,27,61536
店舗03,2026-02-11,2,17,41,101813
店舗03,2026-02-11,2,18,42,95396
店舗03,2026-02-11,2,19,36,79528
店舗03,2026-02-11,2,20,35,87820
店舗03,2026-02-11,2,21,28,55835
店舗03,2026-02-12,3,8,28,67776
店舗03,2026-02-12,3,9,27,63688
店舗03,2026-02-12,3,10,29,70066
店舗03,2026-02-12,3,11,40,82578
店舗03,2026-02-12,3,12,37,100569
店舗03,2026-02-12,3,13,35,76690
店舗03,2026-02-12,3,14,32,70959
店舗03,2026-02-12,3,15,31,68951
店舗03,2026-02-12,3,16,34,84932
店舗03,2026-02-12,3,17,40,117337
店舗03,2026-02-12,3,18,48,115607
店舗03,2026-02-12,3,19,39,101663
店舗03,2026-02-12,3,20,37,96796
店舗03,2026-02-12,3,21,20,48754
店舗03,2026-02-13,4,8,18,37481
店舗03,2026-02-13,4,9,27,67840
店舗03,2026-02-13,4,10,32,78262
店舗03,2026-02-13,4,11,36,74834
店舗03,2026-02-13,4,12,31,76983
店舗03,2026-02-13,4,13,40,101980
店舗03,2026-02-13,4,14,28,68775
店舗03,2026-02-13,4,15,20,47444
店舗03,2026-02-13,4,16,29,65853
店舗03,2026-02-13,4,17,33,79824
店舗03,2026-02-13,4,18,40,100539
店舗03,2026-02-13,4,19,41,89377
店舗03,2026-02-13,4,20,27,67956
店舗03,2026-02-13,4,21,27,59089
店舗03,2026-02-14,5,8,29,80821
店舗03,2026-02-14,5,9,36,79803
店舗03,2026-02-14,5,10,36,88615
店舗03,2026-02-14,5,11,41,90376
店舗03,2026-02-14,5,12,52,133353
店舗03,2026-02-14,5,13,52,123460
店舗03,2026-02-14,5,14,36,93354
店舗03,2026-02-14,5,15,29,62754
店舗03,2026-02-14,5,16,40,92724
店舗03,2026-02-14,5,17,52,129305
店舗03,2026-02-14,5,18,59,118137
店舗03,2026-02-14,5,19,51,105836
店舗03,2026-02-14,5,20,34,74756
店舗03,2026-02-14,5,21,37,100420
店舗03,2026-02-15,6,8,25,61120
店舗03,2026-02-15,6,9,32,77498
店舗03,2026-02-15,6,10,38,100843
店舗03,2026-02-15,6,11,40,99729
店舗03,2026-02-15,6,12,52,125148
店舗03,2026-02-15,6,13,45,107374
店舗03,2026-02-15,6,14,37,73508
店舗03,2026-02-15,6,15,31,66230
店舗03,2026-02-15,6,16,44,107393
店舗03,2026-02-15,6,17,46,110552
店舗03,2026-02-15,6,18,58,127666
店舗03,2026-02-15,6,19,51,102078
店舗03,2026-02-15,6,20,37,84091
店舗03,2026-02-15,6,21,28,66494
店舗03,2026-02-16,0,8,31,71043
店舗03,2026-02-16,0,9,33,74283
店舗03,2026-02-16,0,10,37,86985
店舗03,2026-02-16,0,11,39,93806
店舗03,2026-02-16,0,12,39,87269
店舗03,2026-02-16,0,13,40,93906
店舗03,2026-02-16,0,14,29,66841
店舗03,2026-02-16,0,15,32,71357
店舗03,2026-02-16,0,16,28,67712
店舗03,2026-02-16,0,17,44,93485
店舗03,2026-02-16,0,18,43,93847
店舗03,2026-02-16,0,19,46,96321
店舗03,2026-02-16,0,20,24,52821
店舗03,2026-02-16,0,21,27,65576
店舗03,2026-02-17,1,8,28,56914
店舗03,2026-02-17,1,9,24,59560
店舗03,2026-02-17,1,10,24,56421
店舗03,2026-02-17,1,11,41,84651
店舗03,2026-02-17,1,12,40,86186
店舗03,2026-02-17,1,13,39,100686
店舗03,2026-02-17,1,14,28,70473
店舗03,2026-02-17,1,15,21,51665
店舗03,2026-02-17,1,16,35,80620
店舗03,2026-02-17,1,17,43,91766
店舗03,2026-02-17,1,18,43,100739
店舗03,2026-02-17,1,19,37,82391
店舗03,2026-02-17,1,20,31,78466
店舗03,2026-02-17,1,21,19,45728
店舗03,2026-02-18,2,8,19,48134
店舗03,2026-02-18,2,9,22,49366
店舗03,2026-02-18,2,10,29,69837
店舗03,2026-02-18,2,11,36,75982
店舗03,2026-02-18,2,12,42,98300
店舗03,2026-02-18,2,13,33,68032
店舗03,2026-02-18,2,14,30,77498
店舗03,2026-02-18,2,15,26,57027
店舗03,2026-02-18,2,16,38,82258
店舗03,2026-02-18,2,17,42,84668
店舗03,2026-02-18,2,18,49,120655
店舗03,2026-02-18,2,19,41,95161
店舗03,2026-02-18,2,20,26,60444
店舗03,2026-02-18,2,21,27,67371
店舗03,2026-02-19,3,8,29,70091
店舗03,2026-02-19,3,9,24,54334
店舗03,2026-02-19,3,10,32,72974
店舗03,2026-02-19,3,11,32,70122
店舗03,2026-02-19,3,12,42,105403
店舗03,2026-02-19,3,13,39,87910
店舗03,2026-02-19,3,14,30,78151
店舗03,2026-02-19,3,15,30,80807
店舗03,2026-02-19,3,16,28,60831
店舗03,2026-02-19,3,17,38,73195
店舗03,2026-02-19,3,18,43,96835
店舗03,2026-02-19,3,19,41,91917
店舗03,2026-02-19,3,20,33,81846
店舗03,2026-02-19,3,21,23,44837
店舗03,2026-02-20,4,8,19,42111
店舗03,2026-02-20,4,9,21,47409
店舗03,2026-02-20,4,10,25,59520
店舗03,2026-02-20,4,11,38,89385
店舗03,2026-02-20,4,12,33,73867
店舗03,2026-02-20,4,13,35,82722
店舗03,2026-02-20,4,14,36,89862
店舗03,2026-02-20,4,15,30,73958
店舗03,2026-02-20,4,16,28,70078
店舗03,2026-02-20,4,17,34,82686
店舗03,2026-02-20,4,18,45,103906
店舗03,2026-02-20,4,19,36,88554
店舗03,2026-02-20,4,20,30,71399
店舗03,2026-02-20,4,21,20,43781
店舗03,2026-02-21,5,8,19,46581
店舗03,2026-02-21,5,9,31,74920
店舗03,2026-02-21,5,10,39,83198
店舗03,2026-02-21,5,11,51,135587
店舗03,2026-02-21,5,12,52,125359
店舗03,2026-02-21,5,13,47,109113
店舗03,2026-02-21,5,14,39,87207
店舗03,2026-02-21,5,15,34,81407
店舗03,2026-02-21,5,16,40,89830
店舗03,2026-02-21,5,17,55,153894
店舗03,2026-02-21,5,18,56,118254
店舗03,2026-02-21,5,19,50,129570
店舗03,2026-02-21,5,20,32,74484
店舗03,2026-02-21,5,21,34,77797
店舗03,2026-02-22,6,8,22,54160
店舗03,2026-02-22,6,9,30,72688
店舗03,2026-02-22,6,10,35,76922
店舗03,2026-02-22,6,11,46,112160
店舗03,2026-02-22,6,12,54,116647
店舗03,2026-02-22,6,13,45,101179
店舗03,2026-02-22,6,14,40,92651
店舗03,2026-02-22,6,15,34,80942
店舗03,2026-02-22,6,16,42,101672
店舗03,2026-02-22,6,17,49,113490
店舗03,2026-02-22,6,18,51,122502
店舗03,2026-02-22,6,19,55,142538
店舗03,2026-02-22,6,20,40,96725
店舗03,2026-02-22,6,21,25,57777
店舗03,2026-02-23,0,8,23,55000
店舗03,2026-02-23,0,9,29,64537
店舗03,2026-02-23,0,10,27,70501
店舗03,2026-02-23,0,11,35,81575
店舗03,2026-02-23,0,12,39,91872
店舗03,2026-02-23,0,13,46,109671
店舗03,2026-02-23,0,14,33,67532
店舗03,2026-02-23,0,15,32,77517
店舗03,2026-02-23,0,16,13,32127
店舗03,2026-02-23,0,17,31,81328
店舗03,2026-02-23,0,18,33,83122
店舗03,2026-02-23,0,19,30,72909
店舗03,2026-02-23,0,20,35,84542
店舗03,2026-02-23,0,21,23,46344
店舗03,2026-02-24,1,8,26,69289
店舗03,2026-02-24,1,9,17,35314
店舗03,2026-02-24,1,10,26,53645
店舗03,2026-02-24,1,11,38,79517
店舗03,2026-02-24,1,12,43,105703
店舗03,2026-02-24,1,13,36,71965
店舗03,2026-02-24,1,14,29,68189
店舗03,2026-02-24,1,15,29,69425
店舗03,2026-02-24,1,16,30,72045
店舗03,2026-02-24,1,17,39,93880
店舗03,2026-02-24,1,18,43,96044
店舗03,2026-02-24,1,19,37,89522
店舗03,2026-02-24,1,20,30,68859
店舗03,2026-02-24,1,21,23,47236
店舗03,2026-02-25,2,8,24,57400
店舗03,2026-02-25,2,9,23,61897
店舗03,2026-02-25,2,10,28,61389
店舗03,2026-02-25,2,11,29,76150
店舗03,2026-02-25,2,12,45,110616
店舗03,2026-02-25,2,13,43,98328
店舗03,2026-02-25,2,14,29,75652
店舗03,2026-02-25,2,15,36,86212
店舗03,2026-02-25,2,16,29,64956
店舗03,2026-02-25,2,17,38,97129
店舗03,2026-02-25,2,18,46,108268
店舗03,2026-02-25,2,19,40,101292
店舗03,2026-02-25,2,20,32,76160
店舗03,2026-02-25,2,21,28,50015
店舗03,2026-02-26,3,8,24,67504
店舗03,2026-02-26,3,9,24,56366
店舗03,2026-02-26,3,10,28,71023
店舗03,2026-02-26,3,11,37,92260
店舗03,2026-02-26,3,12,39,113973
店舗03,2026-02-26,3,13,37,75558
店舗03,2026-02-26,3,14,28,71583
店舗03,2026-02-26,3,15,19,44761
店舗03,2026-02-26,3,16,36,84875
店舗03,2026-02-26,3,17,32,77805
店舗03,2026-02-26,3,18,47,95377
店舗03,2026-02-26,3,19,42,107260
店舗03,2026-02-26,3,20,33,81433
店舗03,2026-02-26,3,21,28,56633
店舗03,2026-02-27,4,8,17,37698
店舗03,2026-02-27,4,9,27,65028
店舗03,2026-02-27,4,10,34,86929
店舗03,2026-02-27,4,11,37,81303
店舗03,2026-02-27,4,12,39,93909
店舗03,2026-02-27,4,13,46,112790
店舗03,2026-02-27,4,14,28,75514
店舗03,2026-02-27,4,15,28,63345
店舗03,2026-02-27,4,16,38,88582
店舗03,2026-02-27,4,17,44,108034
店舗03,2026-02-27,4,18,44,112194
店舗03,2026-02-27,4,19,40,94841
店舗03,2026-02-27,4,20,31,80162
店舗03,2026-02-27,4,21,23,47685
店舗03,2026-02-28,5,8,23,51906
店舗03,2026-02-28,5,9,38,92966
店舗03,2026-02-28,5,10,33,73226
店舗03,2026-02-28,5,11,49,115398
店舗03,2026-02-28,5,12,46,117414
店舗03,2026-02-28,5,13,46,126918
店舗03,2026-02-28,5,14,38,83995
店舗03,2026-02-28,5,15,31,65071
店舗03,2026-02-28,5,16,41,104600
店舗03,2026-02-28,5,17,47,102315
店舗03,2026-02-28,5,18,53,119185
店舗03,2026-02-28,5,19,55,133868
店舗03,2026-02-28,5,20,39,97851
店舗03,2026-02-28,5,21,28,67174
店舗03,2026-03-01,6,8,27,65581
店舗03,2026-03-01,6,9,29,61211
店舗03,2026-03-01,6,10,37,85590
店舗03,2026-03-01,6,11,46,116093
店舗03,2026-03-01,6,12,58,132216
店舗03,2026-03-01,6,13,40,95502
店舗03,2026-03-01,6,14,38,83751
店舗03,2026-03-01,6,15,25,62919
店舗03,2026-03-01,6,16,35,82032
店舗03,2026-03-01,6,17,46,105785
店舗03,2026-03-01,6,18,54,131563
店舗03,2026-03-01,6,19,51,128683
店舗03,2026-03-01,6,20,43,105460
店舗03,2026-03-01,6,21,34,86467
店舗04,2026-01-05,0,8,27,56381
店舗04,2026-01-05,0,9,25,62258
店舗04,2026-01-05,0,10,31,79194
店舗04,2026-01-05,0,11,43,110381
店舗04,2026-01-05,0,12,37,90164
店舗04,2026-01-05,0,13,32,73544
店舗04,2026-01-05,0,14,37,90019
店舗04,2026-01-05,0,15,29,80928
店舗04,2026-01-05,0,16,33,77684
店舗04,2026-01-05,0,17,46,103942
店舗04,2026-01-05,0,18,44,113547
店舗04,2026-01-05,0,19,46,105101
店舗04,2026-01-05,0,20,32,74855
店舗04,2026-01-05,0,21,32,77321
店舗04,2026-01-06,1,8,32,80368
店舗04,2026-01-06,1,9,30,79712
店舗04,2026-01-06,1,10,39,99982
店舗04,2026-01-06,1,11,37,90787
店舗04,2026-01-06,1,12,48,116548
店舗04,2026-01-06,1,13,38,87057
店舗04,2026-01-06,1,14,31,73606
店舗04,2026-01-06,1,15,28,66065
店舗04,2026-01-06,1,16,29,71891
店舗04,2026-01-06,1,17,48,114557
店舗04,2026-01-06,1,18,49,113796
店舗04,2026-01-06,1,19,43,101501
店舗04,2026-01-06,1,20,32,77803
店舗04,2026-01-06,1,21,25,66433
店舗04,2026-01-07,2,8,35,74662
店舗04,2026-01-07,2,9,22,51291
店舗04,2026-01-07,2,10,35,85975
店舗04,2026-01-07,2,11,40,89017
店舗04,2026-01-07,2,12,41,96202
店舗04,2026-01-07,2,13,34,73036
店舗04,2026-01-07,2,14,35,83796
店舗04,2026-01-07,2,15,21,43742
店舗04,2026-01-07,2,16,35,64744
店舗04,2026-01-07,2,17,34,85061
店舗04,2026-01-07,2,18,43,109169
店舗04,2026-01-07,2,19,32,79205
店舗04,2026-01-07,2,20,25,60670
店舗04,2026-01-07,2,21,26,56833
店舗04,2026-01-08,3,8,27,56411
店舗04,2026-01-08,3,9,25,52438
店舗04,2026-01-08,3,10,38,88839
店舗04,2026-01-08,3,11,43,94872
店舗04,2026-01-08,3,12,41,97243
店舗04,2026-01-08,3,13,40,95269
店舗04,2026-01-08,3,14,31,72568
店舗04,2026-01-08,3,15,29,66088
店舗04,2026-01-08,3,16,30,67510
店舗04,2026-01-08,3,17,38,99549
店舗04,2026-01-08,3,18,45,111456
店舗04,2026-01-08,3,19,44,102122
店舗04,2026-01-08,3,20,30,71477
店舗04,2026-01-08,3,21,17,42772
店舗04,2026-01-09,4,8,25,57337
店舗04,2026-01-09,4,9,20,47806
店舗04,2026-01-09,4,10,38,90690
店舗04,2026-01-09,4,11,39,91276
店舗04,2026-01-09,4,12,45,110665
店舗04,2026-01-09,4,13,40,86775
店舗04,2026-01-09,4,14,26,60218
店舗04,2026-01-09,4,15,22,54490
店舗04,2026-01-09,4,16,36,84904
店舗04,2026-01-09,4,17,37,93783
店舗04,2026-01-09,4,18,40,101664
店舗04,2026-01-09,4,19,41,83744
店舗04,2026-01-09,4,20,31,76274
店舗04,2026-01-09,4,21,28,66249
店舗04,2026-01-10,5,8,27,67604
店舗04,2026-01-10,5,9,34,89811
店舗04,2026-01-10,5,10,44,106487
店舗04,2026-01-10,5,11,44,101001
店舗04,2026-01-10,5,12,53,116849
店舗04,2026-01-10,5,13,55,128637
店舗04,2026-01-10,5,14,34,71670
店舗04,2026-01-10,5,15,35,87774
店舗04,2026-01-10,5,16,38,94981
店舗04,2026-01-10,5,17,48,109335
店舗04,2026-01-10,5,18,52,140820
店舗04,2026-01-10,5,19,53,119428
店舗04,2026-01-10,5,20,35,80777
店舗04,2026-01-10,5,21,30,65799
店舗04,2026-01-11,6,8,30,73195
店舗04,2026-01-11,6,9,34,83841
店舗04,2026-01-11,6,10,41,87841
店舗04,2026-01-11,6,11,42,88629
店舗04,2026-01-11,6,12,54,129719
店舗04,2026-01-11,6,13,36,97919
店舗04,2026-01-11,6,14,35,95176
店舗04,2026-01-11,6,15,32,62512
店舗04,2026-01-11,6,16,41,88223
店舗04,2026-01-11,6,17,45,112047
店舗04,2026-01-11,6,18,59,157894
店舗04,2026-01-11,6,19,51,108014
店舗04,2026-01-11,6,20,38,85751
店舗04,2026-01-11,6,21,36,91022
店舗04,2026-01-12,0,8,21,53124
店舗04,2026-01-12,0,9,25,55562
店舗04,2026-01-12,0,10,29,77245
店舗04,2026-01-12,0,11,39,89809
店舗04,2026-01-12,0,12,51,131830
店舗04,2026-01-12,0,13,37,85523
店舗04,2026-01-12,0,14,32,71161
店舗04,2026-01-12,0,15,35,73974
店舗04,2026-01-12,0,16,28,63365
店舗04,2026-01-12,0,17,49,123985
店舗04,2026-01-12,0,18,50,115121
店舗04,2026-01-12,0,19,35,87175
店舗04,2026-01-12,0,20,34,87770
店舗04,2026-01-12,0,21,25,59515
店舗04,2026-01-13,1,8,28,58390
店舗04,2026-01-13,1,9,26,56146
店舗04,2026-01-13,1,10,23,53485
店舗04,2026-01-13,1,11,45,108629
店舗04,2026-01-13,1,12,49,114771
店舗04,2026-01-13,1,13,36,81265
店舗04,2026-01-13,1,14,29,57394
店舗04,2026-01-13,1,15,26,57349
店舗04,2026-01-13,1,16,28,64770
店舗04,2026-01-13,1,17,50,102552
店舗04,2026-01-13,1,18,45,97372
店舗04,2026-01-13,1,19,42,93888
店舗04,2026-01-13,1,20,32,72450
店舗04,2026-01-13,1,21,28,69176
店舗04,2026-01-14,2,8,13,30394
店舗04,2026-01-14,2,9,32,64561
店舗04,2026-01-14,2,10,30,64012
店舗04,2026-01-14,2,11,39,86260
店舗04,2026-01-14,2,12,42,78988
店舗04,2026-01-14,2,13,38,95084
店舗04,2026-01-14,2,14,24,54753
店舗04,2026-01-14,2,15,23,54999
店舗04,2026-01-14,2,16,33,87733
店舗04,2026-01-14,2,17,41,102660
店舗04,2026-01-14,2,18,41,94720
店舗04,2026-01-14,2,19,41,102611
店舗04,2026-01-14,2,20,34,75318
店舗04,2026-01-14,2,21,32,70411
店舗04,2026-01-15,3,8,25,57881
店舗04,2026-01-15,3,9,20,52079
店舗04,2026-01-15,3,10,28,70971
店舗04,2026-01-15,3,11,36,92461
店舗04,2026-01-15,3,12,45,107440
店舗04,2026-01-15,3,13,37,86894
店舗04,2026-01-15,3,14,29,72869
店舗04,2026-01-15,3,15,35,80260
店舗04,2026-01-15,3,16,33,82057
店舗04,2026-01-15,3,17,40,93784
店舗04,2026-01-15,3,18,50,111534
店舗04,2026-01-15,3,19,41,102731
店舗04,2026-01-15,3,20,31,82940
店舗04,2026-01-15,3,21,25,57980
店舗04,2026-01-16,4,8,19,41104
店舗04,2026-01-16,4,9,31,72665
店舗04,2026-01-16,4,10,29,74553
店舗04,2026-01-16,4,11,43,94447
店舗04,2026-01-16,4,12,40,107059
店舗04,2026-01-16,4,13,37,91734
店舗04,2026-01-16,4,14,36,80897
店舗04,2026-01-16,4,15,32,68517
店舗04,2026-01-16,4,16,33,70931
店舗04,2026-01-16,4,17,39,94999
店舗04,2026-01-16,4,18,45,100498
店舗04,2026-01-16,4,19,37,89806
店舗04,2026-01-16,4,20,36,84087
店舗04,2026-01-16,4,21,27,53592
店舗04,2026-01-17,5,8,32,93067
店舗04,2026-01-17,5,9,32,79483
店舗04,2026-01-17,5,10,45,113647
店舗04,2026-01-17,5,11,49,137834
店舗04,2026-01-17,5,12,53,113535
店舗04,2026-01-17,5,13,42,108020
店舗04,2026-01-17,5,14,35,82718
店舗04,2026-01-17,5,15,33,86378
店舗04,2026-01-17,5,16,40,89974
店舗04,2026-01-17,5,17,43,91365
店舗04,2026-01-17,5,18,57,144007
店舗04,2026-01-17,5,19,57,126588
店舗04,2026-01-17,5,20,38,81916
店舗04,2026-01-17,5,21,40,81315
店舗04,2026-01-18,6,8,28,72174
店舗04,2026-01-18,6,9,34,87375
店舗04,2026-01-18,6,10,39,95513
店舗04,2026-01-18,6,11,54,126298
店舗04,2026-01-18,6,12,49,107036
店舗04,2026-01-18,6,13,41,94486
店舗04,2026-01-18,6,14,39,88119
店舗04,2026-01-18,6,15,45,104765
店舗04,2026-01-18,6,16,38,96245
店舗04,2026-01-18,6,17,56,133260
店舗04,2026-01-18,6,18,56,113620
店舗04,2026-01-18,6,19,43,103986
店舗04,2026-01-18,6,20,34,87584
店舗04,2026-01-18,6,21,31,68141
店舗04,2026-01-19,0,8,27,59540
店舗04,2026-01-19,0,9,31,74829
店舗04,2026-01-19,0,10,30,73964
店舗04,2026-01-19,0,11,40,88119
店舗04,2026-01-19,0,12,50,112283
店舗04,2026-01-19,0,13,37,92325
店舗04,2026-01-19,0,14,35,89475
店舗04,2026-01-19,0,15,33,88518
店舗04,2026-01-19,0,16,32,75400
店舗04,2026-01-19,0,17,40,106322
店舗04,2026-01-19,0,18,42,91578
店舗04,2026-01-19,0,19,44,120193
店舗04,2026-01-19,0,20,30,71182
店舗04,2026-01-19,0,21,26,52797
店舗04,2026-01-20,1,8,27,65022
店舗04,2026-01-20,1,9,25,54724
店舗04,2026-01-20,1,10,34,72733
店舗04,2026-01-20,1,11,46,120400
店舗04,2026-01-20,1,12,35,78869
店舗04,2026-01-20,1,13,38,79728
店舗04,2026-01-20,1,14,33,77490
店舗04,2026-01-20,1,15,28,71687
店舗04,2026-01-20,1,16,27,58454
店舗04,2026-01-20,1,17,46,100173
店舗04,2026-01-20,1,18,46,96661
店舗04,2026-01-20,1,19,45,102227
店舗04,2026-01-20,1,20,31,66546
店舗04,2026-01-20,1,21,33,77983
店舗04,2026-01-21,2,8,20,45867
店舗04,2026-01-21,2,9,22,57087
店舗04,2026-01-21,2,10,31,83400
店舗04,2026-01-21,2,11,38,93684
店舗04,2026-01-21,2,12,31,73994
店舗04,2026-01-21,2,13,44,111040
店舗04,2026-01-21,2,14,27,69487
店舗04,2026-01-21,2,15,25,59637
店舗04,2026-01-21,2,16,32,84062
店舗04,2026-01-21,2,17,42,105509
店舗04,2026-01-21,2,18,51,127043
店舗04,2026-01-21,2,19,44,104728
店舗04,2026-01-21,2,20,37,86345
店舗04,2026-01-21,2,21,33,87184
店舗04,2026-01-22,3,8,24,54441
店舗04,2026-01-22,3,9,30,72204
店舗04,2026-01-22,3,10,30,72291
店舗04,2026-01-22,3,11,35,83063
店舗04,2026-01-22,3,12,43,98144
店舗04,2026-01-22,3,13,43,108557
店舗04,2026-01-22,3,14,31,77067
店舗04,2026-01-22,3,15,24,59306
店舗04,2026-01-22,3,16,33,92956
店舗04,2026-01-22,3,17,44,105373
店舗04,2026-01-22,3,18,47,101959
店舗04,2026-01-22,3,19,38,88974
店舗04,2026-01-22,3,20,23,51797
店舗04,2026-01-22,3,21,25,55772
店舗04,2026-01-23,4,8,23,61187
店舗04,2026-01-23,4,9,24,56105
店舗04,2026-01-23,4,10,31,68565
店舗04,2026-01-23,4,11,42,95526
店舗04,2026-01-23,4,12,37,86663
店舗04,2026-01-23,4,13,30,70280
店舗04,2026-01-23,4,14,35,85093
店舗04,2026-01-23,4,15,34,88767
店舗04,2026-01-23,4,16,44,109405
店舗04,2026-01-23,4,17,45,101220
店舗04,2026-01-23,4,18,47,104970
店舗04,2026-01-23,4,19,39,86828
店舗04,2026-01-23,4,20,34,79057
店舗04,2026-01-23,4,21,20,42870
店舗04,2026-01-24,5,8,26,63040
店舗04,2026-01-24,5,9,36,89478
店舗04,2026-01-24,5,10,43,105759
店舗04,2026-01-24,5,11,51,128290
店舗04,2026-01-24,5,12,52,134097
店舗04,2026-01-24,5,13,46,105568
店舗04,2026-01-24,5,14,44,115845
店舗04,2026-01-24,5,15,41,87705
店舗04,2026-01-24,5,16,35,80774
店舗04,2026-01-24,5,17,44,108547
店舗04,2026-01-24,5,18,59,149844
店舗04,2026-01-24,5,19,50,117226
店舗04,2026-01-24,5,20,46,84632
店舗04,2026-01-24,5,21,32,68947
店舗04,2026-01-25,6,8,29,67492
店舗04,2026-01-25,6,9,32,78818
店舗04,2026-01-25,6,10,37,83932
店舗04,2026-01-25,6,11,47,95727
店舗04,2026-01-25,6,12,53,120247
店舗04,2026-01-25,6,13,49,125470
店舗04,2026-01-25,6,14,35,79910
店舗04,2026-01-25,6,15,32,82412
店舗04,2026-01-25,6,16,46,98593
店舗04,2026-01-25,6,17,50,122770
店舗04,2026-01-25,6,18,50,103073
店舗04,2026-01-25,6,19,43,97592
店舗04,2026-01-25,6,20,40,96993
店舗04,2026-01-25,6,21,30,75061
店舗04,2026-01-26,0,8,25,55838
店舗04,2026-01-26,0,9,28,74460
店舗04,2026-01-26,0,10,35,89902
店舗04,2026-01-26,0,11,36,83075
店舗04,2026-01-26,0,12,41,88911
店舗04,2026-01-26,0,13,42,96389
店舗04,2026-01-26,0,14,34,81264
店舗04,2026-01-26,0,15,23,53447
店舗04,2026-01-26,0,16,32,78792
店舗04,2026-01-26,0,17,31,66814
店舗04,2026-01-26,0,18,46,108629
店舗04,2026-01-26,0,19,44,104046
店舗04,2026-01-26,0,20,32,81560
店舗04,2026-01-26,0,21,25,53848
店舗04,2026-01-27,1,8,30,72619
店舗04,2026-01-27,1,9,26,63485
店舗04,2026-01-27,1,10,30,67614
店舗04,2026-01-27,1,11,39,89136
店舗04,2026-01-27,1,12,40,84380
店舗04,2026-01-27,1,13,37,84808
店舗04,2026-01-27,1,14,33,81993
店舗04,2026-01-27,1,15,31,71507
店舗04,2026-01-27,1,16,30,64863
店舗04,2026-01-27,1,17,41,90547
店舗04,2026-01-27,1,18,47,102282
店舗04,2026-01-27,1,19,45,101907
店舗04,2026-01-27,1,20,29,62440
店舗04,2026-01-27,1,21,31,70601
店舗04,2026-01-28,2,8,23,58487
店舗04,2026-01-28,2,9,34,94858
店舗04,2026-01-28,2,10,21,48981
店舗04,2026-01-28,2,11,37,84164
店舗04,2026-01-28,2,12,45,104838
店舗04,2026-01-28,2,13,37,90378
店舗04,2026-01-28,2,14,27,55449
店舗04,2026-01-28,2,15,26,60457
店舗04,2026-01-28,2,16,31,75908
店舗04,2026-01-28,2,17,44,91375
店舗04,2026-01-28,2,18,41,93406
店舗04,2026-01-28,2,19,34,84914
店舗04,2026-01-28,2,20,28,73326
店舗04,2026-01-28,2,21,25,60725
店舗04,2026-01-29,3,8,19,46783
店舗04,2026-01-29,3,9,22,50554
店舗04,2026-01-29,3,10,30,68744
店舗04,2026-01-29,3,11,35,93181
店舗04,2026-01-29,3,12,36,95068
店舗04,2026-01-29,3,13,38,85947
店舗04,2026-01-29,3,14,30,74827
店舗04,2026-01-29,3,15,33,75145
店舗04,2026-01-29,3,16,33,72904
店舗04,2026-01-29,3,17,37,84036
店舗04,2026-01-29,3,18,47,94276
店舗04,2026-01-29,3,19,47,119941
店舗04,2026-01-29,3,20,30,62957
店舗04,2026-01-29,3,21,17,43347
店舗04,2026-01-30,4,8,23,61632
店舗04,2026-01-30,4,9,30,69957
店舗04,2026-01-30,4,10,30,63103
店舗04,2026-01-30,4,11,41,109524
店舗04,2026-01-30,4,12,46,103183
店舗04,2026-01-30,4,13,33,86301
店舗04,2026-01-30,4,14,29,75877
店舗04,2026-01-30,4,15,28,68446
店舗04,2026-01-30,4,16,34,78022
店舗04,2026-01-30,4,17,41,93625
店舗04,2026-01-30,4,18,49,113880
店舗04,2026-01-30,4,19,44,102893
店舗04,2026-01-30,4,20,34,77122
店舗04,2026-01-30,4,21,33,86737
店舗04,2026-01-31,5,8,33,75246
店舗04,2026-01-31,5,9,38,86880
店舗04,2026-01-31,5,10,36,96732
店舗04,2026-01-31,5,11,54,113308
店舗04,2026-01-31,5,12,53,144308
店舗04,2026-01-31,5,13,46,98431
店舗04,2026-01-31,5,14,43,95089
店舗04,2026-01-31,5,15,30,78907
店舗04,2026-01-31,5,16,44,103150
店舗04,2026-01-31,5,17,57,130196
店舗04,2026-01-31,5,18,52,105707
店舗04,2026-01-31,5,19,45,100705
店舗04,2026-01-31,5,20,42,95862
店舗04,2026-01-31,5,21,29,68490
店舗04,2026-02-01,6,8,37,84629
店舗04,2026-02-01,6,9,26,68214
店舗04,2026-02-01,6,10,36,91407
店舗04,2026-02-01,6,11,49,121068
店舗04,2026-02-01,6,12,49,124781
店舗04,2026-02-01,6,13,50,113988
店舗04,2026-02-01,6,14,40,90674
店舗04,2026-02-01,6,15,31,74231
店舗04,2026-02-01,6,16,40,90111
店舗04,2026-02-01,6,17,51,114192
店舗04,2026-02-01,6,18,56,121464
店舗04,2026-02-01,6,19,55,131954
店舗04,2026-02-01,6,20,44,87724
店舗04,2026-02-01,6,21,30,63056
店舗04,2026-02-02,0,8,23,54901
店舗04,2026-02-02,0,9,22,53283
店舗04,2026-02-02,0,10,31,74789
店舗04,2026-02-02,0,11,44,102580
店舗04,2026-02-02,0,12,49,108179
店舗04,2026-02-02,0,13,38,87058
店舗04,2026-02-02,0,14,34,78069
店舗04,2026-02-02,0,15,16,41265
店舗04,2026-02-02,0,16,37,99520
店舗04,2026-02-02,0,17,36,81881
店舗04,2026-02-02,0,18,46,99762
店舗04,2026-02-02,0,19,50,121805
店舗04,2026-02-02,0,20,32,67741
店舗04,2026-02-02,0,21,26,59747
店舗04,2026-02-03,1,8,26,58359
店舗04,2026-02-03,1,9,29,60620
店舗04,2026-02-03,1,10,36,83923
店舗04,2026-02-03,1,11,37,86043
店舗04,2026-02-03,1,12,37,92010
店舗04,2026-02-03,1,13,36,84607
店舗04,2026-02-03,1,14,32,65373
店舗04,2026-02-03,1,15,32,73021
店舗04,2026-02-03,1,16,32,76135
店舗04,2026-02-03,1,17,37,86708
店舗04,2026-02-03,1,18,50,108039
店舗04,2026-02-03,1,19,36,90700
店舗04,2026-02-03,1,20,32,70303
店舗04,2026-02-03,1,21,24,51200
店舗04,2026-02-04,2,8,20,41744
店舗04,2026-02-04,2,9,32,70977
店舗04,2026-02-04,2,10,33,72582
店舗04,2026-02-04,2,11,34,80140
店舗04,2026-02-04,2,12,42,116298
店舗04,2026-02-04,2,13,36,89039
店舗04,2026-02-04,2,14,40,82267
店舗04,2026-02-04,2,15,28,63698
店舗04,2026-02-04,2,16,31,65572
店舗04,2026-02-04,2,17,36,83303
店舗04,2026-02-04,2,18,50,117228
店舗04,2026-02-04,2,19,36,83110
店舗04,2026-02-04,2,20,29,69221
店舗04,2026-02-04,2,21,29,68753
店舗04,2026-02-05,3,8,25,65235
店舗04,2026-02-05,3,9,23,51782
店舗04,2026-02-05,3,10,31,72342
店舗04,2026-02-05,3,11,30,67471
店舗04,2026-02-05,3,12,43,102105
店舗04,2026-02-05,3,13,46,114387
店舗04,2026-02-05,3,14,37,92057
店舗04,2026-02-05,3,15,36,90764
店舗04,2026-02-05,3,16,35,80957
店舗04,2026-02-05,3,17,40,98473
店舗04,2026-02-05,3,18,43,99571
店舗04,2026-02-05,3,19,48,110895
店舗04,2026-02-05,3,20,34,88822
店舗04,2026-02-05,3,21,32,68048
店舗04,2026-02-06,4,8,34,86553
店舗04,2026-02-06,4,9,32,68469
店舗04,2026-02-06,4,10,30,78299
店舗04,2026-02-06,4,11,40,97832
店舗04,2026-02-06,4,12,49,101188
店舗04,2026-02-06,4,13,36,81703
店舗04,2026-02-06,4,14,27,58163
店舗04,2026-02-06,4,15,24,59598
店舗04,2026-02-06,4,16,30,63950
店舗04,2026-02-06,4,17,43,98903
店舗04,2026-02-06,4,18,46,113865
店舗04,2026-02-06,4,19,40,86482
店舗04,2026-02-06,4,20,32,77911
店舗04,2026-02-06,4,21,22,48852
店舗04,2026-02-07,5,8,29,64177
店舗04,2026-02-07,5,9,26,53707
店舗04,2026-02-07,5,10,37,85780
店舗04,2026-02-07,5,11,44,100224
店舗04,2026-02-07,5,12,49,116490
店舗04,2026-02-07,5,13,53,129207
店舗04,2026-02-07,5,14,36,85212
店舗04,2026-02-07,5,15,40,89677
店舗04,2026-02-07,5,16,43,101374
店舗04,2026-02-07,5,17,56,133586
店舗04,2026-02-07,5,18,56,136707
店舗04,2026-02-07,5,19,57,134755
店舗04,2026-02-07,5,20,37,83889
店舗04,2026-02-07,5,21,34,74882
店舗04,2026-02-08,6,8,34,71987
店舗04,2026-02-08,6,9,37,72616
店舗04,2026-02-08,6,10,46,104579
店舗04,2026-02-08,6,11,49,121554
店舗04,2026-02-08,6,12,52,131536
店舗04,2026-02-08,6,13,54,131977
店舗04,2026-02-08,6,14,47,118073
店舗04,2026-02-08,6,15,46,103344
店舗04,2026-02-08,6,16,46,108322
店舗04,2026-02-08,6,17,48,118206
店舗04,2026-02-08,6,18,56,147516
店舗04,2026-02-08,6,19,54,105865
店舗04,2026-02-08,6,20,39,94532
店舗04,2026-02-08,6,21,36,82229
店舗04,2026-02-09,0,8,24,61503
店舗04,2026-02-09,0,9,29,66407
店舗04,2026-02-09,0,10,28,67496
店舗04,2026-02-09,0,11,42,97679
店舗04,2026-02-09,0,12,45,112781
店舗04,2026-02-09,0,13,35,78248
店舗04,2026-02-09,0,14,35,81984
店舗04,2026-02-09,0,15,22,54994
店舗04,2026-02-09,0,16,30,72284
店舗04,2026-02-09,0,17,36,84308
店舗04,2026-02-09,0,18,46,111244
店舗04,2026-02-09,0,19,36,88292
店舗04,2026-02-09,0,20,36,83392
店舗04,2026-02-09,0,21,28,67538
店舗04,2026-02-10,1,8,26,63727
店舗04,2026-02-10,1,9,30,76801
店舗04,2026-02-10,1,10,32,66594
店舗04,2026-02-10,1,11,39,83615
店舗04,2026-02-10,1,12,40,83853
店舗04,2026-02-10,1,13,39,80097
店舗04,2026-02-10,1,14,33,77214
店舗04,2026-02-10,1,15,27,59555
店舗04,2026-02-10,1,16,29,65341
店舗04,2026-02-10,1,17,42,97258
店舗04,2026-02-10,1,18,45,102904
店舗04,2026-02-10,1,19,38,85483
店舗04,2026-02-10,1,20,45,109160
店舗04,2026-02-10,1,21,29,63400
店舗04,2026-02-11,2,8,28,64737
店舗04,2026-02-11,2,9,33,80914
店舗04,2026-02-11,2,10,35,84990
店舗04,2026-02-11,2,11,41,105274
店舗04,2026-02-11,2,12,42,112320
店舗04,2026-02-11,2,13,39,93415
店舗04,2026-02-11,2,14,32,67993
店舗04,2026-02-11,2,15,30,68253
店舗04,2026-02-11,2,16,34,80030
店舗04,2026-02-11,2,17,44,104724
店舗04,2026-02-11,2,18,41,109566
店舗04,2026-02-11,2,19,41,93822
店舗04,2026-02-11,2,20,30,78838
店舗04,2026-02-11,2,21,28,65258
店舗04,2026-02-12,3,8,27,63809
店舗04,2026-02-12,3,9,28,63577
店舗04,2026-02-12,3,10,32,76376
店舗04,2026-02-12,3,11,36,89202
店舗04,2026-02-12,3,12,38,85384
店舗04,2026-02-12,3,13,34,86116
店舗04,2026-02-12,3,14,28,62277
店舗04,2026-02-12,3,15,26,60219
店舗04,2026-02-12,3,16,28,69998
店舗04,2026-02-12,3,17,44,107657
店舗04,2026-02-12,3,18,47,106014
店舗04,2026-02-12,3,19,46,114433
店舗04,2026-02-12,3,20,29,68358
店舗04,2026-02-12,3,21,21,50022
店舗04,2026-02-13,4,8,22,47928
店舗04,2026-02-13,4,9,20,45663
店舗04,2026-02-13,4,10,31,67966
店舗04,2026-02-13,4,11,39,96218
店舗04,2026-02-13,4,12,41,100607
店舗04,2026-02-13,4,13,35,82969
店舗04,2026-02-13,4,14,27,66072
店舗04,2026-02-13,4,15,32,73250
店舗04,2026-02-13,4,16,37,79473
店舗04,2026-02-13,4,17,43,110110
店舗04,2026-02-13,4,18,53,124945
店舗04,2026-02-13,4,19,40,101911
店舗04,2026-02-13,4,20,28,67918
店舗04,2026-02-13,4,21,21,51114
店舗04,2026-02-14,5,8,24,58244
店舗04,2026-02-14,5,9,30,65268
店舗04,2026-02-14,5,10,36,78342
店舗04,2026-02-14,5,11,47,107861
店舗04,2026-02-14,5,12,57,126569
店舗04,2026-02-14,5,13,43,101613
店舗04,2026-02-14,5,14,44,112360
店舗04,2026-02-14,5,15,37,89755
店舗04,2026-02-14,5,16,38,93513
店舗04,2026-02-14,5,17,52,127501
店舗04,2026-02-14,5,18,59,123134
店舗04,2026-02-14,5,19,46,103216
店舗04,2026-02-14,5,20,48,110612
店舗04,2026-02-14,5,21,36,78459
店舗04,2026-02-15,6,8,28,72095
店舗04,2026-02-15,6,9,26,63646
店舗04,2026-02-15,6,10,37,97205
店舗04,2026-02-15,6,11,51,136151
店舗04,2026-02-15,6,12,47,108815
店舗04,2026-02-15,6,13,43,103142
店舗04,2026-02-15,6,14,38,87624
店舗04,2026-02-15,6,15,35,83282
店舗04,2026-02-15,6,16,37,83253
店舗04,2026-02-15,6,17,50,113550
店舗04,2026-02-15,6,18,58,117354
店舗04,2026-02-15,6,19,51,113144
店舗04,2026-02-15,6,20,38,83444
店舗04,2026-02-15,6,21,32,76218
店舗04,2026-02-16,0,8,22,51638
店舗04,2026-02-16,0,9,26,56715
店舗04,2026-02-16,0,10,30,56676
店舗04,2026-02-16,0,11,44,109977
店舗04,2026-02-16,0,12,47,122190
店舗04,2026-02-16,0,13,36,77879
店舗04,2026-02-16,0,14,36,85018
店舗04,2026-02-16,0,15,27,73038
店舗04,2026-02-16,0,16,32,82896
店舗04,2026-02-16,0,17,37,83720
店舗04,2026-02-16,0,18,42,89402
店舗04,2026-02-16,0,19,40,94377
店舗04,2026-02-16,0,20,34,68533
店舗04,2026-02-16,0,21,25,61146
店舗04,2026-02-17,1,8,27,70112
店舗04,2026-02-17,1,9,18,42485
店舗04,2026-02-17,1,10,32,69243
店舗04,2026-02-17,1,11,37,78007
店舗04,2026-02-17,1,12,44,98935
店舗04,2026-02-17,1,13,36,92606
店舗04,2026-02-17,1,14,32,75656
店舗04,2026-02-17,1,15,31,80379
店舗04,2026-02-17,1,16,35,86577
店舗04,2026-02-17,1,17,36,78923
店舗04,2026-02-17,1,18,45,99871
店舗04,2026-02-17,1,19,34,71659
店舗04,2026-02-17,1,20,31,72463
店舗04,2026-02-17,1,21,26,59070
店舗04,2026-02-18,2,8,29,67306
店舗04,2026-02-18,2,9,27,56636
店舗04,2026-02-18,2,10,31,65955
店舗04,2026-02-18,2,11,35,84656
店舗04,2026-02-18,2,12,36,84695
店舗04,2026-02-18,2,13,42,92923
店舗04,2026-02-18,2,14,32,76261
店舗04,2026-02-18,2,15,23,50278
店舗04,2026-02-18,2,16,44,101237
店舗04,2026-02-18,2,17,39,72213
店舗04,2026-02-18,2,18,47,117301
店舗04,2026-02-18,2,19,39,98134
店舗04,2026-02-18,2,20,25,52803
店舗04,2026-02-18,2,21,23,52833
店舗04,2026-02-19,3,8,19,45383
店舗04,2026-02-19,3,9,29,69196
店舗04,2026-02-19,3,10,32,66869
店舗04,2026-02-19,3,11,37,85840
店舗04,2026-02-19,3,12,46,102143
店舗04,2026-02-19,3,13,44,109362
店舗04,2026-02-19,3,14,28,54781
店舗04,2026-02-19,3,15,29,64260
店舗04,2026-02-19,3,16,37,81212
店舗04,2026-02-19,3,17,43,92431
店舗04,2026-02-19,3,18,46,117118
店舗04,2026-02-19,3,19,46,117486
店舗04,2026-02-19,3,20,32,61740
店舗04,2026-02-19,3,21,29,60058
店舗04,2026-02-20,4,8,23,55451
店舗04,2026-02-20,4,9,24,53620
店舗04,2026-02-20,4,10,31,74808
店舗04,2026-02-20,4,11,42,92658
店舗04,2026-02-20,4,12,42,102066
店舗04,2026-02-20,4,13,42,99826
店舗04,2026-02-20,4,14,35,83473
店舗04,2026-02-20,4,15,26,58148
店舗04,2026-02-20,4,16,37,91182
店舗04,2026-02-20,4,17,42,80754
店舗04,2026-02-20,4,18,44,111011
店舗04,2026-02-20,4,19,42,75896
店舗04,2026-02-20,4,20,30,72327
店舗04,2026-02-20,4,21,30,69365
店舗04,2026-02-21,5,8,29,61196
店舗04,2026-02-21,5,9,27,54469
店舗04,2026-02-21,5,10,34,89133
店舗04,2026-02-21,5,11,48,108363
店舗04,2026-02-21,5,12,44,110814
店舗04,2026-02-21,5,13,44,102967
店舗04,2026-02-21,5,14,40,88769
店舗04,2026-02-21,5,15,32,70887
店舗04,2026-02-21,5,16,37,93411
店舗04,2026-02-21,5,17,52,123682
店舗04,2026-02-21,5,18,60,139562
店舗04,2026-02-21,5,19,50,121410
店舗04,2026-02-21,5,20,33,61879
店舗04,2026-02-21,5,21,33,80374
店舗04,2026-02-22,6,8,27,70690
店舗04,2026-02-22,6,9,34,83539
店舗04,2026-02-22,6,10,45,103182
店舗04,2026-02-22,6,11,41,107806
店舗04,2026-02-22,6,12,52,126441
店舗04,2026-02-22,6,13,48,101548
店舗04,2026-02-22,6,14,38,82632
店舗04,2026-02-22,6,15,34,76307
店舗04,2026-02-22,6,16,34,89646
店舗04,2026-02-22,6,17,50,124319
店舗04,2026-02-22,6,18,58,139178
店舗04,2026-02-22,6,19,51,126003
店舗04,2026-02-22,6,20,42,99930
店舗04,2026-02-22,6,21,38,86031
店舗04,2026-02-23,0,8,26,63037
店舗04,2026-02-23,0,9,23,52585
店舗04,2026-02-23,0,10,29,60539
店舗04,2026-02-23,0,11,39,100537
店舗04,2026-02-23,0,12,44,82812
店舗04,2026-02-23,0,13,36,87536
店舗04,2026-02-23,0,14,32,74090
店舗04,2026-02-23,0,15,29,75168
店舗04,2026-02-23,0,16,32,81453
店舗04,2026-02-23,0,17,44,89250
店舗04,2026-02-23,0,18,51,115646
店舗04,2026-02-23,0,19,37,79057
店舗04,2026-02-23,0,20,40,87110
店舗04,2026-02-23,0,21,26,59134
店舗04,2026-02-24,1,8,24,50779
店舗04,2026-02-24,1,9,22,50134
店舗04,2026-02-24,1,10,35,83851
店舗04,2026-02-24,1,11,42,98646
店舗04,2026-02-24,1,12,39,96892
店舗04,2026-02-24,1,13,34,91209
店舗04,2026-02-24,1,14,32,74731
店舗04,2026-02-24,1,15,33,74432
店舗04,2026-02-24,1,16,26,57924
店舗04,2026-02-24,1,17,45,103684
店舗04,2026-02-24,1,18,52,129201
店舗04,2026-02-24,1,19,41,98780
店舗04,2026-02-24,1,20,29,68174
店舗04,2026-02-24,1,21,19,44003
店舗04,2026-02-25,2,8,23,58306
店舗04,2026-02-25,2,9,25,56582
店舗04,2026-02-25,2,10,35,81976
店舗04,2026-02-25,2,11,41,93323
店舗04,2026-02-25,2,12,42,96023
店舗04,2026-02-25,2,13,33,72657
店舗04,2026-02-25,2,14,34,87402
店舗04,2026-02-25,2,15,34,79042
店舗04,2026-02-25,2,16,25,45242
店舗04,2026-02-25,2,17,41,95864
店舗04,2026-02-25,2,18,49,110304
店舗04,2026-02-25,2,19,40,94242
店舗04,2026-02-25,2,20,33,72862
店舗04,2026-02-25,2,21,23,50449
店舗04,2026-02-26,3,8,22,55956
店舗04,2026-02-26,3,9,24,60401
店舗04,2026-02-26,3,10,40,95510
店舗04,2026-02-26,3,11,42,94121
店舗04,2026-02-26,3,12,42,89004
店舗04,2026-02-26,3,13,36,81989
店舗04,2026-02-26,3,14,29,66651
店舗04,2026-02-26,3,15,28,56404
店舗04,2026-02-26,3,16,30,62295
店舗04,2026-02-26,3,17,43,103036
店舗04,2026-02-26,3,18,43,102961
店舗04,2026-02-26,3,19,37,91891
店舗04,2026-02-26,3,20,35,88228
店舗04,2026-02-26,3,21,31,70096
店舗04,2026-02-27,4,8,27,60967
店舗04,2026-02-27,4,9,17,39026
店舗04,2026-02-27,4,10,32,72838
店舗04,2026-02-27,4,11,33,74202
店舗04,2026-02-27,4,12,38,85444
店舗04,2026-02-27,4,13,44,97850
店舗04,2026-02-27,4,14,29,62110
店舗04,2026-02-27,4,15,33,76920
店舗04,2026-02-27,4,16,27,57100
店舗04,2026-02-27,4,17,44,87036
店舗04,2026-02-27,4,18,45,118858
店舗04,2026-02-27,4,19,47,115941
店舗04,2026-02-27,4,20,28,64325
店舗04,2026-02-27,4,21,22,47859
店舗04,2026-02-28,5,8,36,78267
店舗04,2026-02-28,5,9,30,70362
店舗04,2026-02-28,5,10,41,91933
店舗04,2026-02-28,5,11,38,92308
店舗04,2026-02-28,5,12,41,94676
店舗04,2026-02-28,5,13,49,103698
店舗04,2026-02-28,5,14,34,75685
店舗04,2026-02-28,5,15,40,95341
店舗04,2026-02-28,5,16,32,75124
店舗04,2026-02-28,5,17,49,119783
店舗04,2026-02-28,5,18,58,130645
店舗04,2026-02-28,5,19,51,111101
店舗04,2026-02-28,5,20,37,90141
店舗04,2026-02-28,5,21,32,78391
店舗04,2026-03-01,6,8,24,57461
店舗04,2026-03-01,6,9,37,83351
店舗04,2026-03-01,6,10,37,94002
店舗04,2026-03-01,6,11,42,117990
店舗04,2026-03-01,6,12,46,107564
店舗04,2026-03-01,6,13,48,111161
店舗04,2026-03-01,6,14,38,87693
店舗04,2026-03-01,6,15,44,101658
店舗04,2026-03-01,6,16,42,96170
店舗04,2026-03-01,6,17,49,101480
店舗04,2026-03-01,6,18,56,127497
店舗04,2026-03-01,6,19,46,103321
店舗04,2026-03-01,6,20,35,91338
店舗04,2026-03-01,6,21,34,85837
店舗05,2026-01-05,0,8,25,52554
店舗05,2026-01-05,0,9,31,65816
店舗05,2026-01-05,0,10,35,82970
店舗05,2026-01-05,0,11,42,91641
店舗05,2026-01-05,0,12,40,99147
店舗05,2026-01-05,0,13,29,71537
店舗05,2026-01-05,0,14,29,70588
店舗05,2026-01-05,0,15,30,75877
店舗05,2026-01-05,0,16,35,92251
店舗05,2026-01-05,0,17,43,106260
店舗05,2026-01-05,0,18,48,122755
店舗05,2026-01-05,0,19,52,142064
店舗05,2026-01-05,0,20,35,85731
店舗05,2026-01-05,0,21,22,46504
店舗05,2026-01-06,1,8,30,71980
店舗05,2026-01-06,1,9,28,53774
店舗05,2026-01-06,1,10,32,70862
店舗05,2026-01-06,1,11,44,107967
店舗05,2026-01-06,1,12,45,93621
店舗05,2026-01-06,1,13,43,110688
店舗05,2026-01-06,1,14,42,85904
店舗05,2026-01-06,1,15,27,64288
店舗05,2026-01-06,1,16,34,78467
店舗05,2026-01-06,1,17,39,84341
店舗05,2026-01-06,1,18,45,102831
店舗05,2026-01-06,1,19,43,99769
店舗05,2026-01-06,1,20,30,75218
店舗05,2026-01-06,1,21,31,71762
店舗05,2026-01-07,2,8,25,56217
店舗05,2026-01-07,2,9,30,68279
店舗05,2026-01-07,2,10,35,77130
店舗05,2026-01-07,2,11,38,95125
店舗05,2026-01-07,2,12,44,115446
店舗05,2026-01-07,2,13,34,76129
店舗05,2026-01-07,2,14,28,58831
店舗05,2026-01-07,2,15,30,67910
店舗05,2026-01-07,2,16,33,74002
店舗05,2026-01-07,2,17,41,86593
店舗05,2026-01-07,2,18,52,120181
店舗05,2026-01-07,2,19,41,102593
店舗05,2026-01-07,2,20,38,85734
店舗05,2026-01-07,2,21,30,73604
店舗05,2026-01-08,3,8,20,42938
店舗05,2026-01-08,3,9,30,69086
店舗05,2026-01-08,3,10,32,65457
店舗05,2026-01-08,3,11,38,84701
店舗05,2026-01-08,3,12,44,108021
店舗05,2026-01-08,3,13,40,102031
店舗05,2026-01-08,3,14,30,61455
店舗05,2026-01-08,3,15,24,56463
店舗05,2026-01-08,3,16,31,61945
店舗05,2026-01-08,3,17,41,84264
店舗05,2026-01-08,3,18,52,115380
店舗05,2026-01-08,3,19,40,90106
店舗05,2026-01-08,3,20,35,85987
店舗05,2026-01-08,3,21,27,66019
店舗05,2026-01-09,4,8,28,66811
店舗05,2026-01-09,4,9,22,54073
店舗05,2026-01-09,4,10,33,75093
店舗05,2026-01-09,4,11,34,89962
店舗05,2026-01-09,4,12,44,105915
店舗05,2026-01-09,4,13,33,76721
店舗05,2026-01-09,4,14,35,86510
店舗05,2026-01-09,4,15,21,43523
店舗05,2026-01-09,4,16,42,90440
店舗05,2026-01-09,4,17,40,92686
店舗05,2026-01-09,4,18,51,112321
店舗05,2026-01-09,4,19,44,107050
店舗05,2026-01-09,4,20,32,78994
店舗05,2026-01-09,4,21,27,71856
店舗05,2026-01-10,5,8,29,72139
店舗05,2026-01-10,5,9,30,71655
店舗05,2026-01-10,5,10,40,87857
店舗05,2026-01-10,5,11,50,116847
店舗05,2026-01-10,5,12,53,123691
店舗05,2026-01-10,5,13,50,111705
店舗05,2026-01-10,5,14,51,106912
店舗05,2026-01-10,5,15,35,95105
店舗05,2026-01-10,5,16,37,89787
店舗05,2026-01-10,5,17,54,138917
店舗05,2026-01-10,5,18,64,145205
店舗05,2026-01-10,5,19,46,108920
店舗05,2026-01-10,5,20,38,88025
店舗05,2026-01-10,5,21,35,71562
店舗05,2026-01-11,6,8,32,68135
店舗05,2026-01-11,6,9,38,93321
店舗05,2026-01-11,6,10,45,118384
店舗05,2026-01-11,6,11,55,114741
店舗05,2026-01-11,6,12,56,126627
店舗05,2026-01-11,6,13,52,131045
店舗05,2026-01-11,6,14,45,107490
店舗05,2026-01-11,6,15,39,93782
店舗05,2026-01-11,6,16,44,105016
店舗05,2026-01-11,6,17,47,109339
店舗05,2026-01-11,6,18,54,129590
店舗05,2026-01-11,6,19,51,121018
店舗05,2026-01-11,6,20,44,87024
店舗05,2026-01-11,6,21,35,63999
店舗05,2026-01-12,0,8,21,53511
店舗05,2026-01-12,0,9,29,72755
店舗05,2026-01-12,0,10,34,83299
店舗05,2026-01-12,0,11,41,91683
店舗05,2026-01-12,0,12,49,128570
店舗05,2026-01-12,0,13,38,82776
店舗05,2026-01-12,0,14,39,95468
店舗05,2026-01-12,0,15,28,67945
店舗05,2026-01-12,0,16,30,73924
店舗05,2026-01-12,0,17,50,123877
店舗05,2026-01-12,0,18,43,102577
店舗05,2026-01-12,0,19,40,93574
店舗05,2026-01-12,0,20,39,95982
店舗05,2026-01-12,0,21,24,52124
店舗05,2026-01-13,1,8,30,64042
店舗05,2026-01-13,1,9,27,68485
店舗05,2026-01-13,1,10,35,85130
店舗05,2026-01-13,1,11,45,138359
店舗05,2026-01-13,1,12,46,108925
店舗05,2026-01-13,1,13,38,87838
店舗05,2026-01-13,1,14,31,72760
店舗05,2026-01-13,1,15,35,81249
店舗05,2026-01-13,1,16,29,75131
店舗05,2026-01-13,1,17,37,91695
店舗05,2026-01-13,1,18,53,101407
店舗05,2026-01-13,1,19,43,106735
店舗05,2026-01-13,1,20,31,68207
店舗05,2026-01-13,1,21,25,61189
店舗05,2026-01-14,2,8,21,44238
店舗05,2026-01-14,2,9,29,72965
店舗05,2026-01-14,2,10,31,68413
店舗05,2026-01-14,2,11,34,87559
店舗05,2026-01-14,2,12,49,122736
店舗05,2026-01-14,2,13,37,85551
店舗05,2026-01-14,2,14,28,60953
店舗05,2026-01-14,2,15,33,71316
店舗05,2026-01-14,2,16,37,89976
店舗05,2026-01-14,2,17,46,116865
店舗05,2026-01-14,2,18,51,128846
店舗05,2026-01-14,2,19,43,100748
店舗05,2026-01-14,2,20,33,80187
店舗05,2026-01-14,2,21,29,67226
店舗05,2026-01-15,3,8,22,56045
店舗05,2026-01-15,3,9,24,55563
店舗05,2026-01-15,3,10,26,61266
店舗05,2026-01-15,3,11,38,100139
店舗05,2026-01-15,3,12,39,96609
店舗05,2026-01-15,3,13,44,103150
店舗05,2026-01-15,3,14,29,61040
店舗05,2026-01-15,3,15,27,59953
店舗05,2026-01-15,3,16,33,76943
店舗05,2026-01-15,3,17,39,86861
店舗05,2026-01-15,3,18,48,111111
店舗05,2026-01-15,3,19,44,90620
店舗05,2026-01-15,3,20,35,85688
店舗05,2026-01-15,3,21,22,58662
店舗05,2026-01-16,4,8,21,51848
店舗05,2026-01-16,4,9,30,79717
店舗05,2026-01-16,4,10,35,78730
店舗05,2026-01-16,4,11,38,90419
店舗05,2026-01-16,4,12,38,82232
店舗05,2026-01-16,4,13,42,85830
店舗05,2026-01-16,4,14,35,77088
店舗05,2026-01-16,4,15,29,62285
店舗05,2026-01-16,4,16,35,76478
店舗05,2026-01-16,4,17,43,99876
店舗05,2026-01-16,4,18,51,110625
店舗05,2026-01-16,4,19,45,96843
店舗05,2026-01-16,4,20,29,72518
店舗05,2026-01-16,4,21,22,49248
店舗05,2026-01-17,5,8,27,72083
店舗05,2026-01-17,5,9,32,78519
店舗05,2026-01-17,5,10,35,78012
店舗05,2026-01-17,5,11,51,118955
店舗05,2026-01-17,5,12,54,127661
店舗05,2026-01-17,5,13,48,109117
店舗05,2026-01-17,5,14,42,101806
店舗05,2026-01-17,5,15,32,69446
店舗05,2026-01-17,5,16,43,112441
店舗05,2026-01-17,5,17,51,121909
店舗05,2026-01-17,5,18,55,142209
店舗05,2026-01-17,5,19,50,115999
店舗05,2026-01-17,5,20,39,100858
店舗05,2026-01-17,5,21,34,83411
店舗05,2026-01-18,6,8,28,66776
店舗05,2026-01-18,6,9,28,67074
店舗05,2026-01-18,6,10,40,94936
店舗05,2026-01-18,6,11,50,129536
店舗05,2026-01-18,6,12,49,112132
店舗05,2026-01-18,6,13,51,124067
店舗05,2026-01-18,6,14,52,127948
店舗05,2026-01-18,6,15,36,78166
店舗05,2026-01-18,6,16,41,101604
店舗05,2026-01-18,6,17,55,127128
店舗05,2026-01-18,6,18,58,134422
店舗05,2026-01-18,6,19,56,121457
店舗05,2026-01-18,6,20,44,98246
店舗05,2026-01-18,6,21,33,86851
店舗05,2026-01-19,0,8,24,57172
店舗05,2026-01-19,0,9,24,56085
店舗05,2026-01-19,0,10,32,72240
店舗05,2026-01-19,0,11,45,100902
店舗05,2026-01-19,0,12,46,110705
店舗05,2026-01-19,0,13,42,88014
店舗05,2026-01-19,0,14,36,81313
店舗05,2026-01-19,0,15,25,59301
店舗05,2026-01-19,0,16,38,83780
店舗05,2026-01-19,0,17,45,109635
店舗05,2026-01-19,0,18,39,105798
店舗05,2026-01-19,0,19,46,106911
店舗05,2026-01-19,0,20,26,64258
店舗05,2026-01-19,0,21,29,67008
店舗05,2026-01-20,1,8,26,57473
店舗05,2026-01-20,1,9,23,63347
店舗05,2026-01-20,1,10,42,111043
店舗05,2026-01-20,1,11,40,102399
店舗05,2026-01-20,1,12,43,89026
店舗05,2026-01-20,1,13,45,105496
店舗05,2026-01-20,1,14,29,65090
店舗05,2026-01-20,1,15,34,70088
店舗05,2026-01-20,1,16,35,76935
店舗05,2026-01-20,1,17,44,100756
店舗05,2026-01-20,1,18,52,110335
店舗05,2026-01-20,1,19,34,66532
店舗05,2026-01-20,1,20,41,111727
店舗05,2026-01-20,1,21,24,55111
店舗05,2026-01-21,2,8,29,65465
店舗05,2026-01-21,2,9,28,62933
店舗05,2026-01-21,2,10,31,74487
店舗05,2026-01-21,2,11,42,95135
店舗05,2026-01-21,2,12,44,114361
店舗05,2026-01-21,2,13,44,89207
店舗05,2026-01-21,2,14,32,75359
店舗05,2026-01-21,2,15,22,51319
店舗05,2026-01-21,2,16,40,88348
店舗05,2026-01-21,2,17,45,107245
店舗05,2026-01-21,2,18,55,133690
店舗05,2026-01-21,2,19,42,93102
店舗05,2026-01-21,2,20,33,70665
店舗05,2026-01-21,2,21,26,57956
店舗05,2026-01-22,3,8,27,57892
店舗05,2026-01-22,3,9,26,66525
店舗05,2026-01-22,3,10,31,76376
店舗05,2026-01-22,3,11,43,101901
店舗05,2026-01-22,3,12,37,93669
店舗05,2026-01-22,3,13,43,106393
店舗05,2026-01-22,3,14,30,65560
店舗05,2026-01-22,3,15,29,73038
店舗05,2026-01-22,3,16,33,83629
店舗05,2026-01-22,3,17,45,102721
店舗05,2026-01-22,3,18,50,128236
店舗05,2026-01-22,3,19,45,106126
店舗05,2026-01-22,3,20,34,90447
店舗05,2026-01-22,3,21,28,66881
店舗05,2026-01-23,4,8,23,53334
店舗05,2026-01-23,4,9,31,77031
店舗05,2026-01-23,4,10,29,73250
店舗05,2026-01-23,4,11,36,93260
店舗05,2026-01-23,4,12,49,117476
店舗05,2026-01-23,4,13,43,111853
店舗05,2026-01-23,4,14,36,75997
店舗05,2026-01-23,4,15,34,76782
店舗05,2026-01-23,4,16,30,73226
店舗05,2026-01-23,4,17,45,111772
店舗05,2026-01-23,4,18,46,98859
店舗05,2026-01-23,4,19,41,97428
店舗05,2026-01-23,4,20,28,64529
店舗05,2026-01-23,4,21,30,66243
店舗05,2026-01-24,5,8,26,61174
店舗05,2026-01-24,5,9,35,79023
店舗05,2026-01-24,5,10,42,110058
店舗05,2026-01-24,5,11,42,100236
店舗05,2026-01-24,5,12,61,129214
店舗05,2026-01-24,5,13,48,113628
店舗05,2026-01-24,5,14,42,107318
店舗05,2026-01-24,5,15,42,97811
店舗05,2026-01-24,5,16,40,89182
店舗05,2026-01-24,5,17,54,146865
店舗05,2026-01-24,5,18,61,150890
店舗05,2026-01-24,5,19,52,131416
店舗05,2026-01-24,5,20,49,128274
店舗05,2026-01-24,5,21,33,78796
店舗05,2026-01-25,6,8,28,58501
店舗05,2026-01-25,6,9,34,78113
店舗05,2026-01-25,6,10,34,79672
店舗05,2026-01-25,6,11,44,100468
店舗05,2026-01-25,6,12,52,116428
店舗05,2026-01-25,6,13,41,81695
店舗05,2026-01-25,6,14,41,97059
店舗05,2026-01-25,6,15,35,76467
店舗05,2026-01-25,6,16,42,95362
店舗05,2026-01-25,6,17,52,121702
店舗05,2026-01-25,6,18,69,159731
店舗05,2026-01-25,6,19,56,138973
店舗05,2026-01-25,6,20,42,100165
店舗05,2026-01-25,6,21,31,74666
店舗05,2026-01-26,0,8,34,87309
店舗05,2026-01-26,0,9,31,68000
店舗05,2026-01-26,0,10,32,80660
店舗05,2026-01-26,0,11,37,83729
店舗05,2026-01-26,0,12,52,123101
店舗05,2026-01-26,0,13,41,98167
店舗05,2026-01-26,0,14,32,80629
店舗05,2026-01-26,0,15,26,59451
店舗05,2026-01-26,0,16,38,88414
店舗05,2026-01-26,0,17,47,119785
店舗05,2026-01-26,0,18,47,112247
店舗05,2026-01-26,0,19,40,94894
店舗05,2026-01-26,0,20,34,73983
店舗05,2026-01-26,0,21,23,55934
店舗05,2026-01-27,1,8,18,39022
店舗05,2026-01-27,1,9,29,58740
店舗05,2026-01-27,1,10,33,87289
店舗05,2026-01-27,1,11,33,79323
店舗05,2026-01-27,1,12,40,85409
店舗05,2026-01-27,1,13,45,110607
店舗05,2026-01-27,1,14,31,76784
店舗05,2026-01-27,1,15,27,59446
店舗05,2026-01-27,1,16,35,80972
店舗05,2026-01-27,1,17,43,101223
店舗05,2026-01-27,1,18,51,121221
店舗05,2026-01-27,1,19,45,112442
店舗05,2026-01-27,1,20,31,72519
店舗05,2026-01-27,1,21,23,61521
店舗05,2026-01-28,2,8,20,45757
店舗05,2026-01-28,2,9,36,81338
店舗05,2026-01-28,2,10,31,70781
店舗05,2026-01-28,2,11,39,90717
店舗05,2026-01-28,2,12,29,68448
店舗05,2026-01-28,2,13,44,113768
店舗05,2026-01-28,2,14,33,82398
店舗05,2026-01-28,2,15,33,74149
店舗05,2026-01-28,2,16,29,67181
店舗05,2026-01-28,2,17,44,115252
店舗05,2026-01-28,2,18,46,116776
店舗05,2026-01-28,2,19,44,105116
店舗05,2026-01-28,2,20,36,86225
店舗05,2026-01-28,2,21,31,82513
店舗05,2026-01-29,3,8,23,46452
店舗05,2026-01-29,3,9,26,60486
店舗05,2026-01-29,3,10,35,79375
店舗05,2026-01-29,3,11,40,104582
店舗05,2026-01-29,3,12,44,93613
店舗05,2026-01-29,3,13,41,88015
店舗05,2026-01-29,3,14,27,66539
店舗05,2026-01-29,3,15,29,69683
店舗05,2026-01-29,3,16,35,86045
店舗05,2026-01-29,3,17,33,76121
店舗05,2026-01-29,3,18,51,116082
店舗05,2026-01-29,3,19,46,108770
店舗05,2026-01-29,3,20,40,102114
店舗05,2026-01-29,3,21,26,47760
店舗05,2026-01-30,4,8,24,50554
店舗05,2026-01-30,4,9,28,69307
店舗05,2026-01-30,4,10,39,91466
店舗05,2026-01-30,4,11,41,86681
店舗05,2026-01-30,4,12,41,93599
店舗05,2026-01-30,4,13,36,82669
店舗05,2026-01-30,4,14,33,74888
店舗05,2026-01-30,4,15,33,84479
店舗05,2026-01-30,4,16,33,84693
店舗05,2026-01-30,4,17,38,80998
店舗05,2026-01-30,4,18,49,125755
店舗05,2026-01-30,4,19,41,94756
店舗05,2026-01-30,4,20,36,81505
店舗05,2026-01-30,4,21,22,49436
店舗05,2026-01-31,5,8,36,85189
店舗05,2026-01-31,5,9,39,87542
店舗05,2026-01-31,5,10,46,119722
店舗05,2026-01-31,5,11,43,118771
店舗05,2026-01-31,5,12,55,126044
店舗05,2026-01-31,5,13,52,134470
店舗05,2026-01-31,5,14,38,91478
店舗05,2026-01-31,5,15,40,93835
店舗05,2026-01-31,5,16,43,99917
店舗05,2026-01-31,5,17,50,124614
店舗05,2026-01-31,5,18,65,146237
店舗05,2026-01-31,5,19,55,129330
店舗05,2026-01-31,5,20,35,74050
店舗05,2026-01-31,5,21,25,65086
店舗05,2026-02-01,6,8,33,77372
店舗05,2026-02-01,6,9,27,63439
店舗05,2026-02-01,6,10,48,106764
店舗05,2026-02-01,6,11,47,110917
店舗05,2026-02-01,6,12,58,132688
店舗05,2026-02-01,6,13,55,129701
店舗05,2026-02-01,6,14,45,100199
店舗05,2026-02-01,6,15,38,92274
店舗05,2026-02-01,6,16,42,94879
店舗05,2026-02-01,6,17,51,128659
店舗05,2026-02-01,6,18,59,122757
店舗05,2026-02-01,6,19,46,113217
店舗05,2026-02-01,6,20,36,86545
店舗05,2026-02-01,6,21,33,80154
店舗05,2026-02-02,0,8,26,48418
店舗05,2026-02-02,0,9,29,76712
店舗05,2026-02-02,0,10,40,84185
店舗05,2026-02-02,0,11,34,89202
店舗05,2026-02-02,0,12,48,115829
店舗05,2026-02-02,0,13,46,118130
店舗05,2026-02-02,0,14,38,92424
店舗05,2026-02-02,0,15,33,82397
店舗05,2026-02-02,0,16,33,75464
店舗05,2026-02-02,0,17,50,110755
店舗05,2026-02-02,0,18,48,115832
店舗05,2026-02-02,0,19,41,110250
店舗05,2026-02-02,0,20,35,85598
店舗05,2026-02-02,0,21,25,58352
店舗05,2026-02-03,1,8,20,46380
店舗05,2026-02-03,1,9,31,75194
店舗05,2026-02-03,1,10,32,74622
店舗05,2026-02-03,1,11,36,85923
店舗05,2026-02-03,1,12,46,93343
店舗05,2026-02-03,1,13,33,76851
店舗05,2026-02-03,1,14,29,75621
店舗05,2026-02-03,1,15,24,56976
店舗05,2026-02-03,1,16,33,68613
店舗05,2026-02-03,1,17,35,75722
店舗05,2026-02-03,1,18,46,114742
店舗05,2026-02-03,1,19,48,111476
店舗05,2026-02-03,1,20,24,58088
店舗05,2026-02-03,1,21,32,77867
店舗05,2026-02-04,2,8,21,47364
店舗05,2026-02-04,2,9,22,47155
店舗05,2026-02-04,2,10,37,84078
店舗05,2026-02-04,2,11,46,111918
店舗05,2026-02-04,2,12,42,90038
店舗05,2026-02-04,2,13,40,104061
店舗05,2026-02-04,2,14,37,83481
店舗05,2026-02-04,2,15,36,94077
店舗05,2026-02-04,2,16,27,66122
店舗05,2026-02-04,2,17,39,93487
店舗05,2026-02-04,2,18,43,97440
店舗05,2026-02-04,2,19,41,95822
店舗05,2026-02-04,2,20,29,76362
店舗05,2026-02-04,2,21,34,78920
店舗05,2026-02-05,3,8,23,61330
店舗05,2026-02-05,3,9,27,66949
店舗05,2026-02-05,3,10,28,69385
店舗05,2026-02-05,3,11,45,112959
店舗05,2026-02-05,3,12,49,114176
店舗05,2026-02-05,3,13,49,101685
店舗05,2026-02-05,3,14,28,68648
店舗05,2026-02-05,3,15,31,78426
店舗05,2026-02-05,3,16,26,58762
店舗05,2026-02-05,3,17,47,97360
店舗05,2026-02-05,3,18,44,107471
店舗05,2026-02-05,3,19,43,105463
店舗05,2026-02-05,3,20,36,83204
店舗05,2026-02-05,3,21,29,71350
店舗05,2026-02-06,4,8,29,69779
店舗05,2026-02-06,4,9,30,70493
店舗05,2026-02-06,4,10,31,71206
店舗05,2026-02-06,4,11,44,92169
店舗05,2026-02-06,4,12,40,91633
店舗05,2026-02-06,4,13,44,90405
店舗05,2026-02-06,4,14,39,101123
店舗05,2026-02-06,4,15,20,46740
店舗05,2026-02-06,4,16,39,102821
店舗05,2026-02-06,4,17,50,97449
店舗05,2026-02-06,4,18,47,106920
店舗05,2026-02-06,4,19,49,123566
店舗05,2026-02-06,4,20,28,70148
店舗05,2026-02-06,4,21,21,41537
店舗05,2026-02-07,5,8,35,81115
店舗05,2026-02-07,5,9,33,79712
店舗05,2026-02-07,5,10,40,82826
店舗05,2026-02-07,5,11,53,121350
店舗05,2026-02-07,5,12,52,125565
店舗05,2026-02-07,5,13,50,105523
店舗05,2026-02-07,5,14,41,87726
店舗05,2026-02-07,5,15,43,101508
店舗05,2026-02-07,5,16,43,85482
店舗05,2026-02-07,5,17,55,131172
店舗05,2026-02-07,5,18,51,121752
店舗05,2026-02-07,5,19,58,129459
店舗05,2026-02-07,5,20,32,69459
店舗05,2026-02-07,5,21,36,66996
店舗05,2026-02-08,6,8,29,75593
店舗05,2026-02-08,6,9,37,76016
店舗05,2026-02-08,6,10,34,88696
店舗05,2026-02-08,6,11,49,105288
店舗05,2026-02-08,6,12,54,115761
店舗05,2026-02-08,6,13,60,146227
店舗05,2026-02-08,6,14,38,71970
店舗05,2026-02-08,6,15,43,93084
店舗05,2026-02-08,6,16,40,98718
店舗05,2026-02-08,6,17,52,118412
店舗05,2026-02-08,6,18,60,134222
店舗05,2026-02-08,6,19,55,131084
店舗05,2026-02-08,6,20,50,121450
店舗05,2026-02-08,6,21,29,70891
店舗05,2026-02-09,0,8,23,55687
店舗05,2026-02-09,0,9,28,77933
店舗05,2026-02-09,0,10,39,99914
店舗05,2026-02-09,0,11,47,98293
店舗05,2026-02-09,0,12,49,106407
店舗05,2026-02-09,0,13,42,108023
店舗05,2026-02-09,0,14,29,65475
店舗05,2026-02-09,0,15,29,72608
店舗05,2026-02-09,0,16,48,116423
店舗05,2026-02-09,0,17,38,87075
店舗05,2026-02-09,0,18,45,109537
店舗05,2026-02-09,0,19,41,110999
店舗05,2026-02-09,0,20,31,72184
店舗05,2026-02-09,0,21,31,79979
店舗05,2026-02-10,1,8,27,68557
店舗05,2026-02-10,1,9,31,77898
店舗05,2026-02-10,1,10,39,79938
店舗05,2026-02-10,1,11,43,80528
店舗05,2026-02-10,1,12,46,116875
店舗05,2026-02-10,1,13,38,81953
店舗05,2026-02-10,1,14,31,70101
店舗05,2026-02-10,1,15,27,62133
店舗05,2026-02-10,1,16,33,88682
店舗05,2026-02-10,1,17,45,101077
店舗05,2026-02-10,1,18,46,93988
店舗05,2026-02-10,1,19,39,92940
店舗05,2026-02-10,1,20,38,77079
店舗05,2026-02-10,1,21,22,50653
店舗05,2026-02-11,2,8,30,68087
店舗05,2026-02-11,2,9,33,80270
店舗05,2026-02-11,2,10,30,71358
店舗05,2026-02-11,2,11,42,102596
店舗05,2026-02-11,2,12,38,90498
店舗05,2026-02-11,2,13,42,104985
店舗05,2026-02-11,2,14,35,80340
店舗05,2026-02-11,2,15,27,57032
店舗05,2026-02-11,2,16,21,49085
店舗05,2026-02-11,2,17,45,89783
店舗05,2026-02-11,2,18,46,111994
店舗05,2026-02-11,2,19,45,101238
店舗05,2026-02-11,2,20,33,81085
店舗05,2026-02-11,2,21,28,61697
店舗05,2026-02-12,3,8,24,59152
店舗05,2026-02-12,3,9,27,61575
店舗05,2026-02-12,3,10,33,71555
店舗05,2026-02-12,3,11,42,105989
店舗05,2026-02-12,3,12,36,86991
店舗05,2026-02-12,3,13,43,97825
店舗05,2026-02-12,3,14,30,70937
店舗05,2026-02-12,3,15,31,71845
店舗05,2026-02-12,3,16,30,72783
店舗05,2026-02-12,3,17,44,104279
店舗05,2026-02-12,3,18,55,123069
店舗05,2026-02-12,3,19,40,101984
店舗05,2026-02-12,3,20,38,87296
店舗05,2026-02-12,3,21,29,63571
店舗05,2026-02-13,4,8,24,61294
店舗05,2026-02-13,4,9,23,53473
店舗05,2026-02-13,4,10,34,76793
店舗05,2026-02-13,4,11,41,95894
店舗05,2026-02-13,4,12,48,109645
店舗05,2026-02-13,4,13,33,74855
店舗05,2026-02-13,4,14,38,100040
店舗05,2026-02-13,4,15,27,66208
店舗05,2026-02-13,4,16,32,73653
店舗05,2026-02-13,4,17,41,81845
店舗05,2026-02-13,4,18,43,101127
店舗05,2026-02-13,4,19,42,88176
店舗05,2026-02-13,4,20,40,109589
店舗05,2026-02-13,4,21,23,49669
店舗05,2026-02-14,5,8,32,69668
店舗05,2026-02-14,5,9,41,92906
店舗05,2026-02-14,5,10,39,85033
店舗05,2026-02-14,5,11,36,81731
店舗05,2026-02-14,5,12,53,118243
店舗05,2026-02-14,5,13,54,113175
店舗05,2026-02-14,5,14,49,102597
店舗05,2026-02-14,5,15,38,85855
店舗05,2026-02-14,5,16,40,93759
店舗05,2026-02-14,5,17,49,113087
店舗05,2026-02-14,5,18,56,119352
店舗05,2026-02-14,5,19,48,109170
店舗05,2026-02-14,5,20,43,101984
店舗05,2026-02-14,5,21,24,58428
店舗05,2026-02-15,6,8,31,77401
店舗05,2026-02-15,6,9,33,78576
店舗05,2026-02-15,6,10,37,91037
店舗05,2026-02-15,6,11,52,121983
店舗05,2026-02-15,6,12,51,117715
店舗05,2026-02-15,6,13,54,158330
店舗05,2026-02-15,6,14,46,103419
店舗05,2026-02-15,6,15,40,87339
店舗05,2026-02-15,6,16,37,86529
店舗05,2026-02-15,6,17,47,104351
店舗05,2026-02-15,6,18,62,146166
店舗05,2026-02-15,6,19,47,130349
店舗05,2026-02-15,6,20,35,69466
店舗05,2026-02-15,6,21,29,67948
店舗05,2026-02-16,0,8,25,57869
店舗05,2026-02-16,0,9,29,66494
店舗05,2026-02-16,0,10,37,85749
店舗05,2026-02-16,0,11,33,76528
店舗05,2026-02-16,0,12,39,82173
店舗05,2026-02-16,0,13,33,85938
店舗05,2026-02-16,0,14,34,79632
店舗05,2026-02-16,0,15,33,77533
店舗05,2026-02-16,0,16,31,73965
店舗05,2026-02-16,0,17,37,79490
店舗05,2026-02-16,0,18,50,117471
店舗05,2026-02-16,0,19,40,98138
店舗05,2026-02-16,0,20,33,71948
店舗05,2026-02-16,0,21,27,60392
店舗05,2026-02-17,1,8,26,60494
店舗05,2026-02-17,1,9,26,54993
店舗05,2026-02-17,1,10,33,72782
店舗05,2026-02-17,1,11,39,96803
店舗05,2026-02-17,1,12,44,99193
店舗05,2026-02-17,1,13,43,82499
店舗05,2026-02-17,1,14,37,74469
店舗05,2026-02-17,1,15,28,76737
店舗05,2026-02-17,1,16,41,101564
店舗05,2026-02-17,1,17,36,85616
店舗05,2026-02-17,1,18,46,101338
店舗05,2026-02-17,1,19,41,102765
店舗05,2026-02-17,1,20,26,61451
店舗05,2026-02-17,1,21,26,62526
店舗05,2026-02-18,2,8,21,49971
店舗05,2026-02-18,2,9,25,56632
店舗05,2026-02-18,2,10,32,70777
店舗05,2026-02-18,2,11,39,87359
店舗05,2026-02-18,2,12,50,121237
店舗05,2026-02-18,2,13,41,88772
店舗05,2026-02-18,2,14,32,73356
店舗05,2026-02-18,2,15,32,72288
店舗05,2026-02-18,2,16,33,74172
店舗05,2026-02-18,2,17,41,81083
店舗05,2026-02-18,2,18,42,104440
店舗05,2026-02-18,2,19,41,105789
店舗05,2026-02-18,2,20,36,83372
店舗05,2026-02-18,2,21,28,70222
店舗05,2026-02-19,3,8,27,60161
店舗05,2026-02-19,3,9,36,86228
店舗05,2026-02-19,3,10,36,88098
店舗05,2026-02-19,3,11,41,102973
店舗05,2026-02-19,3,12,46,110285
店舗05,2026-02-19,3,13,42,98193
店舗05,2026-02-19,3,14,32,90630
店舗05,2026-02-19,3,15,34,74620
店舗05,2026-02-19,3,16,35,98432
店舗05,2026-02-19,3,17,41,96221
店舗05,2026-02-19,3,18,45,112911
店舗05,2026-02-19,3,19,46,97094
店舗05,2026-02-19,3,20,26,60028
店舗05,2026-02-19,3,21,33,68463
店舗05,2026-02-20,4,8,21,50913
店舗05,2026-02-20,4,9,22,59778
店舗05,2026-02-20,4,10,29,67126
店舗05,2026-02-20,4,11,43,104629
店舗05,2026-02-20,4,12,40,91654
店舗05,2026-02-20,4,13,43,92007
店舗05,2026-02-20,4,14,41,90747
店舗05,2026-02-20,4,15,26,55025
店舗05,2026-02-20,4,16,31,67434
店舗05,2026-02-20,4,17,40,99008
店舗05,2026-02-20,4,18,46,100699
店舗05,2026-02-20,4,19,47,112268
店舗05,2026-02-20,4,20,33,69038
店舗05,2026-02-20,4,21,22,56875
店舗05,2026-02-21,5,8,33,72432
店舗05,2026-02-21,5,9,31,67907
店舗05,2026-02-21,5,10,42,96526
店舗05,2026-02-21,5,11,54,139628
店舗05,2026-02-21,5,12,56,127340
店舗05,2026-02-21,5,13,48,126886
店舗05,2026-02-21,5,14,42,100683
店舗05,2026-02-21,5,15,44,92045
店舗05,2026-02-21,5,16,49,113508
店舗05,2026-02-21,5,17,50,102643
店舗05,2026-02-21,5,18,62,134113
店舗05,2026-02-21,5,19,58,129284
店舗05,2026-02-21,5,20,40,84616
店舗05,2026-02-21,5,21,44,109561
店舗05,2026-02-22,6,8,30,67197
店舗05,2026-02-22,6,9,34,77335
店舗05,2026-02-22,6,10,42,91492
店舗05,2026-02-22,6,11,50,106982
店舗05,2026-02-22,6,12,56,131456
店舗05,2026-02-22,6,13,49,100287
店舗05,2026-02-22,6,14,44,101430
店舗05,2026-02-22,6,15,41,88522
店舗05,2026-02-22,6,16,34,75279
店舗05,2026-02-22,6,17,60,140889
店舗05,2026-02-22,6,18,63,144818
店舗05,2026-02-22,6,19,53,135106
店舗05,2026-02-22,6,20,42,90707
店舗05,2026-02-22,6,21,32,72576
店舗05,2026-02-23,0,8,14,34499
店舗05,2026-02-23,0,9,28,63770
店舗05,2026-02-23,0,10,31,70788
店舗05,2026-02-23,0,11,43,99262
店舗05,2026-02-23,0,12,47,109782
店舗05,2026-02-23,0,13,41,86318
店舗05,2026-02-23,0,14,34,70462
店舗05,2026-02-23,0,15,22,51007
店舗05,2026-02-23,0,16,41,95486
店舗05,2026-02-23,0,17,53,128405
店舗05,2026-02-23,0,18,46,102904
店舗05,2026-02-23,0,19,41,92231
店舗05,2026-02-23,0,20,37,93784
店舗05,2026-02-23,0,21,24,54396
店舗05,2026-02-24,1,8,28,71561
店舗05,2026-02-24,1,9,26,59154
店舗05,2026-02-24,1,10,35,77952
店舗05,2026-02-24,1,11,38,71368
店舗05,2026-02-24,1,12,44,101956
店舗05,2026-02-24,1,13,40,84966
店舗05,2026-02-24,1,14,32,63155
店舗05,2026-02-24,1,15,33,76081
店舗05,2026-02-24,1,16,38,75846
店舗05,2026-02-24,1,17,42,105926
店舗05,2026-02-24,1,18,51,125746
店舗05,2026-02-24,1,19,42,108793
店舗05,2026-02-24,1,20,29,62508
店舗05,2026-02-24,1,21,21,51515
店舗05,2026-02-25,2,8,26,66116
店舗05,2026-02-25,2,9,28,68367
店舗05,2026-02-25,2,10,30,66686
店舗05,2026-02-25,2,11,40,91067
店舗05,2026-02-25,2,12,43,113392
店舗05,2026-02-25,2,13,38,77621
店舗05,2026-02-25,2,14,33,81452
店舗05,2026-02-25,2,15,31,78184
店舗05,2026-02-25,2,16,37,94362
店舗05,2026-02-25,2,17,50,115973
店舗05,2026-02-25,2,18,43,106187
店舗05,2026-02-25,2,19,50,129032
店舗05,2026-02-25,2,20,41,100925
店舗05,2026-02-25,2,21,22,52920
店舗05,2026-02-26,3,8,23,54926
店舗05,2026-02-26,3,9,30,69974
店舗05,2026-02-26,3,10,37,68814
店舗05,2026-02-26,3,11,45,120897
店舗05,2026-02-26,3,12,47,124704
店舗05,2026-02-26,3,13,40,97812
店舗05,2026-02-26,3,14,33,72903
店舗05,2026-02-26,3,15,26,63573
店舗05,2026-02-26,3,16,34,77695
店舗05,2026-02-26,3,17,41,92168
店舗05,2026-02-26,3,18,51,127015
店舗05,2026-02-26,3,19,37,78374
店舗05,2026-02-26,3,20,37,77792
店舗05,2026-02-26,3,21,34,89810
店舗05,2026-02-27,4,8,28,69372
店舗05,2026-02-27,4,9,18,40796
店舗05,2026-02-27,4,10,36,82414
店舗05,2026-02-27,4,11,40,94949
店舗05,2026-02-27,4,12,43,97006
店舗05,2026-02-27,4,13,41,90634
店舗05,2026-02-27,4,14,37,91300
店舗05,2026-02-27,4,15,26,53146
店舗05,2026-02-27,4,16,34,97641
店舗05,2026-02-27,4,17,41,99483
店舗05,2026-02-27,4,18,52,109392
店舗05,2026-02-27,4,19,43,100348
店舗05,2026-02-27,4,20,34,86905
店舗05,2026-02-27,4,21,20,48163
店舗05,2026-02-28,5,8,23,52803
店舗05,2026-02-28,5,9,36,91354
店舗05,2026-02-28,5,10,43,119706
店舗05,2026-02-28,5,11,51,115828
店舗05,2026-02-28,5,12,57,133318
店舗05,2026-02-28,5,13,47,122354
店舗05,2026-02-28,5,14,43,100799
店舗05,2026-02-28,5,15,38,91735
店舗05,2026-02-28,5,16,41,91172
店舗05,2026-02-28,5,17,46,115071
店舗05,2026-02-28,5,18,55,127095
店舗05,2026-02-28,5,19,56,113712
店舗05,2026-02-28,5,20,41,99743
店舗05,2026-02-28,5,21,39,85881
店舗05,2026-03-01,6,8,23,57405
店舗05,2026-03-01,6,9,27,62680
店舗05,2026-03-01,6,10,45,95518
店舗05,2026-03-01,6,11,46,108820
店舗05,2026-03-01,6,12,48,113160
店舗05,2026-03-01,6,13,43,122922
店舗05,2026-03-01,6,14,39,88179
店舗05,2026-03-01,6,15,44,112321
店舗05,2026-03-01,6,16,37,88375
店舗05,2026-03-01,6,17,57,117173
店舗05,2026-03-01,6,18,56,131568
店舗05,2026-03-01,6,19,52,136419
店舗05,2026-03-01,6,20,44,108506
店舗05,2026-03-01,6,21,40,88218
店舗06,2026-01-05,0,8,34,92276
店舗06,2026-01-05,0,9,33,59237
店舗06,2026-01-05,0,10,34,86645
店舗06,2026-01-05,0,11,37,84994
店舗06,2026-01-05,0,12,36,87276
店舗06,2026-01-05,0,13,47,120456
店舗06,2026-01-05,0,14,33,80646
店舗06,2026-01-05,0,15,33,70735
店舗06,2026-01-05,0,16,38,78074
店舗06,2026-01-05,0,17,45,104039
店舗06,2026-01-05,0,18,52,116121
店舗06,2026-01-05,0,19,46,110028
店舗06,2026-01-05,0,20,36,91099
店舗06,2026-01-05,0,21,30,74474
店舗06,2026-01-06,1,8,19,38539
店舗06,2026-01-06,1,9,28,68722
店舗06,2026-01-06,1,10,35,85916
店舗06,2026-01-06,1,11,42,88562
店舗06,2026-01-06,1,12,47,94560
店舗06,2026-01-06,1,13,36,82115
店舗06,2026-01-06,1,14,39,93246
店舗06,2026-01-06,1,15,26,53169
店舗06,2026-01-06,1,16,36,88231
店舗06,2026-01-06,1,17,48,112697
店舗06,2026-01-06,1,18,50,107842
店舗06,2026-01-06,1,19,40,87915
店舗06,2026-01-06,1,20,35,81508
店舗06,2026-01-06,1,21,23,53532
店舗06,2026-01-07,2,8,21,47884
店舗06,2026-01-07,2,9,32,72610
店舗06,2026-01-07,2,10,34,77266
店舗06,2026-01-07,2,11,39,88969
店舗06,2026-01-07,2,12,46,112728
店舗06,2026-01-07,2,13,41,83650
店舗06,2026-01-07,2,14,37,82315
店舗06,2026-01-07,2,15,37,85698
店舗06,2026-01-07,2,16,32,75104
店舗06,2026-01-07,2,17,44,98933
店舗06,2026-01-07,2,18,53,129297
店舗06,2026-01-07,2,19,39,94854
店舗06,2026-01-07,2,20,32,76435
店舗06,2026-01-07,2,21,21,49656
店舗06,2026-01-08,3,8,29,71476
店舗06,2026-01-08,3,9,21,54177
店舗06,2026-01-08,3,10,36,76802
店舗06,2026-01-08,3,11,43,106312
店舗06,2026-01-08,3,12,44,109938
店舗06,2026-01-08,3,13,38,75180
店舗06,2026-01-08,3,14,31,81265
店舗06,2026-01-08,3,15,33,73758
店舗06,2026-01-08,3,16,35,85232
店舗06,2026-01-08,3,17,43,112156
店舗06,2026-01-08,3,18,47,104113
店舗06,2026-01-08,3,19,47,105162
店舗06,2026-01-08,3,20,35,86080
店舗06,2026-01-08,3,21,28,65592
店舗06,2026-01-09,4,8,33,74288
店舗06,2026-01-09,4,9,30,76311
店舗06,2026-01-09,4,10,36,83971
店舗06,2026-01-09,4,11,42,108023
店舗06,2026-01-09,4,12,41,94544
店舗06,2026-01-09,4,13,39,93390
店舗06,2026-01-09,4,14,37,89833
店舗06,2026-01-09,4,15,25,59931
店舗06,2026-01-09,4,16,34,91150
店舗06,2026-01-09,4,17,54,117762
店舗06,2026-01-09,4,18,53,132859
店舗06,2026-01-09,4,19,44,113531
店舗06,2026-01-09,4,20,35,83057
店舗06,2026-01-09,4,21,31,71397
店舗06,2026-01-10,5,8,34,81339
店舗06,2026-01-10,5,9,35,87206
店舗06,2026-01-10,5,10,41,85611
店舗06,2026-01-10,5,11,48,101358
店舗06,2026-01-10,5,12,52,124852
店舗06,2026-01-10,5,13,43,98081
店舗06,2026-01-10,5,14,48,108901
店舗06,2026-01-10,5,15,43,107207
店舗06,2026-01-10,5,16,48,88845
店舗06,2026-01-10,5,17,58,161998
店舗06,2026-01-10,5,18,59,119922
店舗06,2026-01-10,5,19,54,133254
店舗06,2026-01-10,5,20,47,109711
店舗06,2026-01-10,5,21,37,85243
店舗06,2026-01-11,6,8,31,78637
店舗06,2026-01-11,6,9,40,92789
店舗06,2026-01-11,6,10,34,78993
店舗06,2026-01-11,6,11,51,113689
店舗06,2026-01-11,6,12,56,121124
店舗06,2026-01-11,6,13,56,121826
店舗06,2026-01-11,6,14,43,108438
店舗06,2026-01-11,6,15,42,100990
店舗06,2026-01-11,6,16,47,122066
店舗06,2026-01-11,6,17,48,108233
店舗06,2026-01-11,6,18,65,145413
店舗06,2026-01-11,6,19,55,130094
店舗06,2026-01-11,6,20,47,108903
店舗06,2026-01-11,6,21,39,81315
店舗06,2026-01-12,0,8,25,62481
店舗06,2026-01-12,0,9,35,72322
店舗06,2026-01-12,0,10,28,69679
店舗06,2026-01-12,0,11,41,99305
店舗06,2026-01-12,0,12,49,107972
店舗06,2026-01-12,0,13,43,108048
店舗06,2026-01-12,0,14,30,69431
店舗06,2026-01-12,0,15,33,77498
店舗06,2026-01-12,0,16,34,87541
店舗06,2026-01-12,0,17,44,90795
店舗06,2026-01-12,0,18,48,117259
店舗06,2026-01-12,0,19,48,117560
店舗06,2026-01-12,0,20,43,95262
店舗06,2026-01-12,0,21,24,53360
店舗06,2026-01-13,1,8,23,54438
店舗06,2026-01-13,1,9,35,85427
店舗06,2026-01-13,1,10,43,98292
店舗06,2026-01-13,1,11,46,92876
店舗06,2026-01-13,1,12,43,105076
店舗06,2026-01-13,1,13,41,87636
店舗06,2026-01-13,1,14,35,88573
店舗06,2026-01-13,1,15,28,59512
店舗06,2026-01-13,1,16,33,79880
店舗06,2026-01-13,1,17,48,105884
店舗06,2026-01-13,1,18,42,101875
店舗06,2026-01-13,1,19,48,106267
店舗06,2026-01-13,1,20,31,73705
店舗06,2026-01-13,1,21,32,75985
店舗06,2026-01-14,2,8,28,56974
店舗06,2026-01-14,2,9,19,50566
店舗06,2026-01-14,2,10,41,99249
店舗06,2026-01-14,2,11,36,83179
店舗06,2026-01-14,2,12,53,125804
店舗06,2026-01-14,2,13,35,90946
店舗06,2026-01-14,2,14,35,71183
店舗06,2026-01-14,2,15,27,62810
店舗06,2026-01-14,2,16,37,83599
店舗06,2026-01-14,2,17,46,116896
店舗06,2026-01-14,2,18,50,144908
店舗06,2026-01-14,2,19,42,90941
店舗06,2026-01-14,2,20,34,69376
店舗06,2026-01-14,2,21,21,49961
店舗06,2026-01-15,3,8,21,47909
店舗06,2026-01-15,3,9,38,81926
店舗06,2026-01-15,3,10,34,75471
店舗06,2026-01-15,3,11,39,97435
店舗06,2026-01-15,3,12,44,121215
店舗06,2026-01-15,3,13,38,86792
店舗06,2026-01-15,3,14,32,79808
店舗06,2026-01-15,3,15,26,58332
店舗06,2026-01-15,3,16,39,100306
店舗06,2026-01-15,3,17,48,112084
店舗06,2026-01-15,3,18,54,115775
店舗06,2026-01-15,3,19,47,101942
店舗06,2026-01-15,3,20,35,83004
店舗06,2026-01-15,3,21,32,79993
店舗06,2026-01-16,4,8,27,61302
店舗06,2026-01-16,4,9,27,62495
店舗06,2026-01-16,4,10,45,107226
店舗06,2026-01-16,4,11,39,98811
店舗06,2026-01-16,4,12,49,121918
店舗06,2026-01-16,4,13,46,118630
店舗06,2026-01-16,4,14,36,83857
店舗06,2026-01-16,4,15,28,62181
店舗06,2026-01-16,4,16,36,73316
店舗06,2026-01-16,4,17,42,95136
店舗06,2026-01-16,4,18,50,117854
店舗06,2026-01-16,4,19,45,105267
店舗06,2026-01-16,4,20,33,72957
店舗06,2026-01-16,4,21,20,46259
店舗06,2026-01-17,5,8,31,75187
店舗06,2026-01-17,5,9,33,76942
店舗06,2026-01-17,5,10,47,113260
店舗06,2026-01-17,5,11,49,122965
店舗06,2026-01-17,5,12,51,119128
店舗06,2026-01-17,5,13,50,141762
店舗06,2026-01-17,5,14,41,99669
店舗06,2026-01-17,5,15,41,102776
店舗06,2026-01-17,5,16,41,95946
店舗06,2026-01-17,5,17,51,129368
店舗06,2026-01-17,5,18,60,114933
店舗06,2026-01-17,5,19,52,119894
店舗06,2026-01-17,5,20,50,116224
店舗06,2026-01-17,5,21,30,61672
店舗06,2026-01-18,6,8,32,77290
店舗06,2026-01-18,6,9,34,80024
店舗06,2026-01-18,6,10,35,85149
店舗06,2026-01-18,6,11,59,138729
店舗06,2026-01-18,6,12,52,121725
店舗06,2026-01-18,6,13,53,124807
店舗06,2026-01-18,6,14,38,78112
店舗06,2026-01-18,6,15,44,104028
店舗06,2026-01-18,6,16,47,119018
店舗06,2026-01-18,6,17,52,124028
店舗06,2026-01-18,6,18,67,163840
店舗06,2026-01-18,6,19,54,124933
店舗06,2026-01-18,6,20,42,98312
店舗06,2026-01-18,6,21,26,61243
店舗06,2026-01-19,0,8,26,54681
店舗06,2026-01-19,0,9,26,59429
店舗06,2026-01-19,0,10,42,106335
店舗06,2026-01-19,0,11,44,102096
店舗06,2026-01-19,0,12,54,134697
店舗06,2026-01-19,0,13,36,88273
店舗06,2026-01-19,0,14,35,73248
店舗06,2026-01-19,0,15,31,75811
店舗06,2026-01-19,0,16,38,85139
店舗06,2026-01-19,0,17,44,99972
店舗06,2026-01-19,0,18,49,125125
店舗06,2026-01-19,0,19,51,136222
店舗06,2026-01-19,0,20,32,58375
店舗06,2026-01-19,0,21,27,59240
店舗06,2026-01-20,1,8,24,54608
店舗06,2026-01-20,1,9,30,77431
店舗06,2026-01-20,1,10,37,84891
店舗06,2026-01-20,1,11,44,109898
店舗06,2026-01-20,1,12,50,115146
店舗06,2026-01-20,1,13,44,100359
店舗06,2026-01-20,1,14,30,66146
店舗06,2026-01-20,1,15,34,87605
店舗06,2026-01-20,1,16,30,67274
店舗06,2026-01-20,1,17,49,110492
店舗06,2026-01-20,1,18,49,102696
店舗06,2026-01-20,1,19,45,100452
店舗06,2026-01-20,1,20,34,86797
店舗06,2026-01-20,1,21,25,64385
店舗06,2026-01-21,2,8,27,66705
店舗06,2026-01-21,2,9,29,66332
店舗06,2026-01-21,2,10,38,97250
店舗06,2026-01-21,2,11,37,95641
店舗06,2026-01-21,2,12,44,97420
店舗06,2026-01-21,2,13,45,110128
店舗06,2026-01-21,2,14,34,85027
店舗06,2026-01-21,2,15,29,64454
店舗06,2026-01-21,2,16,37,86400
店舗06,2026-01-21,2,17,49,110914
店舗06,2026-01-21,2,18,57,119555
店舗06,2026-01-21,2,19,43,93500
店舗06,2026-01-21,2,20,33,88067
店舗06,2026-01-21,2,21,25,50521
店舗06,2026-01-22,3,8,20,45069
店舗06,2026-01-22,3,9,28,54348
店舗06,2026-01-22,3,10,34,86190
店舗06,2026-01-22,3,11,34,74995
店舗06,2026-01-22,3,12,42,99802
店舗06,2026-01-22,3,13,49,115534
店舗06,2026-01-22,3,14,35,92284
店舗06,2026-01-22,3,15,33,73090
店舗06,2026-01-22,3,16,30,67204
店舗06,2026-01-22,3,17,48,115172
店舗06,2026-01-22,3,18,47,118159
店舗06,2026-01-22,3,19,39,87727
店舗06,2026-01-22,3,20,43,115740
店舗06,2026-01-22,3,21,26,53423
店舗06,2026-01-23,4,8,27,64237
店舗06,2026-01-23,4,9,33,76377
店舗06,2026-01-23,4,10,37,82284
店舗06,2026-01-23,4,11,40,97308
店舗06,2026-01-23,4,12,47,111032
店舗06,2026-01-23,4,13,36,77699
店舗06,2026-01-23,4,14,34,71067
店舗06,2026-01-23,4,15,30,77572
店舗06,2026-01-23,4,16,36,91271
店舗06,2026-01-23,4,17,43,102085
店舗06,2026-01-23,4,18,54,138500
店舗06,2026-01-23,4,19,39,79591
店舗06,2026-01-23,4,20,34,65592
店舗06,2026-01-23,4,21,31,69303
店舗06,2026-01-24,5,8,28,70982
店舗06,2026-01-24,5,9,31,68576
店舗06,2026-01-24,5,10,43,105855
店舗06,2026-01-24,5,11,56,131608
店舗06,2026-01-24,5,12,60,133753
店舗06,2026-01-24,5,13,49,108039
店舗06,2026-01-24,5,14,40,87093
店舗06,2026-01-24,5,15,41,109009
店舗06,2026-01-24,5,16,37,78374
店舗06,2026-01-24,5,17,56,123622
店舗06,2026-01-24,5,18,65,150352
店舗06,2026-01-24,5,19,58,146285
店舗06,2026-01-24,5,20,43,94732
店舗06,2026-01-24,5,21,34,78425
店舗06,2026-01-25,6,8,31,78011
店舗06,2026-01-25,6,9,40,103622
店舗06,2026-01-25,6,10,44,99389
店舗06,2026-01-25,6,11,53,149386
店舗06,2026-01-25,6,12,57,141108
店舗06,2026-01-25,6,13,51,117474
店舗06,2026-01-25,6,14,44,107528
店舗06,2026-01-25,6,15,40,90667
店舗06,2026-01-25,6,16,43,90810
店舗06,2026-01-25,6,17,54,136304
店舗06,2026-01-25,6,18,63,151494
店舗06,2026-01-25,6,19,52,113135
店舗06,2026-01-25,6,20,50,118526
店舗06,2026-01-25,6,21,40,91042
店舗06,2026-01-26,0,8,28,66027
店舗06,2026-01-26,0,9,28,68761
店舗06,2026-01-26,0,10,33,75620
店舗06,2026-01-26,0,11,50,100994
店舗06,2026-01-26,0,12,48,110611
店舗06,2026-01-26,0,13,41,101275
店舗06,2026-01-26,0,14,38,90572
店舗06,2026-01-26,0,15,37,92387
店舗06,2026-01-26,0,16,34,82926
店舗06,2026-01-26,0,17,42,86835
店舗06,2026-01-26,0,18,43,101591
店舗06,2026-01-26,0,19,41,104070
店舗06,2026-01-26,0,20,36,93344
店舗06,2026-01-26,0,21,24,58380
店舗06,2026-01-27,1,8,29,65291
店舗06,2026-01-27,1,9,29,62926
店舗06,2026-01-27,1,10,39,88792
店舗06,2026-01-27,1,11,34,80725
店舗06,2026-01-27,1,12,51,111677
店舗06,2026-01-27,1,13,40,89077
店舗06,2026-01-27,1,14,36,76206
店舗06,2026-01-27,1,15,34,78584
店舗06,2026-01-27,1,16,32,81134
店舗06,2026-01-27,1,17,41,86799
店舗06,2026-01-27,1,18,47,115063
店舗06,2026-01-27,1,19,49,112273
店舗06,2026-01-27,1,20,31,77977
店舗06,2026-01-27,1,21,29,60059
店舗06,2026-01-28,2,8,24,60761
店舗06,2026-01-28,2,9,32,61773
店舗06,2026-01-28,2,10,32,74213
店舗06,2026-01-28,2,11,37,91419
店舗06,2026-01-28,2,12,50,111007
店舗06,2026-01-28,2,13,43,89583
店舗06,2026-01-28,2,14,33,85130
店舗06,2026-01-28,2,15,31,73481
店舗06,2026-01-28,2,16,38,94583
店舗06,2026-01-28,2,17,52,134521
店舗06,2026-01-28,2,18,54,118706
店舗06,2026-01-28,2,19,44,103881
店舗06,2026-01-28,2,20,28,68293
店舗06,2026-01-28,2,21,31,69078
店舗06,2026-01-29,3,8,23,55291
店舗06,2026-01-29,3,9,31,76208
店舗06,2026-01-29,3,10,39,83702
店舗06,2026-01-29,3,11,41,95622
店舗06,2026-01-29,3,12,49,123733
店舗06,2026-01-29,3,13,44,102529
店舗06,2026-01-29,3,14,34,69283
店舗06,2026-01-29,3,15,30,73232
店舗06,2026-01-29,3,16,39,82908
店舗06,2026-01-29,3,17,52,124918
店舗06,2026-01-29,3,18,49,114036
店舗06,2026-01-29,3,19,49,102219
店舗06,2026-01-29,3,20,42,106004
店舗06,2026-01-29,3,21,24,60953
店舗06,2026-01-30,4,8,29,60540
店舗06,2026-01-30,4,9,41,96472
店舗06,2026-01-30,4,10,32,69391
店舗06,2026-01-30,4,11,45,117150
店舗06,2026-01-30,4,12,47,121059
店舗06,2026-01-30,4,13,43,103272
店舗06,2026-01-30,4,14,41,98703
店舗06,2026-01-30,4,15,32,65544
店舗06,2026-01-30,4,16,27,67490
店舗06,2026-01-30,4,17,44,109981
店舗06,2026-01-30,4,18,57,139434
店舗06,2026-01-30,4,19,47,113007
店舗06,2026-01-30,4,20,36,76270
店舗06,2026-01-30,4,21,19,42645
店舗06,2026-01-31,5,8,33,72859
店舗06,2026-01-31,5,9,43,109595
店舗06,2026-01-31,5,10,40,90619
店舗06,2026-01-31,5,11,54,124473
店舗06,2026-01-31,5,12,48,113671
店舗06,2026-01-31,5,13,55,128524
店舗06,2026-01-31,5,14,41,111009
店舗06,2026-01-31,5,15,42,94621
店舗06,2026-01-31,5,16,47,98135
店舗06,2026-01-31,5,17,51,114296
店舗06,2026-01-31,5,18,67,150065
店舗06,2026-01-31,5,19,62,145392
店舗06,2026-01-31,5,20,47,114943
店舗06,2026-01-31,5,21,38,101885
店舗06,2026-02-01,6,8,30,65320
店舗06,2026-02-01,6,9,39,99578
店舗06,2026-02-01,6,10,40,78621
店舗06,2026-02-01,6,11,54,126251
店舗06,2026-02-01,6,12,57,128580
店舗06,2026-02-01,6,13,53,130145
店舗06,2026-02-01,6,14,43,105109
店舗06,2026-02-01,6,15,35,84600
店舗06,2026-02-01,6,16,47,120222
店舗06,2026-02-01,6,17,52,114606
店舗06,2026-02-01,6,18,61,145430
店舗06,2026-02-01,6,19,51,109479
店舗06,2026-02-01,6,20,35,62597
店舗06,2026-02-01,6,21,44,117630
店舗06,2026-02-02,0,8,23,54671
店舗06,2026-02-02,0,9,24,51227
店舗06,2026-02-02,0,10,34,78783
店舗06,2026-02-02,0,11,45,103021
店舗06,2026-02-02,0,12,46,99043
店舗06,2026-02-02,0,13,36,88807
店舗06,2026-02-02,0,14,34,68449
店舗06,2026-02-02,0,15,27,71519
店舗06,2026-02-02,0,16,34,84071
店舗06,2026-02-02,0,17,42,99275
店舗06,2026-02-02,0,18,53,125652
店舗06,2026-02-02,0,19,40,97989
店舗06,2026-02-02,0,20,33,79626
店舗06,2026-02-02,0,21,31,74796
店舗06,2026-02-03,1,8,29,71744
店舗06,2026-02-03,1,9,29,69006
店舗06,2026-02-03,1,10,38,85946
店舗06,2026-02-03,1,11,44,101768
店舗06,2026-02-03,1,12,41,100044
店舗06,2026-02-03,1,13,36,91225
店舗06,2026-02-03,1,14,25,56949
店舗06,2026-02-03,1,15,30,70986
店舗06,2026-02-03,1,16,39,79600
店舗06,2026-02-03,1,17,46,123520
店舗06,2026-02-03,1,18,46,104941
店舗06,2026-02-03,1,19,41,104670
店舗06,2026-02-03,1,20,35,78750
店舗06,2026-02-03,1,21,26,58883
店舗06,2026-02-04,2,8,22,50675
店舗06,2026-02-04,2,9,26,61826
店舗06,2026-02-04,2,10,36,80993
店舗06,2026-02-04,2,11,51,139316
店舗06,2026-02-04,2,12,41,89601
店舗06,2026-02-04,2,13,46,104800
店舗06,2026-02-04,2,14,36,97540
店舗06,2026-02-04,2,15,34,83085
店舗06,2026-02-04,2,16,33,83841
店舗06,2026-02-04,2,17,51,114457
店舗06,2026-02-04,2,18,49,105550
店舗06,2026-02-04,2,19,44,84144
店舗06,2026-02-04,2,20,34,76791
店舗06,2026-02-04,2,21,30,66679
店舗06,2026-02-05,3,8,25,57694
店舗06,2026-02-05,3,9,26,57732
店舗06,2026-02-05,3,10,30,62497
店舗06,2026-02-05,3,11,43,110979
店舗06,2026-02-05,3,12,50,139074
店舗06,2026-02-05,3,13,41,86754
店舗06,2026-02-05,3,14,38,90111
店舗06,2026-02-05,3,15,33,70784
店舗06,2026-02-05,3,16,37,88317
店舗06,2026-02-05,3,17,43,110255
店舗06,2026-02-05,3,18,59,126858
店舗06,2026-02-05,3,19,34,83992
店舗06,2026-02-05,3,20,28,63154
店舗06,2026-02-05,3,21,28,70028
店舗06,2026-02-06,4,8,19,43421
店舗06,2026-02-06,4,9,35,84970
店舗06,2026-02-06,4,10,30,67955
店舗06,2026-02-06,4,11,45,98312
店舗06,2026-02-06,4,12,45,103846
店舗06,2026-02-06,4,13,35,77981
店舗06,2026-02-06,4,14,41,93537
店舗06,2026-02-06,4,15,32,87976
店舗06,2026-02-06,4,16,36,91689
店舗06,2026-02-06,4,17,45,105852
店舗06,2026-02-06,4,18,48,111040
店舗06,2026-02-06,4,19,42,98701
店舗06,2026-02-06,4,20,38,83661
店舗06,2026-02-06,4,21,29,67288
店舗06,2026-02-07,5,8,25,57069
店舗06,2026-02-07,5,9,42,102993
店舗06,2026-02-07,5,10,47,100221
店舗06,2026-02-07,5,11,56,122652
店舗06,2026-02-07,5,12,60,148920
店舗06,2026-02-07,5,13,50,108623
店舗06,2026-02-07,5,14,50,123187
店舗06,2026-02-07,5,15,37,87202
店舗06,2026-02-07,5,16,45,108989
店舗06,2026-02-07,5,17,53,110559
店舗06,2026-02-07,5,18,63,128237
店舗06,2026-02-07,5,19,54,131680
店舗06,2026-02-07,5,20,51,101999
店舗06,2026-02-07,5,21,34,82029
店舗06,2026-02-08,6,8,27,68295
店舗06,2026-02-08,6,9,35,70044
店舗06,2026-02-08,6,10,43,107597
店舗06,2026-02-08,6,11,56,143020
店舗06,2026-02-08,6,12,53,139767
店舗06,2026-02-08,6,13,52,123126
店舗06,2026-02-08,6,14,43,80693
店舗06,2026-02-08,6,15,33,87210
店舗06,2026-02-08,6,16,50,125167
店舗06,2026-02-08,6,17,52,116045
店舗06,2026-02-08,6,18,70,155778
店舗06,2026-02-08,6,19,60,157205
店舗06,2026-02-08,6,20,50,126845
店舗06,2026-02-08,6,21,35,69169
店舗06,2026-02-09,0,8,27,66471
店舗06,2026-02-09,0,9,29,67206
店舗06,2026-02-09,0,10,31,67260
店舗06,2026-02-09,0,11,50,117476
店舗06,2026-02-09,0,12,47,102152
店舗06,2026-02-09,0,13,49,101662
店舗06,2026-02-09,0,14,37,90540
店舗06,2026-02-09,0,15,38,103226
店舗06,2026-02-09,0,16,35,86491
店舗06,2026-02-09,0,17,43,103146
店舗06,2026-02-09,0,18,54,129009
店舗06,2026-02-09,0,19,44,99789
店舗06,2026-02-09,0,20,32,77006
店舗06,2026-02-09,0,21,32,70260
店舗06,2026-02-10,1,8,24,63116
店舗06,2026-02-10,1,9,29,67236
店舗06,2026-02-10,1,10,39,99876
店舗06,2026-02-10,1,11,42,92104
店舗06,2026-02-10,1,12,53,132719
店舗06,2026-02-10,1,13,48,108172
店舗06,2026-02-10,1,14,41,107260
店舗06,2026-02-10,1,15,34,84687
店舗06,2026-02-10,1,16,46,101954
店舗06,2026-02-10,1,17,46,97822
店舗06,2026-02-10,1,18,51,119873
店舗06,2026-02-10,1,19,47,118553
店舗06,2026-02-10,1,20,36,81089
店舗06,2026-02-10,1,21,29,69284
店舗06,2026-02-11,2,8,31,74367
店舗06,2026-02-11,2,9,27,64257
店舗06,2026-02-11,2,10,39,100761
店舗06,2026-02-11,2,11,43,106958
店舗06,2026-02-11,2,12,40,97095
店舗06,2026-02-11,2,13,42,121606
店舗06,2026-02-11,2,14,36,79002
店舗06,2026-02-11,2,15,30,65312
店舗06,2026-02-11,2,16,44,111849
店舗06,2026-02-11,2,17,44,100939
店舗06,2026-02-11,2,18,57,137095
店舗06,2026-02-11,2,19,55,131062
店舗06,2026-02-11,2,20,36,91642
店舗06,2026-02-11,2,21,32,72759
店舗06,2026-02-12,3,8,22,52810
店舗06,2026-02-12,3,9,26,57693
店舗06,2026-02-12,3,10,39,88440
店舗06,2026-02-12,3,11,41,95870
店舗06,2026-02-12,3,12,39,87864
店舗06,2026-02-12,3,13,43,110013
店舗06,2026-02-12,3,14,42,110134
店舗06,2026-02-12,3,15,31,69373
店舗06,2026-02-12,3,16,36,88395
店舗06,2026-02-12,3,17,48,111753
店舗06,2026-02-12,3,18,54,139156
店舗06,2026-02-12,3,19,45,98996
店舗06,2026-02-12,3,20,32,71276
店舗06,2026-02-12,3,21,31,64957
店舗06,2026-02-13,4,8,25,59845
店舗06,2026-02-13,4,9,31,71135
店舗06,2026-02-13,4,10,32,75506
店舗06,2026-02-13,4,11,39,89947
店舗06,2026-02-13,4,12,48,106216
店舗06,2026-02-13,4,13,36,81891
店舗06,2026-02-13,4,14,30,68622
店舗06,2026-02-13,4,15,26,59777
店舗06,2026-02-13,4,16,44,106632
店舗06,2026-02-13,4,17,45,109228
店舗06,2026-02-13,4,18,58,130758
店舗06,2026-02-13,4,19,40,94742
店舗06,2026-02-13,4,20,30,67996
店舗06,2026-02-13,4,21,33,74530
店舗06,2026-02-14,5,8,34,70083
店舗06,2026-02-14,5,9,31,70475
店舗06,2026-02-14,5,10,51,128407
店舗06,2026-02-14,5,11,64,139857
店舗06,2026-02-14,5,12,61,126521
店舗06,2026-02-14,5,13,46,110230
店舗06,2026-02-14,5,14,43,98669
店舗06,2026-02-14,5,15,36,86718
店舗06,2026-02-14,5,16,47,97902
店舗06,2026-02-14,5,17,56,137952
店舗06,2026-02-14,5,18,68,157158
店舗06,2026-02-14,5,19,52,125289
店舗06,2026-02-14,5,20,42,96628
店舗06,2026-02-14,5,21,37,83196
店舗06,2026-02-15,6,8,30,72831
店舗06,2026-02-15,6,9,33,70711
店舗06,2026-02-15,6,10,47,106720
店舗06,2026-02-15,6,11,51,114384
店舗06,2026-02-15,6,12,54,127844
店舗06,2026-02-15,6,13,50,108409
店舗06,2026-02-15,6,14,38,89715
店舗06,2026-02-15,6,15,33,82064
店舗06,2026-02-15,6,16,47,118696
店舗06,2026-02-15,6,17,58,159112
店舗06,2026-02-15,6,18,61,131868
店舗06,2026-02-15,6,19,63,168108
店舗06,2026-02-15,6,20,39,86544
店舗06,2026-02-15,6,21,40,84731
店舗06,2026-02-16,0,8,19,52063
店舗06,2026-02-16,0,9,31,71706
店舗06,2026-02-16,0,10,36,74788
店舗06,2026-02-16,0,11,42,81532
店舗06,2026-02-16,0,12,44,100516
店舗06,2026-02-16,0,13,40,86830
店舗06,2026-02-16,0,14,28,66530
店舗06,2026-02-16,0,15,26,61393
店舗06,2026-02-16,0,16,35,79346
店舗06,2026-02-16,0,17,48,102146
店舗06,2026-02-16,0,18,51,112430
店舗06,2026-02-16,0,19,50,122285
店舗06,2026-02-16,0,20,40,96379
店舗06,2026-02-16,0,21,21,48150
店舗06,2026-02-17,1,8,26,66827
店舗06,2026-02-17,1,9,30,71719
店舗06,2026-02-17,1,10,39,90711
店舗06,2026-02-17,1,11,35,72082
店舗06,2026-02-17,1,12,37,92185
店舗06,2026-02-17,1,13,46,102491
店舗06,2026-02-17,1,14,33,76831
店舗06,2026-02-17,1,15,38,94730
店舗06,2026-02-17,1,16,37,95844
店舗06,2026-02-17,1,17,44,102378
店舗06,2026-02-17,1,18,47,108969
店舗06,2026-02-17,1,19,50,122393
店舗06,2026-02-17,1,20,41,84326
店舗06,2026-02-17,1,21,22,46955
店舗06,2026-02-18,2,8,24,62049
店舗06,2026-02-18,2,9,28,61805
店舗06,2026-02-18,2,10,29,74062
店舗06,2026-02-18,2,11,47,113807
店舗06,2026-02-18,2,12,35,74409
店舗06,2026-02-18,2,13,41,92226
店舗06,2026-02-18,2,14,31,78138
店舗06,2026-02-18,2,15,34,76022
店舗06,2026-02-18,2,16,37,78040
店舗06,2026-02-18,2,17,35,72371
店舗06,2026-02-18,2,18,50,138876
店舗06,2026-02-18,2,19,40,95561
店舗06,2026-02-18,2,20,42,100228
店舗06,2026-02-18,2,21,27,60968
店舗06,2026-02-19,3,8,27,60251
店舗06,2026-02-19,3,9,23,57735
店舗06,2026-02-19,3,10,35,80897
店舗06,2026-02-19,3,11,38,97499
店舗06,2026-02-19,3,12,45,108005
店舗06,2026-02-19,3,13,42,88327
店舗06,2026-02-19,3,14,35,84585
店舗06,2026-02-19,3,15,28,64076
店舗06,2026-02-19,3,16,38,87854
店舗06,2026-02-19,3,17,53,115478
店舗06,2026-02-19,3,18,55,117819
店舗06,2026-02-19,3,19,48,108390
店舗06,2026-02-19,3,20,30,59860
店舗06,2026-02-19,3,21,31,66837
店舗06,2026-02-20,4,8,27,56275
店舗06,2026-02-20,4,9,24,56063
店舗06,2026-02-20,4,10,33,70479
店舗06,2026-02-20,4,11,38,80313
店舗06,2026-02-20,4,12,50,114258
店舗06,2026-02-20,4,13,40,100586
店舗06,2026-02-20,4,14,32,83827
店舗06,2026-02-20,4,15,34,86244
店舗06,2026-02-20,4,16,38,79898
店舗06,2026-02-20,4,17,50,110258
店舗06,2026-02-20,4,18,55,124990
店舗06,2026-02-20,4,19,40,89620
店舗06,2026-02-20,4,20,32,76499
店舗06,2026-02-20,4,21,30,67851
店舗06,2026-02-21,5,8,29,69104
店舗06,2026-02-21,5,9,40,93175
店舗06,2026-02-21,5,10,41,99761
店舗06,2026-02-21,5,11,45,97152
店舗06,2026-02-21,5,12,60,141906
店舗06,2026-02-21,5,13,53,119215
店舗06,2026-02-21,5,14,39,83613
店舗06,2026-02-21,5,15,31,68177
店舗06,2026-02-21,5,16,44,115901
店舗06,2026-02-21,5,17,52,136515
店舗06,2026-02-21,5,18,57,136672
店舗06,2026-02-21,5,19,52,128729
店舗06,2026-02-21,5,20,41,101480
店舗06,2026-02-21,5,21,36,81930
店舗06,2026-02-22,6,8,37,86657
店舗06,2026-02-22,6,9,38,88428
店舗06,2026-02-22,6,10,45,112182
店舗06,2026-02-22,6,11,42,91272
店舗06,2026-02-22,6,12,61,129560
店舗06,2026-02-22,6,13,54,119846
店舗06,2026-02-22,6,14,35,78666
店舗06,2026-02-22,6,15,35,77246
店舗06,2026-02-22,6,16,40,102746
店舗06,2026-02-22,6,17,53,138035
店舗06,2026-02-22,6,18,65,141994
店舗06,2026-02-22,6,19,60,141181
店舗06,2026-02-22,6,20,37,75074
店舗06,2026-02-22,6,21,36,77368
店舗06,2026-02-23,0,8,22,43598
店舗06,2026-02-23,0,9,25,56668
店舗06,2026-02-23,0,10,41,94381
店舗06,2026-02-23,0,11,44,101520
店舗06,2026-02-23,0,12,47,112824
店舗06,2026-02-23,0,13,53,133242
店舗06,2026-02-23,0,14,31,74916
店舗06,2026-02-23,0,15,33,69381
店舗06,2026-02-23,0,16,31,74769
店舗06,2026-02-23,0,17,48,120180
店舗06,2026-02-23,0,18,52,123815
店舗06,2026-02-23,0,19,49,124189
店舗06,2026-02-23,0,20,35,81513
店舗06,2026-02-23,0,21,28,66181
店舗06,2026-02-24,1,8,29,67639
店舗06,2026-02-24,1,9,30,70291
店舗06,2026-02-24,1,10,42,104661
店舗06,2026-02-24,1,11,45,108244
店舗06,2026-02-24,1,12,51,115036
店舗06,2026-02-24,1,13,42,99142
店舗06,2026-02-24,1,14,31,76064
店舗06,2026-02-24,1,15,37,86883
店舗06,2026-02-24,1,16,34,84730
店舗06,2026-02-24,1,17,50,127246
店舗06,2026-02-24,1,18,56,135396
店舗06,2026-02-24,1,19,46,111247
店舗06,2026-02-24,1,20,33,85469
店舗06,2026-02-24,1,21,25,67223
店舗06,2026-02-25,2,8,27,58133
店舗06,2026-02-25,2,9,35,93747
店舗06,2026-02-25,2,10,39,100912
店舗06,2026-02-25,2,11,44,106006
店舗06,2026-02-25,2,12,48,119159
店舗06,2026-02-25,2,13,45,117565
店舗06,2026-02-25,2,14,34,77983
店舗06,2026-02-25,2,15,29,61276
店舗06,2026-02-25,2,16,40,90753
店舗06,2026-02-25,2,17,43,110932
店舗06,2026-02-25,2,18,54,124560
店舗06,2026-02-25,2,19,44,107916
店舗06,2026-02-25,2,20,36,85307
店舗06,2026-02-25,2,21,32,74959
店舗06,2026-02-26,3,8,28,60826
店舗06,2026-02-26,3,9,28,66826
店舗06,2026-02-26,3,10,37,84214
店舗06,2026-02-26,3,11,42,91790
店舗06,2026-02-26,3,12,47,96498
店舗06,2026-02-26,3,13,45,110927
店舗06,2026-02-26,3,14,28,61806
店舗06,2026-02-26,3,15,48,123122
店舗06,2026-02-26,3,16,40,97780
店舗06,2026-02-26,3,17,50,107589
店舗06,2026-02-26,3,18,46,97555
店舗06,2026-02-26,3,19,45,106567
店舗06,2026-02-26,3,20,35,75158
店舗06,2026-02-26,3,21,26,54523
店舗06,2026-02-27,4,8,25,53884
店舗06,2026-02-27,4,9,32,67749
店舗06,2026-02-27,4,10,33,88575
店舗06,2026-02-27,4,11,44,104236
店舗06,2026-02-27,4,12,50,120159
店舗06,2026-02-27,4,13,44,99984
店舗06,2026-02-27,4,14,35,82763
店舗06,2026-02-27,4,15,26,66918
店舗06,2026-02-27,4,16,40,86482
店舗06,2026-02-27,4,17,45,96382
店舗06,2026-02-27,4,18,44,98089
店舗06,2026-02-27,4,19,40,95274
店舗06,2026-02-27,4,20,40,100063
店舗06,2026-02-27,4,21,21,52055
店舗06,2026-02-28,5,8,33,80071
店舗06,2026-02-28,5,9,32,58641
店舗06,2026-02-28,5,10,38,92625
店舗06,2026-02-28,5,11,46,96345
店舗06,2026-02-28,5,12,54,114788
店舗06,2026-02-28,5,13,50,111856
店舗06,2026-02-28,5,14,40,95894
店舗06,2026-02-28,5,15,40,95297
店舗06,2026-02-28,5,16,44,95218
店舗06,2026-02-28,5,17,54,146974
店舗06,2026-02-28,5,18,57,129651
店舗06,2026-02-28,5,19,54,137339
店舗06,2026-02-28,5,20,42,96927
店舗06,2026-02-28,5,21,42,109341
店舗06,2026-03-01,6,8,32,74915
店舗06,2026-03-01,6,9,36,79109
店舗06,2026-03-01,6,10,46,109811
店舗06,2026-03-01,6,11,46,108616
店舗06,2026-03-01,6,12,48,107775
店舗06,2026-03-01,6,13,53,142484
店舗06,2026-03-01,6,14,45,117482
店舗06,2026-03-01,6,15,43,115424
店舗06,2026-03-01,6,16,41,90467
店舗06,2026-03-01,6,17,56,133821
店舗06,2026-03-01,6,18,61,136803
店舗06,2026-03-01,6,19,51,126151
店舗06,2026-03-01,6,20,45,92960
店舗06,2026-03-01,6,21,32,78452
店舗07,2026-01-05,0,8,26,60699
店舗07,2026-01-05,0,9,40,94513
店舗07,2026-01-05,0,10,38,85602
店舗07,2026-01-05,0,11,52,104259
店舗07,2026-01-05,0,12,49,104465
店舗07,2026-01-05,0,13,41,89073
店舗07,2026-01-05,0,14,37,69847
店舗07,2026-01-05,0,15,33,69476
店舗07,2026-01-05,0,16,44,98692
店舗07,2026-01-05,0,17,45,105089
店舗07,2026-01-05,0,18,59,164913
店舗07,2026-01-05,0,19,52,138266
店舗07,2026-01-05,0,20,38,100041
店舗07,2026-01-05,0,21,30,72392
店舗07,2026-01-06,1,8,21,50454
店舗07,2026-01-06,1,9,24,57233
店舗07,2026-01-06,1,10,32,75159
店舗07,2026-01-06,1,11,45,98427
店舗07,2026-01-06,1,12,51,119031
店舗07,2026-01-06,1,13,39,90398
店舗07,2026-01-06,1,14,41,103510
店舗07,2026-01-06,1,15,31,67333
店舗07,2026-01-06,1,16,35,73436
店舗07,2026-01-06,1,17,50,110435
店舗07,2026-01-06,1,18,53,122446
店舗07,2026-01-06,1,19,45,101091
店舗07,2026-01-06,1,20,33,70793
店舗07,2026-01-06,1,21,29,68436
店舗07,2026-01-07,2,8,33,85463
店舗07,2026-01-07,2,9,33,78890
店舗07,2026-01-07,2,10,34,81905
店舗07,2026-01-07,2,11,50,122134
店舗07,2026-01-07,2,12,44,98764
店舗07,2026-01-07,2,13,43,97314
店舗07,2026-01-07,2,14,31,77184
店舗07,2026-01-07,2,15,33,75734
店舗07,2026-01-07,2,16,39,91512
店舗07,2026-01-07,2,17,45,103349
店舗07,2026-01-07,2,18,54,126991
店舗07,2026-01-07,2,19,41,101259
店舗07,2026-01-07,2,20,37,103951
店舗07,2026-01-07,2,21,31,88637
店舗07,2026-01-08,3,8,29,67797
店舗07,2026-01-08,3,9,36,77089
店舗07,2026-01-08,3,10,38,86061
店舗07,2026-01-08,3,11,38,98487
店舗07,2026-01-08,3,12,47,100170
店舗07,2026-01-08,3,13,42,101230
店舗07,2026-01-08,3,14,40,97413
店舗07,2026-01-08,3,15,36,83948
店舗07,2026-01-08,3,16,36,83893
店舗07,2026-01-08,3,17,48,101012
店舗07,2026-01-08,3,18,52,123663
店舗07,2026-01-08,3,19,44,114897
店舗07,2026-01-08,3,20,41,93181
店舗07,2026-01-08,3,21,24,57574
店舗07,2026-01-09,4,8,25,64147
店舗07,2026-01-09,4,9,27,64585
店舗07,2026-01-09,4,10,33,77601
店舗07,2026-01-09,4,11,44,104358
店舗07,2026-01-09,4,12,49,100217
店舗07,2026-01-09,4,13,45,112982
店舗07,2026-01-09,4,14,39,90232
店舗07,2026-01-09,4,15,32,76624
店舗07,2026-01-09,4,16,36,87592
店舗07,2026-01-09,4,17,54,146509
店舗07,2026-01-09,4,18,57,149764
店舗07,2026-01-09,4,19,42,96269
店舗07,2026-01-09,4,20,37,85630
店舗07,2026-01-09,4,21,34,93084
店舗07,2026-01-10,5,8,39,99270
店舗07,2026-01-10,5,9,34,80344
店舗07,2026-01-10,5,10,53,121192
店舗07,2026-01-10,5,11,58,148553
店舗07,2026-01-10,5,12,55,126661
店舗07,2026-01-10,5,13,54,137628
店舗07,2026-01-10,5,14,42,106938
店舗07,2026-01-10,5,15,50,120369
店舗07,2026-01-10,5,16,45,110405
店舗07,2026-01-10,5,17,51,117642
店舗07,2026-01-10,5,18,64,132057
店舗07,2026-01-10,5,19,50,114371
店舗07,2026-01-10,5,20,46,108903
店舗07,2026-01-10,5,21,36,79519
店舗07,2026-01-11,6,8,34,80255
店舗07,2026-01-11,6,9,38,91088
店舗07,2026-01-11,6,10,44,122575
店舗07,2026-01-11,6,11,53,121886
店舗07,2026-01-11,6,12,57,123988
店舗07,2026-01-11,6,13,51,114636
店舗07,2026-01-11,6,14,43,93427
店舗07,2026-01-11,6,15,39,97781
店舗07,2026-01-11,6,16,47,123652
店舗07,2026-01-11,6,17,60,161333
店舗07,2026-01-11,6,18,65,153488
店舗07,2026-01-11,6,19,64,150429
店舗07,2026-01-11,6,20,42,103143
店舗07,2026-01-11,6,21,39,94555
店舗07,2026-01-12,0,8,27,66200
店舗07,2026-01-12,0,9,31,70268
店舗07,2026-01-12,0,10,48,114146
店舗07,2026-01-12,0,11,38,98229
店舗07,2026-01-12,0,12,46,101548
店舗07,2026-01-12,0,13,47,115813
店舗07,2026-01-12,0,14,37,88010
店舗07,2026-01-12,0,15,34,82500
店舗07,2026-01-12,0,16,42,99126
店舗07,2026-01-12,0,17,47,116827
店舗07,2026-01-12,0,18,46,93355
店舗07,2026-01-12,0,19,54,114602
店舗07,2026-01-12,0,20,37,84289
店舗07,2026-01-12,0,21,31,65636
店舗07,2026-01-13,1,8,23,52803
店舗07,2026-01-13,1,9,26,64796
店舗07,2026-01-13,1,10,34,77318
店舗07,2026-01-13,1,11,43,107532
店舗07,2026-01-13,1,12,44,92333
店舗07,2026-01-13,1,13,44,93573
店舗07,2026-01-13,1,14,31,73867
店舗07,2026-01-13,1,15,27,68142
店舗07,2026-01-13,1,16,35,89494
店舗07,2026-01-13,1,17,49,113285
店舗07,2026-01-13,1,18,43,92251
店舗07,2026-01-13,1,19,49,99365
店舗07,2026-01-13,1,20,37,79476
店舗07,2026-01-13,1,21,30,74515
店舗07,2026-01-14,2,8,32,77844
店舗07,2026-01-14,2,9,29,82887
店舗07,2026-01-14,2,10,31,69905
店舗07,2026-01-14,2,11,47,114573
店舗07,2026-01-14,2,12,51,100723
店舗07,2026-01-14,2,13,43,110693
店舗07,2026-01-14,2,14,29,69489
店舗07,2026-01-14,2,15,35,84248
店舗07,2026-01-14,2,16,39,84216
店舗07,2026-01-14,2,17,47,114640
店舗07,2026-01-14,2,18,57,135494
店舗07,2026-01-14,2,19,48,135360
店舗07,2026-01-14,2,20,43,78028
店舗07,2026-01-14,2,21,34,78784
店舗07,2026-01-15,3,8,26,59851
店舗07,2026-01-15,3,9,26,66663
店舗07,2026-01-15,3,10,36,78541
店舗07,2026-01-15,3,11,38,85502
店舗07,2026-01-15,3,12,46,125852
店舗07,2026-01-15,3,13,35,78585
店舗07,2026-01-15,3,14,38,94663
店舗07,2026-01-15,3,15,39,92969
店舗07,2026-01-15,3,16,34,89839
店舗07,2026-01-15,3,17,45,102372
店舗07,2026-01-15,3,18,48,108782
店舗07,2026-01-15,3,19,50,114007
店舗07,2026-01-15,3,20,32,65962
店舗07,2026-01-15,3,21,30,67507
店舗07,2026-01-16,4,8,26,62918
店舗07,2026-01-16,4,9,27,63882
店舗07,2026-01-16,4,10,40,88412
店舗07,2026-01-16,4,11,44,93015
店舗07,2026-01-16,4,12,48,113073
店舗07,2026-01-16,4,13,39,91720
店舗07,2026-01-16,4,14,42,114406
店舗07,2026-01-16,4,15,28,68073
店舗07,2026-01-16,4,16,36,86440
店舗07,2026-01-16,4,17,41,93807
店舗07,2026-01-16,4,18,56,134503
店舗07,2026-01-16,4,19,48,116295
店舗07,2026-01-16,4,20,39,89722
店舗07,2026-01-16,4,21,37,87896
店舗07,2026-01-17,5,8,34,80530
店舗07,2026-01-17,5,9,35,83565
店舗07,2026-01-17,5,10,42,97600
店舗07,2026-01-17,5,11,54,132578
店舗07,2026-01-17,5,12,58,115333
店舗07,2026-01-17,5,13,54,117246
店舗07,2026-01-17,5,14,48,100718
店舗07,2026-01-17,5,15,40,77664
店舗07,2026-01-17,5,16,47,107014
店舗07,2026-01-17,5,17,55,127991
店舗07,2026-01-17,5,18,63,126995
店舗07,2026-01-17,5,19,57,126440
店舗07,2026-01-17,5,20,40,99549
店舗07,2026-01-17,5,21,37,83063
店舗07,2026-01-18,6,8,32,68843
店舗07,2026-01-18,6,9,37,88517
店舗07,2026-01-18,6,10,41,95679
店舗07,2026-01-18,6,11,47,110397
店舗07,2026-01-18,6,12,55,118828
店舗07,2026-01-18,6,13,52,110811
店舗07,2026-01-18,6,14,50,125781
店舗07,2026-01-18,6,15,35,85989
店舗07,2026-01-18,6,16,45,117905
店舗07,2026-01-18,6,17,59,127798
店舗07,2026-01-18,6,18,67,142064
店舗07,2026-01-18,6,19,60,132092
店舗07,2026-01-18,6,20,48,132167
店舗07,2026-01-18,6,21,39,88619
店舗07,2026-01-19,0,8,28,58204
店舗07,2026-01-19,0,9,30,80215
店舗07,2026-01-19,0,10,29,66684
店舗07,2026-01-19,0,11,43,99724
店舗07,2026-01-19,0,12,44,96014
店舗07,2026-01-19,0,13,41,89049
店舗07,2026-01-19,0,14,37,81704
店舗07,2026-01-19,0,15,31,72581
店舗07,2026-01-19,0,16,35,75561
店舗07,2026-01-19,0,17,52,123402
店舗07,2026-01-19,0,18,51,118720
店舗07,2026-01-19,0,19,47,107063
店舗07,2026-01-19,0,20,33,73083
店舗07,2026-01-19,0,21,34,86583
店舗07,2026-01-20,1,8,24,54162
店舗07,2026-01-20,1,9,34,80791
店舗07,2026-01-20,1,10,37,90522
店舗07,2026-01-20,1,11,49,115135
店舗07,2026-01-20,1,12,44,101581
店舗07,2026-01-20,1,13,42,105879
店舗07,2026-01-20,1,14,34,75214
店舗07,2026-01-20,1,15,30,74942
店舗07,2026-01-20,1,16,39,85517
店舗07,2026-01-20,1,17,45,108577
店舗07,2026-01-20,1,18,61,139280
店舗07,2026-01-20,1,19,48,113008
店舗07,2026-01-20,1,20,36,79044
店舗07,2026-01-20,1,21,29,63427
店舗07,2026-01-21,2,8,32,75770
店舗07,2026-01-21,2,9,36,72702
店舗07,2026-01-21,2,10,41,89854
店舗07,2026-01-21,2,11,42,91722
店舗07,2026-01-21,2,12,53,142258
店舗07,2026-01-21,2,13,45,106212
店舗07,2026-01-21,2,14,44,86664
店舗07,2026-01-21,2,15,30,57778
店舗07,2026-01-21,2,16,36,96575
店舗07,2026-01-21,2,17,51,130854
店舗07,2026-01-21,2,18,53,125699
店舗07,2026-01-21,2,19,45,113097
店舗07,2026-01-21,2,20,37,89396
店舗07,2026-01-21,2,21,39,88628
店舗07,2026-01-22,3,8,34,80717
店舗07,2026-01-22,3,9,25,59581
店舗07,2026-01-22,3,10,35,83129
店舗07,2026-01-22,3,11,45,115635
店舗07,2026-01-22,3,12,45,99085
店舗07,2026-01-22,3,13,44,101928
店舗07,2026-01-22,3,14,33,84670
店舗07,2026-01-22,3,15,39,91739
店舗07,2026-01-22,3,16,40,98016
店舗07,2026-01-22,3,17,49,132158
店舗07,2026-01-22,3,18,54,135660
店舗07,2026-01-22,3,19,49,116795
店舗07,2026-01-22,3,20,39,97008
店舗07,2026-01-22,3,21,31,71823
店舗07,2026-01-23,4,8,26,67165
店舗07,2026-01-23,4,9,25,62331
店舗07,2026-01-23,4,10,30,60089
店舗07,2026-01-23,4,11,45,109579
店舗07,2026-01-23,4,12,46,96637
店舗07,2026-01-23,4,13,43,91202
店舗07,2026-01-23,4,14,38,86137
店舗07,2026-01-23,4,15,34,82267
店舗07,2026-01-23,4,16,40,91524
店舗07,2026-01-23,4,17,49,93727
店舗07,2026-01-23,4,18,56,133111
店舗07,2026-01-23,4,19,42,96313
店舗07,2026-01-23,4,20,32,79489
店舗07,2026-01-23,4,21,26,63601
店舗07,2026-01-24,5,8,32,69852
店舗07,2026-01-24,5,9,41,101679
店舗07,2026-01-24,5,10,48,110799
店舗07,2026-01-24,5,11,51,121390
店舗07,2026-01-24,5,12,56,127235
店舗07,2026-01-24,5,13,59,142880
店舗07,2026-01-24,5,14,52,115596
店舗07,2026-01-24,5,15,43,95076
店舗07,2026-01-24,5,16,45,91415
店舗07,2026-01-24,5,17,52,118135
店舗07,2026-01-24,5,18,64,151436
店舗07,2026-01-24,5,19,61,125539
店舗07,2026-01-24,5,20,47,111395
店舗07,2026-01-24,5,21,40,93837
店舗07,2026-01-25,6,8,35,77891
店舗07,2026-01-25,6,9,42,93378
店舗07,2026-01-25,6,10,40,93556
店舗07,2026-01-25,6,11,47,107536
店舗07,2026-01-25,6,12,64,149955
店舗07,2026-01-25,6,13,45,109299
店舗07,2026-01-25,6,14,45,100364
店舗07,2026-01-25,6,15,41,88531
店舗07,2026-01-25,6,16,47,120578
店舗07,2026-01-25,6,17,55,127492
店舗07,2026-01-25,6,18,69,146919
店舗07,2026-01-25,6,19,65,159519
店舗07,2026-01-25,6,20,42,100530
店舗07,2026-01-25,6,21,34,89221
店舗07,2026-01-26,0,8,22,53622
店舗07,2026-01-26,0,9,33,69643
店舗07,2026-01-26,0,10,31,68656
店舗07,2026-01-26,0,11,45,95449
店舗07,2026-01-26,0,12,44,96973
店舗07,2026-01-26,0,13,52,113465
店舗07,2026-01-26,0,14,33,70819
店舗07,2026-01-26,0,15,33,72226
店舗07,2026-01-26,0,16,36,79471
店舗07,2026-01-26,0,17,58,142051
店舗07,2026-01-26,0,18,53,118206
店舗07,2026-01-26,0,19,50,123614
店舗07,2026-01-26,0,20,35,89894
店舗07,2026-01-26,0,21,33,79309
店舗07,2026-01-27,1,8,27,58809
店舗07,2026-01-27,1,9,34,76790
店舗07,2026-01-27,1,10,38,81894
店舗07,2026-01-27,1,11,45,96013
店舗07,2026-01-27,1,12,47,118330
店舗07,2026-01-27,1,13,40,93500
店舗07,2026-01-27,1,14,45,100302
店舗07,2026-01-27,1,15,34,76292
店舗07,2026-01-27,1,16,38,86237
店舗07,2026-01-27,1,17,41,96170
店舗07,2026-01-27,1,18,57,134539
店舗07,2026-01-27,1,19,51,125177
店舗07,2026-01-27,1,20,37,82768
店舗07,2026-01-27,1,21,24,55246
店舗07,2026-01-28,2,8,28,74446
店舗07,2026-01-28,2,9,27,56455
店舗07,2026-01-28,2,10,35,87364
店舗07,2026-01-28,2,11,46,106600
店舗07,2026-01-28,2,12,51,105187
店舗07,2026-01-28,2,13,40,99715
店舗07,2026-01-28,2,14,36,83849
店舗07,2026-01-28,2,15,34,82700
店舗07,2026-01-28,2,16,42,109344
店舗07,2026-01-28,2,17,54,127804
店舗07,2026-01-28,2,18,58,140776
店舗07,2026-01-28,2,19,48,117147
店舗07,2026-01-28,2,20,37,89700
店舗07,2026-01-28,2,21,30,54603
店舗07,2026-01-29,3,8,35,80375
店舗07,2026-01-29,3,9,26,59525
店舗07,2026-01-29,3,10,34,75390
店舗07,2026-01-29,3,11,46,124911
店舗07,2026-01-29,3,12,51,130155
店舗07,2026-01-29,3,13,44,106778
店舗07,2026-01-29,3,14,34,77295
店舗07,2026-01-29,3,15,37,87399
店舗07,2026-01-29,3,16,33,75794
店舗07,2026-01-29,3,17,48,115007
店舗07,2026-01-29,3,18,52,124462
店舗07,2026-01-29,3,19,49,104553
店舗07,2026-01-29,3,20,36,87256
店舗07,2026-01-29,3,21,29,71025
店舗07,2026-01-30,4,8,31,71753
店舗07,2026-01-30,4,9,35,90946
店舗07,2026-01-30,4,10,38,105443
店舗07,2026-01-30,4,11,52,129391
店舗07,2026-01-30,4,12,53,121497
店舗07,2026-01-30,4,13,50,107714
店舗07,2026-01-30,4,14,36,70725
店舗07,2026-01-30,4,15,37,85762
店舗07,2026-01-30,4,16,34,78567
店舗07,2026-01-30,4,17,55,114999
店舗07,2026-01-30,4,18,56,139653
店舗07,2026-01-30,4,19,48,115184
店舗07,2026-01-30,4,20,31,67095
店舗07,2026-01-30,4,21,30,66674
店舗07,2026-01-31,5,8,31,72349
店舗07,2026-01-31,5,9,37,97757
店舗07,2026-01-31,5,10,41,97775
店舗07,2026-01-31,5,11,56,123722
店舗07,2026-01-31,5,12,66,135016
店舗07,2026-01-31,5,13,54,132270
店舗07,2026-01-31,5,14,50,125219
店舗07,2026-01-31,5,15,43,115504
店舗07,2026-01-31,5,16,42,114715
店舗07,2026-01-31,5,17,56,122596
店舗07,2026-01-31,5,18,64,127875
店舗07,2026-01-31,5,19,57,122927
店舗07,2026-01-31,5,20,48,110910
店舗07,2026-01-31,5,21,35,84487
店舗07,2026-02-01,6,8,34,75610
店舗07,2026-02-01,6,9,37,79361
店舗07,2026-02-01,6,10,43,105534
店舗07,2026-02-01,6,11,53,131006
店舗07,2026-02-01,6,12,55,119855
店舗07,2026-02-01,6,13,60,142763
店舗07,2026-02-01,6,14,44,115630
店舗07,2026-02-01,6,15,46,126604
店舗07,2026-02-01,6,16,44,95387
店舗07,2026-02-01,6,17,57,125663
店舗07,2026-02-01,6,18,76,182959
店舗07,2026-02-01,6,19,56,125777
店舗07,2026-02-01,6,20,49,100369
店舗07,2026-02-01,6,21,31,71470
店舗07,2026-02-02,0,8,33,75325
店舗07,2026-02-02,0,9,30,77500
店舗07,2026-02-02,0,10,30,74474
店舗07,2026-02-02,0,11,48,105721
店舗07,2026-02-02,0,12,48,111914
店舗07,2026-02-02,0,13,39,87576
店舗07,2026-02-02,0,14,37,81909
店舗07,2026-02-02,0,15,26,59365
店舗07,2026-02-02,0,16,42,104031
店舗07,2026-02-02,0,17,48,114905
店舗07,2026-02-02,0,18,50,132120
店舗07,2026-02-02,0,19,48,135184
店舗07,2026-02-02,0,20,34,72243
店舗07,2026-02-02,0,21,29,80219
店舗07,2026-02-03,1,8,27,59272
店舗07,2026-02-03,1,9,35,88533
店舗07,2026-02-03,1,10,34,68420
店舗07,2026-02-03,1,11,51,126173
店舗07,2026-02-03,1,12,48,128947
店舗07,2026-02-03,1,13,44,103261
店舗07,2026-02-03,1,14,34,78158
店舗07,2026-02-03,1,15,27,55078
店舗07,2026-02-03,1,16,42,86896
店舗07,2026-02-03,1,17,45,119823
店舗07,2026-02-03,1,18,52,107540
店舗07,2026-02-03,1,19,53,115906
店舗07,2026-02-03,1,20,35,76543
店舗07,2026-02-03,1,21,30,68603
店舗07,2026-02-04,2,8,21,47154
店舗07,2026-02-04,2,9,29,66441
店舗07,2026-02-04,2,10,32,71686
店舗07,2026-02-04,2,11,39,96710
店舗07,2026-02-04,2,12,48,114915
店舗07,2026-02-04,2,13,43,101006
店舗07,2026-02-04,2,14,35,84338
店舗07,2026-02-04,2,15,42,100803
店舗07,2026-02-04,2,16,30,76780
店舗07,2026-02-04,2,17,56,146427
店舗07,2026-02-04,2,18,51,126477
店舗07,2026-02-04,2,19,48,118641
店舗07,2026-02-04,2,20,41,102957
店舗07,2026-02-04,2,21,40,91372
店舗07,2026-02-05,3,8,21,44002
店舗07,2026-02-05,3,9,30,71359
店舗07,2026-02-05,3,10,34,77129
店舗07,2026-02-05,3,11,46,107294
店舗07,2026-02-05,3,12,50,120555
店舗07,2026-02-05,3,13,38,78727
店舗07,2026-02-05,3,14,49,128187
店舗07,2026-02-05,3,15,30,70551
店舗07,2026-02-05,3,16,34,71870
店舗07,2026-02-05,3,17,53,132571
店舗07,2026-02-05,3,18,49,112373
店舗07,2026-02-05,3,19,45,106395
店舗07,2026-02-05,3,20,38,91974
店舗07,2026-02-05,3,21,27,60772
店舗07,2026-02-06,4,8,23,47586
店舗07,2026-02-06,4,9,34,71453
店舗07,2026-02-06,4,10,37,92176
店舗07,2026-02-06,4,11,43,113792
店舗07,2026-02-06,4,12,50,100666
店舗07,2026-02-06,4,13,41,101452
店舗07,2026-02-06,4,14,34,79575
店舗07,2026-02-06,4,15,33,74180
店舗07,2026-02-06,4,16,37,79120
店舗07,2026-02-06,4,17,48,98833
店舗07,2026-02-06,4,18,57,132141
店舗07,2026-02-06,4,19,51,122863
店舗07,2026-02-06,4,20,41,94185
店舗07,2026-02-06,4,21,30,73241
店舗07,2026-02-07,5,8,36,92640
店舗07,2026-02-07,5,9,35,78210
店舗07,2026-02-07,5,10,44,97380
店舗07,2026-02-07,5,11,45,93201
店舗07,2026-02-07,5,12,66,147301
店舗07,2026-02-07,5,13,55,128757
店舗07,2026-02-07,5,14,39,91683
店舗07,2026-02-07,5,15,47,112770
店舗07,2026-02-07,5,16,41,89286
店舗07,2026-02-07,5,17,63,166554
店舗07,2026-02-07,5,18,66,151499
店舗07,2026-02-07,5,19,54,127404
店舗07,2026-02-07,5,20,47,103151
店舗07,2026-02-07,5,21,34,88570
店舗07,2026-02-08,6,8,42,99568
店舗07,2026-02-08,6,9,35,82261
店舗07,2026-02-08,6,10,42,97966
店舗07,2026-02-08,6,11,52,120425
店舗07,2026-02-08,6,12,58,132985
店舗07,2026-02-08,6,13,57,115782
店舗07,2026-02-08,6,14,51,121094
店舗07,2026-02-08,6,15,43,95570
店舗07,2026-02-08,6,16,42,90896
店舗07,2026-02-08,6,17,61,136940
店舗07,2026-02-08,6,18,68,130817
店舗07,2026-02-08,6,19,63,146111
店舗07,2026-02-08,6,20,42,93734
店舗07,2026-02-08,6,21,32,81290
店舗07,2026-02-09,0,8,26,58926
店舗07,2026-02-09,0,9,24,61541
店舗07,2026-02-09,0,10,39,82542
店舗07,2026-02-09,0,11,44,93927
店舗07,2026-02-09,0,12,40,92854
店舗07,2026-02-09,0,13,46,115347
店舗07,2026-02-09,0,14,30,70813
店舗07,2026-02-09,0,15,33,76292
店舗07,2026-02-09,0,16,35,63238
店舗07,2026-02-09,0,17,49,102059
店舗07,2026-02-09,0,18,55,124822
店舗07,2026-02-09,0,19,44,107652
店舗07,2026-02-09,0,20,34,73187
店舗07,2026-02-09,0,21,29,67380
店舗07,2026-02-10,1,8,31,69125
店舗07,2026-02-10,1,9,32,66322
店舗07,2026-02-10,1,10,37,81917
店舗07,2026-02-10,1,11,46,111532
店舗07,2026-02-10,1,12,41,95587
店舗07,2026-02-10,1,13,44,85063
店舗07,2026-02-10,1,14,30,76921
店舗07,2026-02-10,1,15,32,69966
店舗07,2026-02-10,1,16,33,78739
店舗07,2026-02-10,1,17,54,125104
店舗07,2026-02-10,1,18,54,113404
店舗07,2026-02-10,1,19,48,109579
店舗07,2026-02-10,1,20,35,84310
店舗07,2026-02-10,1,21,30,76679
店舗07,2026-02-11,2,8,30,76356
店舗07,2026-02-11,2,9,29,67092
店舗07,2026-02-11,2,10,38,94720
店舗07,2026-02-11,2,11,47,105684
店舗07,2026-02-11,2,12,51,129175
店舗07,2026-02-11,2,13,45,111528
店舗07,2026-02-11,2,14,33,78728
店舗07,2026-02-11,2,15,28,68192
店舗07,2026-02-11,2,16,33,75008
店舗07,2026-02-11,2,17,45,106419
店舗07,2026-02-11,2,18,54,118928
店舗07,2026-02-11,2,19,44,121521
店舗07,2026-02-11,2,20,36,77010
店舗07,2026-02-11,2,21,34,77396
店舗07,2026-02-12,3,8,22,55081
店舗07,2026-02-12,3,9,33,83107
店舗07,2026-02-12,3,10,37,102907
店舗07,2026-02-12,3,11,41,94461
店舗07,2026-02-12,3,12,57,152398
店舗07,2026-02-12,3,13,41,91350
店舗07,2026-02-12,3,14,33,72896
店舗07,2026-02-12,3,15,32,74558
店舗07,2026-02-12,3,16,41,84073
店舗07,2026-02-12,3,17,43,98771
店舗07,2026-02-12,3,18,51,113993
店舗07,2026-02-12,3,19,48,110901
店舗07,2026-02-12,3,20,38,83359
店舗07,2026-02-12,3,21,29,65625
店舗07,2026-02-13,4,8,25,57664
店舗07,2026-02-13,4,9,30,64320
店舗07,2026-02-13,4,10,40,90602
店舗07,2026-02-13,4,11,42,108383
店舗07,2026-02-13,4,12,45,117073
店舗07,2026-02-13,4,13,43,111886
店舗07,2026-02-13,4,14,37,102078
店舗07,2026-02-13,4,15,34,78253
店舗07,2026-02-13,4,16,39,105024
店舗07,2026-02-13,4,17,41,90479
店舗07,2026-02-13,4,18,57,117433
店舗07,2026-02-13,4,19,50,135630
店舗07,2026-02-13,4,20,41,99037
店舗07,2026-02-13,4,21,32,72550
店舗07,2026-02-14,5,8,30,67425
店舗07,2026-02-14,5,9,38,74695
店舗07,2026-02-14,5,10,43,101271
店舗07,2026-02-14,5,11,60,143005
店舗07,2026-02-14,5,12,55,111251
店舗07,2026-02-14,5,13,50,125302
店舗07,2026-02-14,5,14,50,103603
店舗07,2026-02-14,5,15,46,116538
店舗07,2026-02-14,5,16,37,81265
店舗07,2026-02-14,5,17,60,145464
店舗07,2026-02-14,5,18,54,123976
店舗07,2026-02-14,5,19,59,140203
店舗07,2026-02-14,5,20,43,92854
店舗07,2026-02-14,5,21,37,91048
店舗07,2026-02-15,6,8,37,87522
店舗07,2026-02-15,6,9,36,75243
店舗07,2026-02-15,6,10,46,109146
店舗07,2026-02-15,6,11,49,130945
店舗07,2026-02-15,6,12,61,140188
店舗07,2026-02-15,6,13,58,124798
店舗07,2026-02-15,6,14,54,120940
店舗07,2026-02-15,6,15,40,105381
店舗07,2026-02-15,6,16,43,101196
店舗07,2026-02-15,6,17,61,155436
店舗07,2026-02-15,6,18,63,149012
店舗07,2026-02-15,6,19,55,134918
店舗07,2026-02-15,6,20,44,105031
店舗07,2026-02-15,6,21,33,76001
店舗07,2026-02-16,0,8,28,65282
店舗07,2026-02-16,0,9,34,81675
店舗07,2026-02-16,0,10,33,72655
店舗07,2026-02-16,0,11,40,94820
店舗07,2026-02-16,0,12,49,112404
店舗07,2026-02-16,0,13,41,92317
店舗07,2026-02-16,0,14,34,88026
店舗07,2026-02-16,0,15,31,73447
店舗07,2026-02-16,0,16,40,91519
店舗07,2026-02-16,0,17,43,110116
店舗07,2026-02-16,0,18,53,124092
店舗07,2026-02-16,0,19,43,88150
店舗07,2026-02-16,0,20,34,83497
店舗07,2026-02-16,0,21,24,52473
店舗07,2026-02-17,1,8,26,59483
店舗07,2026-02-17,1,9,34,87545
店舗07,2026-02-17,1,10,44,90531
店舗07,2026-02-17,1,11,47,106609
店舗07,2026-02-17,1,12,51,121751
店舗07,2026-02-17,1,13,48,121967
店舗07,2026-02-17,1,14,35,81636
店舗07,2026-02-17,1,15,27,70603
店舗07,2026-02-17,1,16,40,91516
店舗07,2026-02-17,1,17,45,90861
店舗07,2026-02-17,1,18,57,120832
店舗07,2026-02-17,1,19,48,116130
店舗07,2026-02-17,1,20,40,98182
店舗07,2026-02-17,1,21,27,64880
店舗07,2026-02-18,2,8,22,57886
店舗07,2026-02-18,2,9,29,61265
店舗07,2026-02-18,2,10,33,77630
店舗07,2026-02-18,2,11,49,117151
店舗07,2026-02-18,2,12,46,106994
店舗07,2026-02-18,2,13,48,102961
店舗07,2026-02-18,2,14,34,82806
店舗07,2026-02-18,2,15,29,72060
店舗07,2026-02-18,2,16,34,87879
店舗07,2026-02-18,2,17,43,96955
店舗07,2026-02-18,2,18,51,121318
店舗07,2026-02-18,2,19,43,90258
店舗07,2026-02-18,2,20,39,93659
店舗07,2026-02-18,2,21,31,69396
店舗07,2026-02-19,3,8,29,81401
店舗07,2026-02-19,3,9,29,65418
店舗07,2026-02-19,3,10,25,63559
店舗07,2026-02-19,3,11,42,87876
店舗07,2026-02-19,3,12,43,104490
店舗07,2026-02-19,3,13,47,111181
店舗07,2026-02-19,3,14,41,99077
店舗07,2026-02-19,3,15,25,53195
店舗07,2026-02-19,3,16,36,91596
店舗07,2026-02-19,3,17,47,105276
店舗07,2026-02-19,3,18,46,115250
店舗07,2026-02-19,3,19,59,130798
店舗07,2026-02-19,3,20,45,111812
店舗07,2026-02-19,3,21,31,77154
店舗07,2026-02-20,4,8,27,67523
店舗07,2026-02-20,4,9,33,77452
店舗07,2026-02-20,4,10,31,72422
店舗07,2026-02-20,4,11,36,85697
店舗07,2026-02-20,4,12,47,99481
店舗07,2026-02-20,4,13,43,115989
店舗07,2026-02-20,4,14,38,96387
店舗07,2026-02-20,4,15,26,64247
店舗07,2026-02-20,4,16,35,80136
店舗07,2026-02-20,4,17,48,122003
店舗07,2026-02-20,4,18,57,150224
店舗07,2026-02-20,4,19,39,83271
店舗07,2026-02-20,4,20,30,73912
店舗07,2026-02-20,4,21,28,64708
店舗07,2026-02-21,5,8,36,74975
店舗07,2026-02-21,5,9,37,94934
店舗07,2026-02-21,5,10,44,97130
店舗07,2026-02-21,5,11,58,128617
店舗07,2026-02-21,5,12,54,110227
店舗07,2026-02-21,5,13,50,115350
店舗07,2026-02-21,5,14,40,95337
店舗07,2026-02-21,5,15,49,100117
店舗07,2026-02-21,5,16,47,111922
店舗07,2026-02-21,5,17,59,146823
店舗07,2026-02-21,5,18,66,171547
店舗07,2026-02-21,5,19,55,143853
店舗07,2026-02-21,5,20,49,119917
店舗07,2026-02-21,5,21,29,72303
店舗07,2026-02-22,6,8,38,84794
店舗07,2026-02-22,6,9,38,74301
店舗07,2026-02-22,6,10,46,102140
店舗07,2026-02-22,6,11,56,125573
店舗07,2026-02-22,6,12,64,161222
店舗07,2026-02-22,6,13,53,129481
店舗07,2026-02-22,6,14,43,98462
店舗07,2026-02-22,6,15,36,70132
店舗07,2026-02-22,6,16,47,93624
店舗07,2026-02-22,6,17,51,104717
店舗07,2026-02-22,6,18,67,154769
店舗07,2026-02-22,6,19,53,118293
店舗07,2026-02-22,6,20,46,107669
店舗07,2026-02-22,6,21,40,92184
店舗07,2026-02-23,0,8,20,44276
店舗07,2026-02-23,0,9,27,58325
店舗07,2026-02-23,0,10,36,100348
店舗07,2026-02-23,0,11,44,93009
店舗07,2026-02-23,0,12,53,132895
店舗07,2026-02-23,0,13,49,111381
店舗07,2026-02-23,0,14,35,93022
店舗07,2026-02-23,0,15,24,58365
店舗07,2026-02-23,0,16,35,87908
店舗07,2026-02-23,0,17,41,98334
店舗07,2026-02-23,0,18,54,130433
店舗07,2026-02-23,0,19,54,130923
店舗07,2026-02-23,0,20,37,94595
店舗07,2026-02-23,0,21,34,81162
店舗07,2026-02-24,1,8,30,71883
店舗07,2026-02-24,1,9,39,86392
店舗07,2026-02-24,1,10,41,95421
店舗07,2026-02-24,1,11,43,96818
店舗07,2026-02-24,1,12,50,118322
店舗07,2026-02-24,1,13,50,127311
店舗07,2026-02-24,1,14,43,102884
店舗07,2026-02-24,1,15,36,80858
店舗07,2026-02-24,1,16,38,88098
店舗07,2026-02-24,1,17,48,108990
店舗07,2026-02-24,1,18,52,125605
店舗07,2026-02-24,1,19,44,100734
店舗07,2026-02-24,1,20,34,74819
店舗07,2026-02-24,1,21,29,71208
店舗07,2026-02-25,2,8,29,62633
店舗07,2026-02-25,2,9,34,74385
店舗07,2026-02-25,2,10,41,98763
店舗07,2026-02-25,2,11,45,105541
店舗07,2026-02-25,2,12,50,119186
店舗07,2026-02-25,2,13,36,88016
店舗07,2026-02-25,2,14,35,87151
店舗07,2026-02-25,2,15,32,81092
店舗07,2026-02-25,2,16,38,90419
店舗07,2026-02-25,2,17,54,119967
店舗07,2026-02-25,2,18,52,110619
店舗07,2026-02-25,2,19,45,101943
店舗07,2026-02-25,2,20,35,82645
店舗07,2026-02-25,2,21,21,51080
店舗07,2026-02-26,3,8,19,47571
店舗07,2026-02-26,3,9,30,77517
店舗07,2026-02-26,3,10,36,94963
店舗07,2026-02-26,3,11,34,79411
店舗07,2026-02-26,3,12,55,134546
店舗07,2026-02-26,3,13,45,113616
店舗07,2026-02-26,3,14,36,101619
店舗07,2026-02-26,3,15,37,92025
店舗07,2026-02-26,3,16,35,79576
店舗07,2026-02-26,3,17,43,108930
店舗07,2026-02-26,3,18,54,130186
店舗07,2026-02-26,3,19,50,120086
店舗07,2026-02-26,3,20,36,86939
店舗07,2026-02-26,3,21,27,62274
店舗07,2026-02-27,4,8,26,71305
店舗07,2026-02-27,4,9,26,70630
店舗07,2026-02-27,4,10,34,80080
店舗07,2026-02-27,4,11,36,83064
店舗07,2026-02-27,4,12,46,109798
店舗07,2026-02-27,4,13,44,102421
店舗07,2026-02-27,4,14,41,98575
店舗07,2026-02-27,4,15,34,91136
店舗07,2026-02-27,4,16,38,85781
店舗07,2026-02-27,4,17,42,95169
店舗07,2026-02-27,4,18,53,119249
店舗07,2026-02-27,4,19,45,98343
店舗07,2026-02-27,4,20,39,101263
店舗07,2026-02-27,4,21,31,62220
店舗07,2026-02-28,5,8,28,62833
店舗07,2026-02-28,5,9,34,74905
店舗07,2026-02-28,5,10,44,103694
店舗07,2026-02-28,5,11,62,142739
店舗07,2026-02-28,5,12,59,134383
店舗07,2026-02-28,5,13,59,156318
店舗07,2026-02-28,5,14,42,107022
店舗07,2026-02-28,5,15,44,102672
店舗07,2026-02-28,5,16,45,113329
店舗07,2026-02-28,5,17,64,152687
店舗07,2026-02-28,5,18,65,123970
店舗07,2026-02-28,5,19,57,122653
店舗07,2026-02-28,5,20,48,101481
店舗07,2026-02-28,5,21,35,89840
店舗07,2026-03-01,6,8,32,77806
店舗07,2026-03-01,6,9,41,102625
店舗07,2026-03-01,6,10,44,89965
店舗07,2026-03-01,6,11,54,129680
店舗07,2026-03-01,6,12,55,140545
店舗07,2026-03-01,6,13,50,113376
店舗07,2026-03-01,6,14,53,130888
店舗07,2026-03-01,6,15,36,80136
店舗07,2026-03-01,6,16,43,102477
店舗07,2026-03-01,6,17,56,127930
店舗07,2026-03-01,6,18,62,143693
店舗07,2026-03-01,6,19,52,125443
店舗07,2026-03-01,6,20,50,115851
店舗07,2026-03-01,6,21,40,86914
店舗08,2026-01-05,0,8,29,62722
店舗08,2026-01-05,0,9,31,65800
店舗08,2026-01-05,0,10,38,96927
店舗08,2026-01-05,0,11,46,116539
店舗08,2026-01-05,0,12,51,116333
店舗08,2026-01-05,0,13,52,112380
店舗08,2026-01-05,0,14,44,107652
店舗08,2026-01-05,0,15,36,98421
店舗08,2026-01-05,0,16,45,101597
店舗08,2026-01-05,0,17,50,116010
店舗08,2026-01-05,0,18,60,148988
店舗08,2026-01-05,0,19,51,118206
店舗08,2026-01-05,0,20,39,93398
店舗08,2026-01-05,0,21,35,77527
店舗08,2026-01-06,1,8,29,65809
店舗08,2026-01-06,1,9,31,83144
店舗08,2026-01-06,1,10,31,72716
店舗08,2026-01-06,1,11,47,102305
店舗08,2026-01-06,1,12,44,92482
店舗08,2026-01-06,1,13,42,94923
店舗08,2026-01-06,1,14,47,104238
店舗08,2026-01-06,1,15,39,98780
店舗08,2026-01-06,1,16,34,75534
店舗08,2026-01-06,1,17,57,126137
店舗08,2026-01-06,1,18,54,130978
店舗08,2026-01-06,1,19,52,114278
店舗08,2026-01-06,1,20,36,85996
店舗08,2026-01-06,1,21,30,70380
店舗08,2026-01-07,2,8,25,67135
店舗08,2026-01-07,2,9,36,84794
店舗08,2026-01-07,2,10,38,79038
店舗08,2026-01-07,2,11,51,120567
店舗08,2026-01-07,2,12,51,108384
店舗08,2026-01-07,2,13,50,133161
店舗08,2026-01-07,2,14,36,88951
店舗08,2026-01-07,2,15,34,91234
店舗08,2026-01-07,2,16,37,95213
店舗08,2026-01-07,2,17,46,111258
店舗08,2026-01-07,2,18,56,145430
店舗08,2026-01-07,2,19,49,127317
店舗08,2026-01-07,2,20,43,110353
店舗08,2026-01-07,2,21,33,74902
店舗08,2026-01-08,3,8,31,74034
店舗08,2026-01-08,3,9,34,81495
店舗08,2026-01-08,3,10,40,92071
店舗08,2026-01-08,3,11,49,119935
店舗08,2026-01-08,3,12,52,133032
店舗08,2026-01-08,3,13,45,113772
店舗08,2026-01-08,3,14,39,105107
店舗08,2026-01-08,3,15,32,88625
店舗08,2026-01-08,3,16,31,76406
店舗08,2026-01-08,3,17,57,136544
店舗08,2026-01-08,3,18,52,119706
店舗08,2026-01-08,3,19,48,109960
店舗08,2026-01-08,3,20,35,83951
店舗08,2026-01-08,3,21,27,55391
店舗08,2026-01-09,4,8,30,73372
店舗08,2026-01-09,4,9,34,89525
店舗08,2026-01-09,4,10,42,118960
店舗08,2026-01-09,4,11,39,76226
店舗08,2026-01-09,4,12,50,122038
店舗08,2026-01-09,4,13,49,112766
店舗08,2026-01-09,4,14,35,78830
店舗08,2026-01-09,4,15,38,85971
店舗08,2026-01-09,4,16,38,93200
店舗08,2026-01-09,4,17,54,117962
店舗08,2026-01-09,4,18,51,122646
店舗08,2026-01-09,4,19,46,119225
店舗08,2026-01-09,4,20,46,102901
店舗08,2026-01-09,4,21,22,55961
店舗08,2026-01-10,5,8,32,80822
店舗08,2026-01-10,5,9,38,83759
店舗08,2026-01-10,5,10,45,120572
店舗08,2026-01-10,5,11,65,148236
店舗08,2026-01-10,5,12,67,137844
店舗08,2026-01-10,5,13,54,141846
店舗08,2026-01-10,5,14,48,94759
店舗08,2026-01-10,5,15,38,95689
店舗08,2026-01-10,5,16,51,117092
店舗08,2026-01-10,5,17,64,137388
店舗08,2026-01-10,5,18,70,169194
店舗08,2026-01-10,5,19,62,146839
店舗08,2026-01-10,5,20,49,103383
店舗08,2026-01-10,5,21,42,101126
店舗08,2026-01-11,6,8,38,88548
店舗08,2026-01-11,6,9,39,83591
店舗08,2026-01-11,6,10,49,100737
店舗08,2026-01-11,6,11,55,124814
店舗08,2026-01-11,6,12,62,137784
店舗08,2026-01-11,6,13,56,125378
店舗08,2026-01-11,6,14,52,124117
店舗08,2026-01-11,6,15,48,124898
店舗08,2026-01-11,6,16,50,114776
店舗08,2026-01-11,6,17,62,157916
店舗08,2026-01-11,6,18,69,119368
店舗08,2026-01-11,6,19,64,146930
店舗08,2026-01-11,6,20,51,125615
店舗08,2026-01-11,6,21,43,91240
店舗08,2026-01-12,0,8,29,67330
店舗08,2026-01-12,0,9,33,85334
店舗08,2026-01-12,0,10,43,106651
店舗08,2026-01-12,0,11,41,97576
店舗08,2026-01-12,0,12,50,113017
店舗08,2026-01-12,0,13,52,140034
店舗08,2026-01-12,0,14,39,95458
店舗08,2026-01-12,0,15,35,98574
店舗08,2026-01-12,0,16,35,78432
店舗08,2026-01-12,0,17,56,139685
店舗08,2026-01-12,0,18,53,116309
店舗08,2026-01-12,0,19,51,132798
店舗08,2026-01-12,0,20,38,92799
店舗08,2026-01-12,0,21,29,67398
店舗08,2026-01-13,1,8,24,58535
店舗08,2026-01-13,1,9,36,88919
店舗08,2026-01-13,1,10,37,97286
店舗08,2026-01-13,1,11,51,133173
店舗08,2026-01-13,1,12,49,118571
店舗08,2026-01-13,1,13,41,88033
店舗08,2026-01-13,1,14,33,76908
店舗08,2026-01-13,1,15,29,68930
店舗08,2026-01-13,1,16,39,99949
店舗08,2026-01-13,1,17,52,115680
店舗08,2026-01-13,1,18,58,136397
店舗08,2026-01-13,1,19,46,104256
店舗08,2026-01-13,1,20,38,94800
店舗08,2026-01-13,1,21,38,93912
店舗08,2026-01-14,2,8,31,71141
店舗08,2026-01-14,2,9,29,64497
店舗08,2026-01-14,2,10,28,60716
店舗08,2026-01-14,2,11,47,107265
店舗08,2026-01-14,2,12,51,101918
店舗08,2026-01-14,2,13,51,118738
店舗08,2026-01-14,2,14,31,70540
店舗08,2026-01-14,2,15,36,75409
店舗08,2026-01-14,2,16,49,104091
店舗08,2026-01-14,2,17,46,99522
店舗08,2026-01-14,2,18,54,133083
店舗08,2026-01-14,2,19,48,104072
店舗08,2026-01-14,2,20,40,97657
店舗08,2026-01-14,2,21,32,74552
店舗08,2026-01-15,3,8,29,67202
店舗08,2026-01-15,3,9,41,97676
店舗08,2026-01-15,3,10,38,91050
店舗08,2026-01-15,3,11,49,119041
店舗08,2026-01-15,3,12,48,120594
店舗08,2026-01-15,3,13,42,101358
店舗08,2026-01-15,3,14,39,98392
店舗08,2026-01-15,3,15,34,77011
店舗08,2026-01-15,3,16,39,94200
店舗08,2026-01-15,3,17,51,119017
店舗08,2026-01-15,3,18,60,133718
店舗08,2026-01-15,3,19,53,113794
店舗08,2026-01-15,3,20,39,97074
店舗08,2026-01-15,3,21,25,54074
店舗08,2026-01-16,4,8,31,63059
店舗08,2026-01-16,4,9,34,78538
店舗08,2026-01-16,4,10,35,79133
店舗08,2026-01-16,4,11,48,105831
店舗08,2026-01-16,4,12,48,115796
店舗08,2026-01-16,4,13,43,85652
店舗08,2026-01-16,4,14,40,94569
店舗08,2026-01-16,4,15,30,70569
店舗08,2026-01-16,4,16,41,97071
店舗08,2026-01-16,4,17,53,123527
店舗08,2026-01-16,4,18,59,139167
店舗08,2026-01-16,4,19,55,120359
店舗08,2026-01-16,4,20,38,97438
店舗08,2026-01-16,4,21,30,61287
店舗08,2026-01-17,5,8,27,73540
店舗08,2026-01-17,5,9,36,86864
店舗08,2026-01-17,5,10,42,96196
店舗08,2026-01-17,5,11,50,98555
店舗08,2026-01-17,5,12,55,139361
店舗08,2026-01-17,5,13,58,146287
店舗08,2026-01-17,5,14,47,107924
店舗08,2026-01-17,5,15,41,105235
店舗08,2026-01-17,5,16,55,143603
店舗08,2026-01-17,5,17,59,138694
店舗08,2026-01-17,5,18,70,142736
店舗08,2026-01-17,5,19,66,148458
店舗08,2026-01-17,5,20,41,88205
店舗08,2026-01-17,5,21,35,83772
店舗08,2026-01-18,6,8,32,65153
店舗08,2026-01-18,6,9,40,91597
店舗08,2026-01-18,6,10,44,115002
店舗08,2026-01-18,6,11,61,136941
店舗08,2026-01-18,6,12,61,147766
店舗08,2026-01-18,6,13,56,125717
店舗08,2026-01-18,6,14,48,101383
店舗08,2026-01-18,6,15,44,101790
店舗08,2026-01-18,6,16,50,114216
店舗08,2026-01-18,6,17,63,154707
店舗08,2026-01-18,6,18,66,148055
店舗08,2026-01-18,6,19,58,152222
店舗08,2026-01-18,6,20,48,112926
店舗08,2026-01-18,6,21,41,91836
店舗08,2026-01-19,0,8,26,64716
店舗08,2026-01-19,0,9,22,51075
店舗08,2026-01-19,0,10,38,86977
店舗08,2026-01-19,0,11,39,71776
店舗08,2026-01-19,0,12,46,110437
店舗08,2026-01-19,0,13,43,86168
店舗08,2026-01-19,0,14,37,99990
店舗08,2026-01-19,0,15,34,85036
店舗08,2026-01-19,0,16,39,90141
店舗08,2026-01-19,0,17,52,124902
店舗08,2026-01-19,0,18,55,125824
店舗08,2026-01-19,0,19,48,123438
店舗08,2026-01-19,0,20,34,88675
店舗08,2026-01-19,0,21,27,65924
店舗08,2026-01-20,1,8,26,61256
店舗08,2026-01-20,1,9,31,78103
店舗08,2026-01-20,1,10,40,85897
店舗08,2026-01-20,1,11,47,113353
店舗08,2026-01-20,1,12,47,123913
店舗08,2026-01-20,1,13,43,95460
店舗08,2026-01-20,1,14,37,84740
店舗08,2026-01-20,1,15,38,89540
店舗08,2026-01-20,1,16,42,104922
店舗08,2026-01-20,1,17,51,125305
店舗08,2026-01-20,1,18,58,128169
店舗08,2026-01-20,1,19,48,106694
店舗08,2026-01-20,1,20,32,79093
店舗08,2026-01-20,1,21,26,59973
店舗08,2026-01-21,2,8,28,66717
店舗08,2026-01-21,2,9,26,63532
店舗08,2026-01-21,2,10,32,73860
店舗08,2026-01-21,2,11,45,107797
店舗08,2026-01-21,2,12,56,115477
店舗08,2026-01-21,2,13,36,93631
店舗08,2026-01-21,2,14,30,83657
店舗08,2026-01-21,2,15,40,101806
店舗08,2026-01-21,2,16,37,84554
店舗08,2026-01-21,2,17,53,120510
店舗08,2026-01-21,2,18,52,127229
店舗08,2026-01-21,2,19,48,113725
店舗08,2026-01-21,2,20,36,81415
店舗08,2026-01-21,2,21,30,68558
店舗08,2026-01-22,3,8,28,68090
店舗08,2026-01-22,3,9,33,79070
店舗08,2026-01-22,3,10,31,82862
店舗08,2026-01-22,3,11,43,92362
店舗08,2026-01-22,3,12,51,106761
店舗08,2026-01-22,3,13,44,116245
店舗08,2026-01-22,3,14,35,81543
店舗08,2026-01-22,3,15,33,79166
店舗08,2026-01-22,3,16,44,98996
店舗08,2026-01-22,3,17,44,108021
店舗08,2026-01-22,3,18,57,144843
店舗08,2026-01-22,3,19,44,84766
店舗08,2026-01-22,3,20,50,122242
店舗08,2026-01-22,3,21,32,66955
店舗08,2026-01-23,4,8,26,69259
店舗08,2026-01-23,4,9,29,61746
店舗08,2026-01-23,4,10,36,82556
店舗08,2026-01-23,4,11,45,96115
店舗08,2026-01-23,4,12,50,119879
店舗08,2026-01-23,4,13,48,123245
店舗08,2026-01-23,4,14,39,86055
店舗08,2026-01-23,4,15,28,65125
店舗08,2026-01-23,4,16,40,87544
店舗08,2026-01-23,4,17,53,107447
店舗08,2026-01-23,4,18,49,106471
店舗08,2026-01-23,4,19,53,140040
店舗08,2026-01-23,4,20,38,87867
店舗08,2026-01-23,4,21,33,76385
店舗08,2026-01-24,5,8,35,92444
店舗08,2026-01-24,5,9,44,90822
店舗08,2026-01-24,5,10,57,130120
店舗08,2026-01-24,5,11,60,135629
店舗08,2026-01-24,5,12,64,160434
店舗08,2026-01-24,5,13,53,124982
店舗08,2026-01-24,5,14,46,119635
店舗08,2026-01-24,5,15,42,103282
店舗08,2026-01-24,5,16,40,89570
店舗08,2026-01-24,5,17,65,155087
店舗08,2026-01-24,5,18,74,185461
店舗08,2026-01-24,5,19,60,145411
店舗08,2026-01-24,5,20,45,118153
店舗08,2026-01-24,5,21,39,96813
店舗08,2026-01-25,6,8,34,76603
店舗08,2026-01-25,6,9,42,94921
店舗08,2026-01-25,6,10,42,107398
店舗08,2026-01-25,6,11,60,149201
店舗08,2026-01-25,6,12,70,178549
店舗08,2026-01-25,6,13,58,130480
店舗08,2026-01-25,6,14,45,94309
店舗08,2026-01-25,6,15,44,102877
店舗08,2026-01-25,6,16,43,89262
店舗08,2026-01-25,6,17,62,136503
店舗08,2026-01-25,6,18,70,192084
店舗08,2026-01-25,6,19,49,138543
店舗08,2026-01-25,6,20,40,92517
店舗08,2026-01-25,6,21,35,84042
店舗08,2026-01-26,0,8,21,49009
店舗08,2026-01-26,0,9,28,58793
店舗08,2026-01-26,0,10,37,84697
店舗08,2026-01-26,0,11,41,100182
店舗08,2026-01-26,0,12,52,112226
店舗08,2026-01-26,0,13,46,100110
店舗08,2026-01-26,0,14,39,101956
店舗08,2026-01-26,0,15,30,72617
店舗08,2026-01-26,0,16,38,88273
店舗08,2026-01-26,0,17,52,122532
店舗08,2026-01-26,0,18,55,149679
店舗08,2026-01-26,0,19,53,125802
店舗08,2026-01-26,0,20,34,86800
店舗08,2026-01-26,0,21,29,66881
店舗08,2026-01-27,1,8,25,63508
店舗08,2026-01-27,1,9,32,74954
店舗08,2026-01-27,1,10,35,68831
店舗08,2026-01-27,1,11,43,94138
店舗08,2026-01-27,1,12,51,127300
店舗08,2026-01-27,1,13,52,114872
店舗08,2026-01-27,1,14,38,88951
店舗08,2026-01-27,1,15,35,83091
店舗08,2026-01-27,1,16,33,72205
店舗08,2026-01-27,1,17,41,106261
店舗08,2026-01-27,1,18,58,128496
店舗08,2026-01-27,1,19,57,148431
店舗08,2026-01-27,1,20,38,90221
店舗08,2026-01-27,1,21,32,71318
店舗08,2026-01-28,2,8,29,77600
店舗08,2026-01-28,2,9,27,56809
店舗08,2026-01-28,2,10,38,84095
店舗08,2026-01-28,2,11,39,96496
店舗08,2026-01-28,2,12,46,108483
店舗08,2026-01-28,2,13,53,126186
店舗08,2026-01-28,2,14,46,112743
店舗08,2026-01-28,2,15,34,82014
店舗08,2026-01-28,2,16,44,110567
店舗08,2026-01-28,2,17,48,111428
店舗08,2026-01-28,2,18,60,155536
店舗08,2026-01-28,2,19,47,102801
店舗08,2026-01-28,2,20,42,91673
店舗08,2026-01-28,2,21,33,74312
店舗08,2026-01-29,3,8,35,73038
店舗08,2026-01-29,3,9,33,65234
店舗08,2026-01-29,3,10,44,111100
店舗08,2026-01-29,3,11,42,86838
店舗08,2026-01-29,3,12,60,131027
店舗08,2026-01-29,3,13,47,96593
店舗08,2026-01-29,3,14,34,85989
店舗08,2026-01-29,3,15,33,77659
店舗08,2026-01-29,3,16,37,86537
店舗08,2026-01-29,3,17,47,105284
店舗08,2026-01-29,3,18,53,134509
店舗08,2026-01-29,3,19,46,98210
店舗08,2026-01-29,3,20,38,104042
店舗08,2026-01-29,3,21,31,73345
店舗08,2026-01-30,4,8,29,65758
店舗08,2026-01-30,4,9,33,82574
店舗08,2026-01-30,4,10,40,100436
店舗08,2026-01-30,4,11,51,141192
店舗08,2026-01-30,4,12,55,122622
店舗08,2026-01-30,4,13,49,132087
店舗08,2026-01-30,4,14,34,83315
店舗08,2026-01-30,4,15,37,85520
店舗08,2026-01-30,4,16,41,85942
店舗08,2026-01-30,4,17,51,121247
店舗08,2026-01-30,4,18,63,143713
店舗08,2026-01-30,4,19,50,119282
店舗08,2026-01-30,4,20,47,110990
店舗08,2026-01-30,4,21,39,89490
店舗08,2026-01-31,5,8,29,64283
店舗08,2026-01-31,5,9,32,73109
店舗08,2026-01-31,5,10,46,117875
店舗08,2026-01-31,5,11,58,126975
店舗08,2026-01-31,5,12,65,169027
店舗08,2026-01-31,5,13,58,123097
店舗08,2026-01-31,5,14,51,136198
店舗08,2026-01-31,5,15,40,92834
店舗08,2026-01-31,5,16,46,105115
店舗08,2026-01-31,5,17,62,156904
店舗08,2026-01-31,5,18,70,153612
店舗08,2026-01-31,5,19,58,134353
店舗08,2026-01-31,5,20,54,145902
店舗08,2026-01-31,5,21,39,82091
店舗08,2026-02-01,6,8,36,79481
店舗08,2026-02-01,6,9,32,77415
店舗08,2026-02-01,6,10,43,100976
店舗08,2026-02-01,6,11,60,140345
店舗08,2026-02-01,6,12,64,142768
店舗08,2026-02-01,6,13,60,144587
店舗08,2026-02-01,6,14,45,103490
店舗08,2026-02-01,6,15,38,82841
店舗08,2026-02-01,6,16,50,113548
店舗08,2026-02-01,6,17,66,142037
店舗08,2026-02-01,6,18,67,149979
店舗08,2026-02-01,6,19,57,141279
店舗08,2026-02-01,6,20,47,118772
店舗08,2026-02-01,6,21,47,94337
店舗08,2026-02-02,0,8,23,61308
店舗08,2026-02-02,0,9,33,80112
店舗08,2026-02-02,0,10,40,96158
店舗08,2026-02-02,0,11,48,104455
店舗08,2026-02-02,0,12,53,130853
店舗08,2026-02-02,0,13,53,127703
店舗08,2026-02-02,0,14,33,88079
店舗08,2026-02-02,0,15,36,82936
店舗08,2026-02-02,0,16,37,92040
店舗08,2026-02-02,0,17,52,114565
店舗08,2026-02-02,0,18,55,121632
店舗08,2026-02-02,0,19,49,131417
店舗08,2026-02-02,0,20,37,72794
店舗08,2026-02-02,0,21,33,76772
店舗08,2026-02-03,1,8,27,58848
店舗08,2026-02-03,1,9,32,65191
店舗08,2026-02-03,1,10,39,100117
店舗08,2026-02-03,1,11,42,91207
店舗08,2026-02-03,1,12,46,120699
店舗08,2026-02-03,1,13,39,94347
店舗08,2026-02-03,1,14,39,88499
店舗08,2026-02-03,1,15,30,76368
店舗08,2026-02-03,1,16,40,97446
店舗08,2026-02-03,1,17,51,115550
店舗08,2026-02-03,1,18,55,140783
店舗08,2026-02-03,1,19,45,104063
店舗08,2026-02-03,1,20,42,112929
店舗08,2026-02-03,1,21,28,72226
店舗08,2026-02-04,2,8,29,73602
店舗08,2026-02-04,2,9,27,66123
店舗08,2026-02-04,2,10,42,98548
店舗08,2026-02-04,2,11,40,98922
店舗08,2026-02-04,2,12,51,111384
店舗08,2026-02-04,2,13,47,105724
店舗08,2026-02-04,2,14,38,77330
店舗08,2026-02-04,2,15,35,75324
店舗08,2026-02-04,2,16,29,73522
店舗08,2026-02-04,2,17,51,127778
店舗08,2026-02-04,2,18,59,140715
店舗08,2026-02-04,2,19,48,116437
店舗08,2026-02-04,2,20,44,102585
店舗08,2026-02-04,2,21,33,79811
店舗08,2026-02-05,3,8,39,103252
店舗08,2026-02-05,3,9,28,76849
店舗08,2026-02-05,3,10,37,85435
店舗08,2026-02-05,3,11,47,101285
店舗08,2026-02-05,3,12,52,111328
店舗08,2026-02-05,3,13,48,132498
店舗08,2026-02-05,3,14,34,89381
店舗08,2026-02-05,3,15,35,78271
店舗08,2026-02-05,3,16,37,83510
店舗08,2026-02-05,3,17,45,102166
店舗08,2026-02-05,3,18,56,143330
店舗08,2026-02-05,3,19,54,112532
店舗08,2026-02-05,3,20,37,91685
店舗08,2026-02-05,3,21,28,70508
店舗08,2026-02-06,4,8,27,59672
店舗08,2026-02-06,4,9,32,72188
店舗08,2026-02-06,4,10,36,77668
店舗08,2026-02-06,4,11,46,104823
店舗08,2026-02-06,4,12,54,129277
店舗08,2026-02-06,4,13,48,107510
店舗08,2026-02-06,4,14,32,69861
店舗08,2026-02-06,4,15,32,80851
店舗08,2026-02-06,4,16,43,118170
店舗08,2026-02-06,4,17,56,147640
店舗08,2026-02-06,4,18,55,133938
店舗08,2026-02-06,4,19,49,113947
店舗08,2026-02-06,4,20,36,69307
店舗08,2026-02-06,4,21,28,60380
店舗08,2026-02-07,5,8,37,77284
店舗08,2026-02-07,5,9,41,93397
店舗08,2026-02-07,5,10,46,98245
店舗08,2026-02-07,5,11,57,136637
店舗08,2026-02-07,5,12,63,140765
店舗08,2026-02-07,5,13,60,148438
店舗08,2026-02-07,5,14,45,109064
店舗08,2026-02-07,5,15,47,105674
店舗08,2026-02-07,5,16,42,88742
店舗08,2026-02-07,5,17,67,148665
店舗08,2026-02-07,5,18,66,147771
店舗08,2026-02-07,5,19,61,129295
店舗08,2026-02-07,5,20,51,118521
店舗08,2026-02-07,5,21,33,86994
店舗08,2026-02-08,6,8,41,93312
店舗08,2026-02-08,6,9,35,76518
店舗08,2026-02-08,6,10,46,108271
店舗08,2026-02-08,6,11,65,149714
店舗08,2026-02-08,6,12,61,136474
店舗08,2026-02-08,6,13,55,129221
店舗08,2026-02-08,6,14,47,117259
店舗08,2026-02-08,6,15,45,105671
店舗08,2026-02-08,6,16,49,113022
店舗08,2026-02-08,6,17,62,143936
店舗08,2026-02-08,6,18,67,156133
店舗08,2026-02-08,6,19,60,134965
店舗08,2026-02-08,6,20,50,124953
店舗08,2026-02-08,6,21,36,88919
店舗08,2026-02-09,0,8,21,52484
店舗08,2026-02-09,0,9,28,67474
店舗08,2026-02-09,0,10,35,77472
店舗08,2026-02-09,0,11,49,106922
店舗08,2026-02-09,0,12,50,114092
店舗08,2026-02-09,0,13,54,134869
店舗08,2026-02-09,0,14,42,84825
店舗08,2026-02-09,0,15,32,76561
店舗08,2026-02-09,0,16,35,84588
店舗08,2026-02-09,0,17,50,113361
店舗08,2026-02-09,0,18,55,114707
店舗08,2026-02-09,0,19,51,110221
店舗08,2026-02-09,0,20,34,79994
店舗08,2026-02-09,0,21,27,68861
店舗08,2026-02-10,1,8,29,63294
店舗08,2026-02-10,1,9,39,81905
店舗08,2026-02-10,1,10,35,88251
店舗08,2026-02-10,1,11,43,108517
店舗08,2026-02-10,1,12,54,130121
店舗08,2026-02-10,1,13,44,105655
店舗08,2026-02-10,1,14,33,85437
店舗08,2026-02-10,1,15,34,82079
店舗08,2026-02-10,1,16,44,118888
店舗08,2026-02-10,1,17,43,98608
店舗08,2026-02-10,1,18,58,131140
店舗08,2026-02-10,1,19,56,123375
店舗08,2026-02-10,1,20,38,84173
店舗08,2026-02-10,1,21,30,75653
店舗08,2026-02-11,2,8,26,48854
店舗08,2026-02-11,2,9,28,62495
店舗08,2026-02-11,2,10,39,84070
店舗08,2026-02-11,2,11,42,90266
店舗08,2026-02-11,2,12,48,107639
店舗08,2026-02-11,2,13,42,95997
店舗08,2026-02-11,2,14,36,89842
店舗08,2026-02-11,2,15,39,83560
店舗08,2026-02-11,2,16,39,87607
店舗08,2026-02-11,2,17,49,130434
店舗08,2026-02-11,2,18,52,121007
店舗08,2026-02-11,2,19,44,97165
店舗08,2026-02-11,2,20,37,84249
店舗08,2026-02-11,2,21,25,55933
店舗08,2026-02-12,3,8,31,65271
店舗08,2026-02-12,3,9,33,72903
店舗08,2026-02-12,3,10,39,80972
店舗08,2026-02-12,3,11,47,110921
店舗08,2026-02-12,3,12,54,123699
店舗08,2026-02-12,3,13,51,136748
店舗08,2026-02-12,3,14,35,81533
店舗08,2026-02-12,3,15,34,83539
店舗08,2026-02-12,3,16,42,94449
店舗08,2026-02-12,3,17,50,106548
店舗08,2026-02-12,3,18,52,116093
店舗08,2026-02-12,3,19,53,131704
店舗08,2026-02-12,3,20,40,96972
店舗08,2026-02-12,3,21,33,80374
店舗08,2026-02-13,4,8,23,50778
店舗08,2026-02-13,4,9,36,95319
店舗08,2026-02-13,4,10,29,76318
店舗08,2026-02-13,4,11,50,122058
店舗08,2026-02-13,4,12,56,133714
店舗08,2026-02-13,4,13,45,109927
店舗08,2026-02-13,4,14,37,91330
店舗08,2026-02-13,4,15,32,68945
店舗08,2026-02-13,4,16,38,90699
店舗08,2026-02-13,4,17,47,93558
店舗08,2026-02-13,4,18,53,135972
店舗08,2026-02-13,4,19,52,148865
店舗08,2026-02-13,4,20,44,104457
店舗08,2026-02-13,4,21,26,53736
店舗08,2026-02-14,5,8,36,87183
店舗08,2026-02-14,5,9,36,85853
店舗08,2026-02-14,5,10,47,109338
店舗08,2026-02-14,5,11,53,127218
店舗08,2026-02-14,5,12,62,140789
店舗08,2026-02-14,5,13,60,148316
店舗08,2026-02-14,5,14,43,101821
店舗08,2026-02-14,5,15,43,94026
店舗08,2026-02-14,5,16,53,132023
店舗08,2026-02-14,5,17,65,149584
店舗08,2026-02-14,5,18,66,175792
店舗08,2026-02-14,5,19,55,139224
店舗08,2026-02-14,5,20,47,123190
店舗08,2026-02-14,5,21,38,99739
店舗08,2026-02-15,6,8,29,65094
店舗08,2026-02-15,6,9,30,75215
店舗08,2026-02-15,6,10,44,110571
店舗08,2026-02-15,6,11,58,131546
店舗08,2026-02-15,6,12,58,137237
店舗08,2026-02-15,6,13,56,124524
店舗08,2026-02-15,6,14,42,100243
店舗08,2026-02-15,6,15,42,96895
店舗08,2026-02-15,6,16,46,110533
店舗08,2026-02-15,6,17,69,171564
店舗08,2026-02-15,6,18,74,162996
店舗08,2026-02-15,6,19,61,152771
店舗08,2026-02-15,6,20,50,128402
店舗08,2026-02-15,6,21,43,103646
店舗08,2026-02-16,0,8,23,57045
店舗08,2026-02-16,0,9,33,83485
店舗08,2026-02-16,0,10,39,81311
店舗08,2026-02-16,0,11,39,96206
店舗08,2026-02-16,0,12,55,116960
店舗08,2026-02-16,0,13,42,95268
店舗08,2026-02-16,0,14,40,90810
店舗08,2026-02-16,0,15,39,99384
店舗08,2026-02-16,0,16,35,90981
店舗08,2026-02-16,0,17,56,130009
店舗08,2026-02-16,0,18,53,115160
店舗08,2026-02-16,0,19,50,125131
店舗08,2026-02-16,0,20,44,99554
店舗08,2026-02-16,0,21,31,69305
店舗08,2026-02-17,1,8,32,77290
店舗08,2026-02-17,1,9,33,81206
店舗08,2026-02-17,1,10,40,87963
店舗08,2026-02-17,1,11,47,106773
店舗08,2026-02-17,1,12,51,123012
店舗08,2026-02-17,1,13,42,108717
店舗08,2026-02-17,1,14,38,85838
店舗08,2026-02-17,1,15,31,63136
店舗08,2026-02-17,1,16,42,113676
店舗08,2026-02-17,1,17,46,114323
店舗08,2026-02-17,1,18,55,137511
店舗08,2026-02-17,1,19,47,108539
店舗08,2026-02-17,1,20,29,62181
店舗08,2026-02-17,1,21,36,93712
店舗08,2026-02-18,2,8,31,60261
店舗08,2026-02-18,2,9,37,97760
店舗08,2026-02-18,2,10,43,99221
店舗08,2026-02-18,2,11,46,108223
店舗08,2026-02-18,2,12,56,133896
店舗08,2026-02-18,2,13,46,111411
店舗08,2026-02-18,2,14,41,91003
店舗08,2026-02-18,2,15,40,82185
店舗08,2026-02-18,2,16,46,92280
店舗08,2026-02-18,2,17,54,126903
店舗08,2026-02-18,2,18,50,121338
店舗08,2026-02-18,2,19,49,109647
店舗08,2026-02-18,2,20,38,85320
店舗08,2026-02-18,2,21,30,68482
店舗08,2026-02-19,3,8,27,72086
店舗08,2026-02-19,3,9,33,76129
店舗08,2026-02-19,3,10,32,70482
店舗08,2026-02-19,3,11,42,100662
店舗08,2026-02-19,3,12,57,135700
店舗08,2026-02-19,3,13,43,98841
店舗08,2026-02-19,3,14,37,87962
店舗08,2026-02-19,3,15,41,96323
店舗08,2026-02-19,3,16,35,89519
店舗08,2026-02-19,3,17,51,117588
店舗08,2026-02-19,3,18,58,134096
店舗08,2026-02-19,3,19,52,130551
店舗08,2026-02-19,3,20,44,97612
店舗08,2026-02-19,3,21,32,75692
店舗08,2026-02-20,4,8,30,70701
店舗08,2026-02-20,4,9,35,89938
店舗08,2026-02-20,4,10,35,81165
店舗08,2026-02-20,4,11,44,90601
店舗08,2026-02-20,4,12,50,121814
店舗08,2026-02-20,4,13,46,111565
店舗08,2026-02-20,4,14,44,100075
店舗08,2026-02-20,4,15,34,91427
店舗08,2026-02-20,4,16,35,86346
店舗08,2026-02-20,4,17,40,96954
店舗08,2026-02-20,4,18,58,133509
店舗08,2026-02-20,4,19,47,107670
店舗08,2026-02-20,4,20,37,83681
店舗08,2026-02-20,4,21,36,76731
店舗08,2026-02-21,5,8,29,74449
店舗08,2026-02-21,5,9,37,86209
店舗08,2026-02-21,5,10,47,106017
店舗08,2026-02-21,5,11,52,119375
店舗08,2026-02-21,5,12,52,133172
店舗08,2026-02-21,5,13,59,143711
店舗08,2026-02-21,5,14,49,115081
店舗08,2026-02-21,5,15,38,81289
店舗08,2026-02-21,5,16,47,104699
店舗08,2026-02-21,5,17,62,137704
店舗08,2026-02-21,5,18,67,159054
店舗08,2026-02-21,5,19,62,146466
店舗08,2026-02-21,5,20,41,80476
店舗08,2026-02-21,5,21,40,91391
店舗08,2026-02-22,6,8,41,96004
店舗08,2026-02-22,6,9,43,109187
店舗08,2026-02-22,6,10,41,96476
店舗08,2026-02-22,6,11,57,139638
店舗08,2026-02-22,6,12,55,148246
店舗08,2026-02-22,6,13,48,109766
店舗08,2026-02-22,6,14,37,79723
店舗08,2026-02-22,6,15,41,85813
店舗08,2026-02-22,6,16,48,105043
店舗08,2026-02-22,6,17,57,136728
店舗08,2026-02-22,6,18,63,177523
店舗08,2026-02-22,6,19,60,137836
店舗08,2026-02-22,6,20,45,99587
店舗08,2026-02-22,6,21,45,101274
店舗08,2026-02-23,0,8,21,44943
店舗08,2026-02-23,0,9,31,72102
店舗08,2026-02-23,0,10,42,92825
店舗08,2026-02-23,0,11,43,105507
店舗08,2026-02-23,0,12,48,110713
店舗08,2026-02-23,0,13,49,113691
店舗08,2026-02-23,0,14,36,94962
店舗08,2026-02-23,0,15,33,73671
店舗08,2026-02-23,0,16,43,101943
店舗08,2026-02-23,0,17,50,120540
店舗08,2026-02-23,0,18,55,141166
店舗08,2026-02-23,0,19,52,135067
店舗08,2026-02-23,0,20,38,94022
店舗08,2026-02-23,0,21,35,88021
店舗08,2026-02-24,1,8,32,86473
店舗08,2026-02-24,1,9,31,71653
店舗08,2026-02-24,1,10,36,71713
店舗08,2026-02-24,1,11,42,99984
店舗08,2026-02-24,1,12,44,108316
店舗08,2026-02-24,1,13,41,97784
店舗08,2026-02-24,1,14,35,78633
店舗08,2026-02-24,1,15,38,83702
店舗08,2026-02-24,1,16,35,82398
店舗08,2026-02-24,1,17,56,120801
店舗08,2026-02-24,1,18,54,138329
店舗08,2026-02-24,1,19,46,101983
店舗08,2026-02-24,1,20,40,89840
店舗08,2026-02-24,1,21,32,84125
店舗08,2026-02-25,2,8,24,62873
店舗08,2026-02-25,2,9,33,87000
店舗08,2026-02-25,2,10,39,89562
店舗08,2026-02-25,2,11,45,109973
店舗08,2026-02-25,2,12,49,122745
店舗08,2026-02-25,2,13,42,88049
店舗08,2026-02-25,2,14,38,78838
店舗08,2026-02-25,2,15,30,78490
店舗08,2026-02-25,2,16,35,74145
店舗08,2026-02-25,2,17,56,130430
店舗08,2026-02-25,2,18,56,144611
店舗08,2026-02-25,2,19,51,114504
店舗08,2026-02-25,2,20,40,84202
店舗08,2026-02-25,2,21,37,95621
店舗08,2026-02-26,3,8,31,62084
店舗08,2026-02-26,3,9,29,67254
店舗08,2026-02-26,3,10,33,76087
店舗08,2026-02-26,3,11,47,112301
店舗08,2026-02-26,3,12,46,94529
店舗08,2026-02-26,3,13,39,92177
店舗08,2026-02-26,3,14,40,87050
店舗08,2026-02-26,3,15,40,108095
店舗08,2026-02-26,3,16,42,97378
店舗08,2026-02-26,3,17,55,109378
店舗08,2026-02-26,3,18,62,139622
店舗08,2026-02-26,3,19,48,115566
店舗08,2026-02-26,3,20,34,78157
店舗08,2026-02-26,3,21,32,77393
店舗08,2026-02-27,4,8,28,69296
店舗08,2026-02-27,4,9,36,87371
店舗08,2026-02-27,4,10,42,105285
店舗08,2026-02-27,4,11,51,119035
店舗08,2026-02-27,4,12,46,105938
店舗08,2026-02-27,4,13,48,106750
店舗08,2026-02-27,4,14,43,90295
店舗08,2026-02-27,4,15,34,74744
店舗08,2026-02-27,4,16,34,76001
店舗08,2026-02-27,4,17,50,111916
店舗08,2026-02-27,4,18,54,126853
店舗08,2026-02-27,4,19,55,130713
店舗08,2026-02-27,4,20,39,90364
店舗08,2026-02-27,4,21,33,85426
店舗08,2026-02-28,5,8,28,64618
店舗08,2026-02-28,5,9,39,85057
店舗08,2026-02-28,5,10,41,102301
店舗08,2026-02-28,5,11,49,122705
店舗08,2026-02-28,5,12,63,146736
店舗08,2026-02-28,5,13,56,143853
店舗08,2026-02-28,5,14,40,82739
店舗08,2026-02-28,5,15,42,94948
店舗08,2026-02-28,5,16,50,127300
店舗08,2026-02-28,5,17,63,151136
店舗08,2026-02-28,5,18,68,143967
店舗08,2026-02-28,5,19,55,127780
店舗08,2026-02-28,5,20,48,100278
店舗08,2026-02-28,5,21,35,75514
店舗08,2026-03-01,6,8,33,70894
店舗08,2026-03-01,6,9,38,94876
店舗08,2026-03-01,6,10,44,100187
店舗08,2026-03-01,6,11,56,150484
店舗08,2026-03-01,6,12,54,139385
店舗08,2026-03-01,6,13,59,135140
店舗08,2026-03-01,6,14,52,119188
店舗08,2026-03-01,6,15,41,92142
店舗08,2026-03-01,6,16,44,112191
店舗08,2026-03-01,6,17,61,127497
店舗08,2026-03-01,6,18,68,145651
店舗08,2026-03-01,6,19,60,152415
店舗08,2026-03-01,6,20,49,119640
店舗08,2026-03-01,6,21,37,92219
