activity_id,customer_id,activity_date,activity_type
ACT-A00001-1,A00001,2026-03-06,電話
ACT-A00001-2,A00001,2026-03-03,メール
ACT-A00002-1,A00002,2026-03-25,電話
ACT-A00002-2,A00002,2026-03-22,メール
ACT-A00002-3,A00002,2026-03-19,商談
ACT-A00002-4,A00002,2026-03-16,資料送付
ACT-A00003-1,A00003,2026-03-01,電話
ACT-A00003-2,A00003,2026-03-01,メール
ACT-A00003-3,A00003,2026-03-01,商談
ACT-A00005-1,A00005,2026-03-01,電話
ACT-A00005-2,A00005,2026-03-01,メール
ACT-A00005-3,A00005,2026-03-01,商談
ACT-A00006-1,A00006,2026-03-01,電話
ACT-A00006-2,A00006,2026-03-01,メール
ACT-A00006-3,A00006,2026-03-01,商談
ACT-A00006-4,A00006,2026-03-01,資料送付
ACT-A00006-5,A00006,2026-03-01,電話
ACT-A00007-1,A00007,2026-03-01,電話
ACT-A00008-1,A00008,2026-03-01,電話
ACT-A00008-2,A00008,2026-03-01,メール
ACT-A00008-3,A00008,2026-03-01,商談
ACT-A00009-1,A00009,2026-03-02,電話
ACT-A00009-2,A00009,2026-03-01,メール
ACT-A00009-3,A00009,2026-03-01,商談
ACT-A00009-4,A00009,2026-03-01,資料送付
ACT-A00010-1,A00010,2026-03-01,電話
ACT-A00010-2,A00010,2026-03-01,メール
ACT-A00011-1,A00011,2026-03-14,電話
ACT-A00011-2,A00011,2026-03-11,メール
ACT-A00011-3,A00011,2026-03-08,商談
ACT-A00012-1,A00012,2026-03-02,電話
ACT-A00013-1,A00013,2026-03-01,電話
ACT-A00013-2,A00013,2026-03-01,メール
ACT-A00013-3,A00013,2026-03-01,商談
ACT-A00014-1,A00014,2026-03-05,電話
ACT-A00014-2,A00014,2026-03-02,メール
ACT-A00014-3,A00014,2026-03-01,商談
ACT-A00015-1,A00015,2026-03-01,電話
ACT-A00016-1,A00016,2026-03-01,電話
ACT-A00016-2,A00016,2026-03-01,メール
ACT-A00017-1,A00017,2026-03-01,電話
ACT-A00017-2,A00017,2026-03-01,メール
ACT-A00018-1,A00018,2026-03-14,電話
ACT-A00018-2,A00018,2026-03-11,メール
ACT-A00018-3,A00018,2026-03-08,商談
ACT-A00018-4,A00018,2026-03-05,資料送付
ACT-A00019-1,A00019,2026-03-10,電話
ACT-A00019-2,A00019,2026-03-07,メール
ACT-A00020-1,A00020,2026-03-01,電話
ACT-A00020-2,A00020,2026-03-01,メール
ACT-A00020-3,A00020,2026-03-01,商談
ACT-A00020-4,A00020,2026-03-01,資料送付
ACT-A00021-1,A00021,2026-03-01,電話
ACT-A00021-2,A00021,2026-03-01,メール
ACT-A00022-1,A00022,2026-03-12,電話
ACT-A00022-2,A00022,2026-03-09,メール
ACT-A00022-3,A00022,2026-03-06,商談
ACT-A00022-4,A00022,2026-03-03,資料送付
ACT-A00022-5,A00022,2026-03-01,電話
ACT-A00023-1,A00023,2026-03-01,電話
ACT-A00023-2,A00023,2026-03-01,メール
ACT-A00023-3,A00023,2026-03-01,商談
ACT-A00024-1,A00024,2026-03-01,電話
ACT-A00024-2,A00024,2026-03-01,メール
ACT-A00026-1,A00026,2026-03-01,電話
ACT-A00026-2,A00026,2026-03-01,メール
ACT-A00026-3,A00026,2026-03-01,商談
ACT-A00026-4,A00026,2026-03-01,資料送付
ACT-A00027-1,A00027,2026-03-07,電話
ACT-A00027-2,A00027,2026-03-04,メール
ACT-A00027-3,A00027,2026-03-01,商談
ACT-A00027-4,A00027,2026-03-01,資料送付
ACT-A00028-1,A00028,2026-03-01,電話
ACT-A00028-2,A00028,2026-03-01,メール
ACT-A00029-1,A00029,2026-03-01,電話
ACT-A00030-1,A00030,2026-03-23,電話
ACT-A00030-2,A00030,2026-03-20,メール
ACT-A00031-1,A00031,2026-03-01,電話
ACT-A00031-2,A00031,2026-03-01,メール
ACT-A00031-3,A00031,2026-03-01,商談
ACT-A00032-1,A00032,2026-03-01,電話
ACT-A00032-2,A00032,2026-03-01,メール
ACT-A00032-3,A00032,2026-03-01,商談
ACT-A00033-1,A00033,2026-03-01,電話
ACT-A00033-2,A00033,2026-03-01,メール
ACT-A00034-1,A00034,2026-03-01,電話
ACT-A00034-2,A00034,2026-03-01,メール
ACT-A00035-1,A00035,2026-03-15,電話
ACT-A00035-2,A00035,2026-03-12,メール
ACT-A00035-3,A00035,2026-03-09,商談
ACT-A00035-4,A00035,2026-03-06,資料送付
ACT-A00036-1,A00036,2026-03-01,電話
ACT-A00036-2,A00036,2026-03-01,メール
ACT-A00036-3,A00036,2026-03-01,商談
ACT-A00036-4,A00036,2026-03-01,資料送付
ACT-A00037-1,A00037,2026-03-01,電話
ACT-A00038-1,A00038,2026-03-01,電話
ACT-A00038-2,A00038,2026-03-01,メール
ACT-A00039-1,A00039,2026-03-01,電話
ACT-A00039-2,A00039,2026-03-01,メール
ACT-A00039-3,A00039,2026-03-01,商談
ACT-A00039-4,A00039,2026-03-01,資料送付
ACT-A00039-5,A00039,2026-03-01,電話
ACT-A00040-1,A00040,2026-03-01,電話
ACT-A00040-2,A00040,2026-03-01,メール
ACT-A00040-3,A00040,2026-03-01,商談
ACT-A00040-4,A00040,2026-03-01,資料送付
ACT-A00041-1,A00041,2026-03-01,電話
ACT-A00041-2,A00041,2026-03-01,メール
ACT-A00042-1,A00042,2026-03-01,電話
ACT-A00042-2,A00042,2026-03-01,メール
ACT-A00043-1,A00043,2026-03-01,電話
ACT-A00043-2,A00043,2026-03-01,メール
ACT-A00043-3,A00043,2026-03-01,商談
ACT-A00044-1,A00044,2026-03-01,電話
ACT-A00045-1,A00045,2026-03-01,電話
ACT-A00045-2,A00045,2026-03-01,メール
ACT-A00045-3,A00045,2026-03-01,商談
ACT-A00045-4,A00045,2026-03-01,資料送付
ACT-A00046-1,A00046,2026-03-01,電話
ACT-A00046-2,A00046,2026-03-01,メール
ACT-A00046-3,A00046,2026-03-01,商談
ACT-A00047-1,A00047,2026-03-01,電話
ACT-A00048-1,A00048,2026-03-01,電話
ACT-A00048-2,A00048,2026-03-01,メール
ACT-A00048-3,A00048,2026-03-01,商談
ACT-A00049-1,A00049,2026-03-01,電話
ACT-A00049-2,A00049,2026-03-01,メール
ACT-A00049-3,A00049,2026-03-01,商談
ACT-A00050-1,A00050,2026-03-15,電話
ACT-A00050-2,A00050,2026-03-12,メール
ACT-A00051-1,A00051,2026-03-01,電話
ACT-A00051-2,A00051,2026-03-01,メール
ACT-A00052-1,A00052,2026-03-01,電話
ACT-A00052-2,A00052,2026-03-01,メール
ACT-A00052-3,A00052,2026-03-01,商談
ACT-A00053-1,A00053,2026-03-01,電話
ACT-A00053-2,A00053,2026-03-01,メール
ACT-A00054-1,A00054,2026-03-01,電話
ACT-A00054-2,A00054,2026-03-01,メール
ACT-A00054-3,A00054,2026-03-01,商談
ACT-A00055-1,A00055,2026-03-01,電話
ACT-A00055-2,A00055,2026-03-01,メール
ACT-A00055-3,A00055,2026-03-01,商談
ACT-A00055-4,A00055,2026-03-01,資料送付
ACT-A00055-5,A00055,2026-03-01,電話
ACT-A00056-1,A00056,2026-03-01,電話
ACT-A00056-2,A00056,2026-03-01,メール
ACT-A00056-3,A00056,2026-03-01,商談
ACT-A00056-4,A00056,2026-03-01,資料送付
ACT-A00058-1,A00058,2026-03-05,電話
ACT-A00059-1,A00059,2026-03-01,電話
ACT-A00059-2,A00059,2026-03-01,メール
ACT-A00059-3,A00059,2026-03-01,商談
ACT-A00059-4,A00059,2026-03-01,資料送付
ACT-A00060-1,A00060,2026-03-01,電話
ACT-A00061-1,A00061,2026-03-01,電話
ACT-A00061-2,A00061,2026-03-01,メール
ACT-A00061-3,A00061,2026-03-01,商談
ACT-A00061-4,A00061,2026-03-01,資料送付
ACT-A00061-5,A00061,2026-03-01,電話
ACT-A00062-1,A00062,2026-03-01,電話
ACT-A00063-1,A00063,2026-03-01,電話
ACT-A00063-2,A00063,2026-03-01,メール
ACT-A00063-3,A00063,2026-03-01,商談
ACT-A00063-4,A00063,2026-03-01,資料送付
ACT-A00064-1,A00064,2026-03-19,電話
ACT-A00064-2,A00064,2026-03-16,メール
ACT-A00064-3,A00064,2026-03-13,商談
ACT-A00065-1,A00065,2026-03-01,電話
ACT-A00066-1,A00066,2026-03-01,電話
ACT-A00066-2,A00066,2026-03-01,メール
ACT-A00067-1,A00067,2026-03-01,電話
ACT-A00067-2,A00067,2026-03-01,メール
ACT-A00068-1,A00068,2026-03-01,電話
ACT-A00068-2,A00068,2026-03-01,メール
ACT-A00068-3,A00068,2026-03-01,商談
ACT-A00068-4,A00068,2026-03-01,資料送付
ACT-A00069-1,A00069,2026-03-01,電話
ACT-A00069-2,A00069,2026-03-01,メール
ACT-A00069-3,A00069,2026-03-01,商談
ACT-A00069-4,A00069,2026-03-01,資料送付
ACT-A00069-5,A00069,2026-03-01,電話
ACT-A00070-1,A00070,2026-03-01,電話
ACT-A00070-2,A00070,2026-03-01,メール
ACT-A00070-3,A00070,2026-03-01,商談
ACT-A00070-4,A00070,2026-03-01,資料送付
ACT-A00071-1,A00071,2026-03-28,電話
ACT-A00071-2,A00071,2026-03-25,メール
ACT-A00071-3,A00071,2026-03-22,商談
ACT-A00071-4,A00071,2026-03-19,資料送付
ACT-A00073-1,A00073,2026-03-26,電話
ACT-A00073-2,A00073,2026-03-23,メール
ACT-A00074-1,A00074,2026-03-27,電話
ACT-A00074-2,A00074,2026-03-24,メール
ACT-A00075-1,A00075,2026-03-01,電話
ACT-A00075-2,A00075,2026-03-01,メール
ACT-A00075-3,A00075,2026-03-01,商談
ACT-A00076-1,A00076,2026-03-01,電話
ACT-A00076-2,A00076,2026-03-01,メール
ACT-A00076-3,A00076,2026-03-01,商談
ACT-A00076-4,A00076,2026-03-01,資料送付
ACT-A00078-1,A00078,2026-03-01,電話
ACT-A00078-2,A00078,2026-03-01,メール
ACT-A00079-1,A00079,2026-03-01,電話
ACT-A00079-2,A00079,2026-03-01,メール
ACT-A00080-1,A00080,2026-03-06,電話
ACT-A00081-1,A00081,2026-03-01,電話
ACT-A00082-1,A00082,2026-03-11,電話
ACT-A00082-2,A00082,2026-03-08,メール
ACT-A00083-1,A00083,2026-03-01,電話
ACT-A00083-2,A00083,2026-03-01,メール
ACT-A00084-1,A00084,2026-03-17,電話
ACT-A00084-2,A00084,2026-03-14,メール
ACT-A00084-3,A00084,2026-03-11,商談
ACT-A00085-1,A00085,2026-03-01,電話
ACT-A00085-2,A00085,2026-03-01,メール
ACT-A00086-1,A00086,2026-03-01,電話
ACT-A00087-1,A00087,2026-03-21,電話
ACT-A00087-2,A00087,2026-03-18,メール
ACT-A00087-3,A00087,2026-03-15,商談
ACT-A00087-4,A00087,2026-03-12,資料送付
ACT-A00087-5,A00087,2026-03-09,電話
ACT-A00088-1,A00088,2026-03-01,電話
ACT-A00088-2,A00088,2026-03-01,メール
ACT-A00088-3,A00088,2026-03-01,商談
ACT-A00089-1,A00089,2026-03-01,電話
ACT-A00090-1,A00090,2026-03-22,電話
ACT-A00090-2,A00090,2026-03-19,メール
ACT-A00091-1,A00091,2026-03-24,電話
ACT-A00091-2,A00091,2026-03-21,メール
ACT-A00091-3,A00091,2026-03-18,商談
ACT-A00091-4,A00091,2026-03-15,資料送付
ACT-A00091-5,A00091,2026-03-12,電話
ACT-A00091-6,A00091,2026-03-09,メール
ACT-A00091-7,A00091,2026-03-06,商談
ACT-A00091-8,A00091,2026-03-03,資料送付
ACT-A00091-9,A00091,2026-03-01,電話
ACT-A00091-10,A00091,2026-03-01,メール
ACT-A00092-1,A00092,2026-03-01,電話
ACT-A00092-2,A00092,2026-03-01,メール
ACT-A00092-3,A00092,2026-03-01,商談
ACT-A00094-1,A00094,2026-03-24,電話
ACT-A00094-2,A00094,2026-03-21,メール
ACT-A00094-3,A00094,2026-03-18,商談
ACT-A00095-1,A00095,2026-03-01,電話
ACT-A00096-1,A00096,2026-03-01,電話
ACT-A00096-2,A00096,2026-03-01,メール
ACT-A00097-1,A00097,2026-03-01,電話
ACT-A00097-2,A00097,2026-03-01,メール
ACT-A00097-3,A00097,2026-03-01,商談
ACT-A00098-1,A00098,2026-03-01,電話
ACT-A00098-2,A00098,2026-03-01,メール
ACT-A00098-3,A00098,2026-03-01,商談
ACT-A00099-1,A00099,2026-03-01,電話
ACT-A00099-2,A00099,2026-03-01,メール
ACT-A00099-3,A00099,2026-03-01,商談
ACT-A00100-1,A00100,2026-03-01,電話
ACT-A00100-2,A00100,2026-03-01,メール
ACT-A00101-1,A00101,2026-03-10,電話
ACT-A00101-2,A00101,2026-03-07,メール
ACT-A00102-1,A00102,2026-03-06,電話
ACT-A00102-2,A00102,2026-03-03,メール
ACT-A00103-1,A00103,2026-03-01,電話
ACT-A00103-2,A00103,2026-03-01,メール
ACT-A00103-3,A00103,2026-03-01,商談
ACT-A00103-4,A00103,2026-03-01,資料送付
ACT-A00103-5,A00103,2026-03-01,電話
ACT-A00104-1,A00104,2026-03-01,電話
ACT-A00104-2,A00104,2026-03-01,メール
ACT-A00106-1,A00106,2026-03-01,電話
ACT-A00106-2,A00106,2026-03-01,メール
ACT-A00106-3,A00106,2026-03-01,商談
ACT-A00106-4,A00106,2026-03-01,資料送付
ACT-A00106-5,A00106,2026-03-01,電話
ACT-A00107-1,A00107,2026-03-01,電話
ACT-A00107-2,A00107,2026-03-01,メール
ACT-A00107-3,A00107,2026-03-01,商談
ACT-A00108-1,A00108,2026-03-01,電話
ACT-A00108-2,A00108,2026-03-01,メール
ACT-A00109-1,A00109,2026-03-27,電話
ACT-A00110-1,A00110,2026-03-01,電話
ACT-A00110-2,A00110,2026-03-01,メール
ACT-A00110-3,A00110,2026-03-01,商談
ACT-A00111-1,A00111,2026-03-07,電話
ACT-A00111-2,A00111,2026-03-04,メール
ACT-A00111-3,A00111,2026-03-01,商談
ACT-A00111-4,A00111,2026-03-01,資料送付
ACT-A00113-1,A00113,2026-03-01,電話
ACT-A00113-2,A00113,2026-03-01,メール
ACT-A00114-1,A00114,2026-03-01,電話
ACT-A00115-1,A00115,2026-03-01,電話
ACT-A00115-2,A00115,2026-03-01,メール
ACT-A00116-1,A00116,2026-03-01,電話
ACT-A00116-2,A00116,2026-03-01,メール
ACT-A00117-1,A00117,2026-03-01,電話
ACT-A00117-2,A00117,2026-03-01,メール
ACT-A00117-3,A00117,2026-03-01,商談
ACT-A00118-1,A00118,2026-03-01,電話
ACT-A00118-2,A00118,2026-03-01,メール
ACT-A00118-3,A00118,2026-03-01,商談
ACT-A00118-4,A00118,2026-03-01,資料送付
ACT-A00119-1,A00119,2026-03-01,電話
ACT-A00121-1,A00121,2026-03-01,電話
ACT-A00121-2,A00121,2026-03-01,メール
ACT-A00121-3,A00121,2026-03-01,商談
ACT-A00121-4,A00121,2026-03-01,資料送付
ACT-A00122-1,A00122,2026-03-01,電話
ACT-A00122-2,A00122,2026-03-01,メール
ACT-A00122-3,A00122,2026-03-01,商談
ACT-A00122-4,A00122,2026-03-01,資料送付
ACT-A00123-1,A00123,2026-03-01,電話
ACT-A00124-1,A00124,2026-03-01,電話
ACT-A00124-2,A00124,2026-03-01,メール
ACT-A00124-3,A00124,2026-03-01,商談
ACT-A00124-4,A00124,2026-03-01,資料送付
ACT-A00124-5,A00124,2026-03-01,電話
ACT-A00125-1,A00125,2026-03-01,電話
ACT-A00126-1,A00126,2026-03-26,電話
ACT-A00126-2,A00126,2026-03-23,メール
ACT-A00127-1,A00127,2026-03-01,電話
ACT-A00127-2,A00127,2026-03-01,メール
ACT-A00127-3,A00127,2026-03-01,商談
ACT-A00128-1,A00128,2026-03-01,電話
ACT-A00128-2,A00128,2026-03-01,メール
ACT-A00128-3,A00128,2026-03-01,商談
ACT-A00128-4,A00128,2026-03-01,資料送付
ACT-A00128-5,A00128,2026-03-01,電話
ACT-A00128-6,A00128,2026-03-01,メール
ACT-A00129-1,A00129,2026-03-19,電話
ACT-A00129-2,A00129,2026-03-16,メール
ACT-A00130-1,A00130,2026-03-04,電話
ACT-A00130-2,A00130,2026-03-01,メール
ACT-A00130-3,A00130,2026-03-01,商談
ACT-A00131-1,A00131,2026-03-01,電話
ACT-A00131-2,A00131,2026-03-01,メール
ACT-A00132-1,A00132,2026-03-06,電話
ACT-A00132-2,A00132,2026-03-03,メール
ACT-A00132-3,A00132,2026-03-01,商談
ACT-A00132-4,A00132,2026-03-01,資料送付
ACT-A00133-1,A00133,2026-03-01,電話
ACT-A00133-2,A00133,2026-03-01,メール
ACT-A00134-1,A00134,2026-03-25,電話
ACT-A00134-2,A00134,2026-03-22,メール
ACT-A00134-3,A00134,2026-03-19,商談
ACT-A00135-1,A00135,2026-03-01,電話
ACT-A00135-2,A00135,2026-03-01,メール
ACT-A00136-1,A00136,2026-03-01,電話
ACT-A00136-2,A00136,2026-03-01,メール
ACT-A00136-3,A00136,2026-03-01,商談
ACT-A00136-4,A00136,2026-03-01,資料送付
ACT-A00138-1,A00138,2026-03-01,電話
ACT-A00139-1,A00139,2026-03-13,電話
ACT-A00139-2,A00139,2026-03-10,メール
ACT-A00139-3,A00139,2026-03-07,商談
ACT-A00139-4,A00139,2026-03-04,資料送付
ACT-A00139-5,A00139,2026-03-01,電話
ACT-A00140-1,A00140,2026-03-01,電話
ACT-A00140-2,A00140,2026-03-01,メール
ACT-A00140-3,A00140,2026-03-01,商談
ACT-A00140-4,A00140,2026-03-01,資料送付
ACT-A00141-1,A00141,2026-03-17,電話
ACT-A00141-2,A00141,2026-03-14,メール
ACT-A00141-3,A00141,2026-03-11,商談
ACT-A00142-1,A00142,2026-03-01,電話
ACT-A00143-1,A00143,2026-03-01,電話
ACT-A00143-2,A00143,2026-03-01,メール
ACT-A00144-1,A00144,2026-03-01,電話
ACT-A00144-2,A00144,2026-03-01,メール
ACT-A00144-3,A00144,2026-03-01,商談
ACT-A00145-1,A00145,2026-03-01,電話
ACT-A00145-2,A00145,2026-03-01,メール
ACT-A00145-3,A00145,2026-03-01,商談
ACT-A00145-4,A00145,2026-03-01,資料送付
ACT-A00145-5,A00145,2026-03-01,電話
ACT-A00146-1,A00146,2026-03-01,電話
ACT-A00146-2,A00146,2026-03-01,メール
ACT-A00146-3,A00146,2026-03-01,商談
ACT-A00146-4,A00146,2026-03-01,資料送付
ACT-A00146-5,A00146,2026-03-01,電話
ACT-A00147-1,A00147,2026-03-13,電話
ACT-A00147-2,A00147,2026-03-10,メール
ACT-A00148-1,A00148,2026-03-01,電話
ACT-A00148-2,A00148,2026-03-01,メール
ACT-A00148-3,A00148,2026-03-01,商談
ACT-A00148-4,A00148,2026-03-01,資料送付
ACT-A00149-1,A00149,2026-03-01,電話
ACT-A00149-2,A00149,2026-03-01,メール
ACT-A00150-1,A00150,2026-03-10,電話
ACT-A00150-2,A00150,2026-03-07,メール
ACT-A00150-3,A00150,2026-03-04,商談
ACT-A00151-1,A00151,2026-03-01,電話
ACT-A00152-1,A00152,2026-03-01,電話
ACT-A00152-2,A00152,2026-03-01,メール
ACT-A00153-1,A00153,2026-03-02,電話
ACT-A00153-2,A00153,2026-03-01,メール
ACT-A00155-1,A00155,2026-03-01,電話
ACT-A00155-2,A00155,2026-03-01,メール
ACT-A00156-1,A00156,2026-03-01,電話
ACT-A00156-2,A00156,2026-03-01,メール
ACT-A00156-3,A00156,2026-03-01,商談
ACT-A00157-1,A00157,2026-03-26,電話
ACT-A00157-2,A00157,2026-03-23,メール
ACT-A00158-1,A00158,2026-03-01,電話
ACT-A00158-2,A00158,2026-03-01,メール
ACT-A00159-1,A00159,2026-03-01,電話
ACT-A00159-2,A00159,2026-03-01,メール
ACT-A00159-3,A00159,2026-03-01,商談
ACT-A00159-4,A00159,2026-03-01,資料送付
ACT-A00160-1,A00160,2026-03-01,電話
ACT-A00160-2,A00160,2026-03-01,メール
ACT-A00160-3,A00160,2026-03-01,商談
ACT-A00161-1,A00161,2026-03-01,電話
ACT-A00161-2,A00161,2026-03-01,メール
ACT-A00161-3,A00161,2026-03-01,商談
ACT-A00162-1,A00162,2026-03-01,電話
ACT-A00162-2,A00162,2026-03-01,メール
ACT-A00162-3,A00162,2026-03-01,商談
ACT-A00163-1,A00163,2026-03-01,電話
ACT-A00164-1,A00164,2026-03-11,電話
ACT-A00164-2,A00164,2026-03-08,メール
ACT-A00164-3,A00164,2026-03-05,商談
ACT-A00164-4,A00164,2026-03-02,資料送付
ACT-A00164-5,A00164,2026-03-01,電話
ACT-A00165-1,A00165,2026-03-19,電話
ACT-A00165-2,A00165,2026-03-16,メール
ACT-A00165-3,A00165,2026-03-13,商談
ACT-A00166-1,A00166,2026-03-01,電話
ACT-A00166-2,A00166,2026-03-01,メール
ACT-A00167-1,A00167,2026-03-01,電話
ACT-A00167-2,A00167,2026-03-01,メール
ACT-A00168-1,A00168,2026-03-02,電話
ACT-A00168-2,A00168,2026-03-01,メール
ACT-A00168-3,A00168,2026-03-01,商談
ACT-A00168-4,A00168,2026-03-01,資料送付
ACT-A00168-5,A00168,2026-03-01,電話
ACT-A00169-1,A00169,2026-03-01,電話
ACT-A00169-2,A00169,2026-03-01,メール
ACT-A00169-3,A00169,2026-03-01,商談
ACT-A00169-4,A00169,2026-03-01,資料送付
ACT-A00169-5,A00169,2026-03-01,電話
ACT-A00169-6,A00169,2026-03-01,メール
ACT-A00170-1,A00170,2026-03-01,電話
ACT-A00170-2,A00170,2026-03-01,メール
ACT-A00171-1,A00171,2026-03-01,電話
ACT-A00171-2,A00171,2026-03-01,メール
ACT-A00171-3,A00171,2026-03-01,商談
ACT-A00171-4,A00171,2026-03-01,資料送付
ACT-A00172-1,A00172,2026-03-01,電話
ACT-A00173-1,A00173,2026-03-01,電話
ACT-A00174-1,A00174,2026-03-01,電話
ACT-A00175-1,A00175,2026-03-01,電話
ACT-A00175-2,A00175,2026-03-01,メール
ACT-A00176-1,A00176,2026-03-01,電話
ACT-A00176-2,A00176,2026-03-01,メール
ACT-A00176-3,A00176,2026-03-01,商談
ACT-A00178-1,A00178,2026-03-01,電話
ACT-A00178-2,A00178,2026-03-01,メール
ACT-A00178-3,A00178,2026-03-01,商談
ACT-A00179-1,A00179,2026-03-01,電話
ACT-A00181-1,A00181,2026-03-01,電話
ACT-A00181-2,A00181,2026-03-01,メール
ACT-A00181-3,A00181,2026-03-01,商談
ACT-A00182-1,A00182,2026-03-18,電話
ACT-A00182-2,A00182,2026-03-15,メール
ACT-A00183-1,A00183,2026-03-01,電話
ACT-A00183-2,A00183,2026-03-01,メール
ACT-A00183-3,A00183,2026-03-01,商談
ACT-A00183-4,A00183,2026-03-01,資料送付
ACT-A00183-5,A00183,2026-03-01,電話
ACT-A00184-1,A00184,2026-03-01,電話
ACT-A00184-2,A00184,2026-03-01,メール
ACT-A00184-3,A00184,2026-03-01,商談
ACT-A00184-4,A00184,2026-03-01,資料送付
ACT-A00185-1,A00185,2026-03-09,電話
ACT-A00185-2,A00185,2026-03-06,メール
ACT-A00185-3,A00185,2026-03-03,商談
ACT-A00187-1,A00187,2026-03-01,電話
ACT-A00187-2,A00187,2026-03-01,メール
ACT-A00187-3,A00187,2026-03-01,商談
ACT-A00188-1,A00188,2026-03-01,電話
ACT-A00189-1,A00189,2026-03-01,電話
ACT-A00189-2,A00189,2026-03-01,メール
ACT-A00189-3,A00189,2026-03-01,商談
ACT-A00190-1,A00190,2026-03-01,電話
ACT-A00190-2,A00190,2026-03-01,メール
ACT-A00191-1,A00191,2026-03-01,電話
ACT-A00192-1,A00192,2026-03-01,電話
ACT-A00192-2,A00192,2026-03-01,メール
ACT-A00195-1,A00195,2026-03-05,電話
ACT-A00195-2,A00195,2026-03-02,メール
ACT-A00195-3,A00195,2026-03-01,商談
ACT-A00196-1,A00196,2026-03-01,電話
ACT-A00196-2,A00196,2026-03-01,メール
ACT-A00196-3,A00196,2026-03-01,商談
ACT-A00196-4,A00196,2026-03-01,資料送付
ACT-A00197-1,A00197,2026-03-01,電話
ACT-A00197-2,A00197,2026-03-01,メール
ACT-A00197-3,A00197,2026-03-01,商談
ACT-A00198-1,A00198,2026-03-01,電話
ACT-A00198-2,A00198,2026-03-01,メール
ACT-A00199-1,A00199,2026-03-01,電話
ACT-A00200-1,A00200,2026-03-19,電話
ACT-A00200-2,A00200,2026-03-16,メール
ACT-A00200-3,A00200,2026-03-13,商談
ACT-A00200-4,A00200,2026-03-10,資料送付
ACT-A00201-1,A00201,2026-03-01,電話
ACT-A00201-2,A00201,2026-03-01,メール
ACT-A00201-3,A00201,2026-03-01,商談
ACT-A00201-4,A00201,2026-03-01,資料送付
ACT-A00202-1,A00202,2026-03-01,電話
ACT-A00202-2,A00202,2026-03-01,メール
ACT-A00202-3,A00202,2026-03-01,商談
ACT-A00204-1,A00204,2026-03-09,電話
ACT-A00204-2,A00204,2026-03-06,メール
ACT-A00204-3,A00204,2026-03-03,商談
ACT-A00204-4,A00204,2026-03-01,資料送付
ACT-A00205-1,A00205,2026-03-01,電話
ACT-A00205-2,A00205,2026-03-01,メール
ACT-A00205-3,A00205,2026-03-01,商談
ACT-A00206-1,A00206,2026-03-01,電話
ACT-A00206-2,A00206,2026-03-01,メール
ACT-A00206-3,A00206,2026-03-01,商談
ACT-A00206-4,A00206,2026-03-01,資料送付
ACT-A00207-1,A00207,2026-03-01,電話
ACT-A00208-1,A00208,2026-03-01,電話
ACT-A00209-1,A00209,2026-03-01,電話
ACT-A00209-2,A00209,2026-03-01,メール
ACT-A00209-3,A00209,2026-03-01,商談
ACT-A00210-1,A00210,2026-03-01,電話
ACT-A00210-2,A00210,2026-03-01,メール
ACT-A00211-1,A00211,2026-03-05,電話
ACT-A00211-2,A00211,2026-03-02,メール
ACT-A00211-3,A00211,2026-03-01,商談
ACT-A00211-4,A00211,2026-03-01,資料送付
ACT-A00211-5,A00211,2026-03-01,電話
ACT-A00212-1,A00212,2026-03-01,電話
ACT-A00212-2,A00212,2026-03-01,メール
ACT-A00213-1,A00213,2026-03-23,電話
ACT-A00213-2,A00213,2026-03-20,メール
ACT-A00214-1,A00214,2026-03-01,電話
ACT-A00214-2,A00214,2026-03-01,メール
ACT-A00214-3,A00214,2026-03-01,商談
ACT-A00214-4,A00214,2026-03-01,資料送付
ACT-A00215-1,A00215,2026-03-01,電話
ACT-A00216-1,A00216,2026-03-01,電話
ACT-A00216-2,A00216,2026-03-01,メール
ACT-A00216-3,A00216,2026-03-01,商談
ACT-A00217-1,A00217,2026-03-23,電話
ACT-A00218-1,A00218,2026-03-01,電話
ACT-A00218-2,A00218,2026-03-01,メール
ACT-A00218-3,A00218,2026-03-01,商談
ACT-A00219-1,A00219,2026-03-01,電話
ACT-A00220-1,A00220,2026-03-01,電話
ACT-A00220-2,A00220,2026-03-01,メール
ACT-A00220-3,A00220,2026-03-01,商談
ACT-A00220-4,A00220,2026-03-01,資料送付
ACT-A00221-1,A00221,2026-03-14,電話
ACT-A00222-1,A00222,2026-03-01,電話
ACT-A00222-2,A00222,2026-03-01,メール
ACT-A00222-3,A00222,2026-03-01,商談
ACT-A00222-4,A00222,2026-03-01,資料送付
ACT-A00224-1,A00224,2026-03-18,電話
ACT-A00224-2,A00224,2026-03-15,メール
ACT-A00225-1,A00225,2026-03-01,電話
ACT-A00225-2,A00225,2026-03-01,メール
ACT-A00225-3,A00225,2026-03-01,商談
ACT-A00226-1,A00226,2026-03-01,電話
ACT-A00226-2,A00226,2026-03-01,メール
ACT-A00227-1,A00227,2026-03-01,電話
ACT-A00227-2,A00227,2026-03-01,メール
ACT-A00227-3,A00227,2026-03-01,商談
ACT-A00227-4,A00227,2026-03-01,資料送付
ACT-A00228-1,A00228,2026-03-01,電話
ACT-A00228-2,A00228,2026-03-01,メール
ACT-A00228-3,A00228,2026-03-01,商談
ACT-A00228-4,A00228,2026-03-01,資料送付
ACT-A00229-1,A00229,2026-03-01,電話
ACT-A00231-1,A00231,2026-03-22,電話
ACT-A00231-2,A00231,2026-03-19,メール
ACT-A00231-3,A00231,2026-03-16,商談
ACT-A00231-4,A00231,2026-03-13,資料送付
ACT-A00231-5,A00231,2026-03-10,電話
ACT-A00232-1,A00232,2026-03-01,電話
ACT-A00232-2,A00232,2026-03-01,メール
ACT-A00233-1,A00233,2026-03-01,電話
ACT-A00233-2,A00233,2026-03-01,メール
ACT-A00234-1,A00234,2026-03-01,電話
ACT-A00235-1,A00235,2026-03-01,電話
ACT-A00235-2,A00235,2026-03-01,メール
ACT-A00235-3,A00235,2026-03-01,商談
ACT-A00235-4,A00235,2026-03-01,資料送付
ACT-A00236-1,A00236,2026-03-01,電話
ACT-A00237-1,A00237,2026-03-01,電話
ACT-A00238-1,A00238,2026-03-18,電話
ACT-A00238-2,A00238,2026-03-15,メール
ACT-A00238-3,A00238,2026-03-12,商談
ACT-A00239-1,A00239,2026-03-01,電話
ACT-A00240-1,A00240,2026-03-01,電話
ACT-A00240-2,A00240,2026-03-01,メール
ACT-A00240-3,A00240,2026-03-01,商談
ACT-A00240-4,A00240,2026-03-01,資料送付
ACT-A00240-5,A00240,2026-03-01,電話
ACT-A00240-6,A00240,2026-03-01,メール
ACT-A00241-1,A00241,2026-03-01,電話
ACT-A00241-2,A00241,2026-03-01,メール
ACT-A00241-3,A00241,2026-03-01,商談
ACT-A00241-4,A00241,2026-03-01,資料送付
ACT-A00241-5,A00241,2026-03-01,電話
ACT-A00242-1,A00242,2026-03-01,電話
ACT-A00243-1,A00243,2026-03-01,電話
ACT-A00243-2,A00243,2026-03-01,メール
ACT-A00244-1,A00244,2026-03-01,電話
ACT-A00244-2,A00244,2026-03-01,メール
ACT-A00244-3,A00244,2026-03-01,商談
ACT-A00245-1,A00245,2026-03-01,電話
ACT-A00245-2,A00245,2026-03-01,メール
ACT-A00245-3,A00245,2026-03-01,商談
ACT-A00246-1,A00246,2026-03-01,電話
ACT-A00247-1,A00247,2026-03-15,電話
ACT-A00247-2,A00247,2026-03-12,メール
ACT-A00248-1,A00248,2026-03-01,電話
ACT-A00248-2,A00248,2026-03-01,メール
ACT-A00248-3,A00248,2026-03-01,商談
ACT-A00248-4,A00248,2026-03-01,資料送付
ACT-A00249-1,A00249,2026-03-01,電話
ACT-A00249-2,A00249,2026-03-01,メール
ACT-A00249-3,A00249,2026-03-01,商談
ACT-A00250-1,A00250,2026-03-01,電話
ACT-A00250-2,A00250,2026-03-01,メール
ACT-A00250-3,A00250,2026-03-01,商談
ACT-A00250-4,A00250,2026-03-01,資料送付
ACT-A00250-5,A00250,2026-03-01,電話
ACT-A00250-6,A00250,2026-03-01,メール
ACT-A00250-7,A00250,2026-03-01,商談
ACT-A00250-8,A00250,2026-03-01,資料送付
ACT-A00251-1,A00251,2026-03-01,電話
ACT-A00251-2,A00251,2026-03-01,メール
ACT-A00251-3,A00251,2026-03-01,商談
ACT-A00251-4,A00251,2026-03-01,資料送付
ACT-A00251-5,A00251,2026-03-01,電話
ACT-A00252-1,A00252,2026-03-09,電話
ACT-A00252-2,A00252,2026-03-06,メール
ACT-A00253-1,A00253,2026-03-01,電話
ACT-A00253-2,A00253,2026-03-01,メール
ACT-A00253-3,A00253,2026-03-01,商談
ACT-A00253-4,A00253,2026-03-01,資料送付
ACT-A00254-1,A00254,2026-03-01,電話
ACT-A00254-2,A00254,2026-03-01,メール
ACT-A00254-3,A00254,2026-03-01,商談
ACT-A00254-4,A00254,2026-03-01,資料送付
ACT-A00254-5,A00254,2026-03-01,電話
ACT-A00255-1,A00255,2026-03-01,電話
ACT-A00255-2,A00255,2026-03-01,メール
ACT-A00255-3,A00255,2026-03-01,商談
ACT-A00255-4,A00255,2026-03-01,資料送付
ACT-A00255-5,A00255,2026-03-01,電話
ACT-A00256-1,A00256,2026-03-01,電話
ACT-A00256-2,A00256,2026-03-01,メール
ACT-A00257-1,A00257,2026-03-01,電話
ACT-A00257-2,A00257,2026-03-01,メール
ACT-A00257-3,A00257,2026-03-01,商談
ACT-A00258-1,A00258,2026-03-01,電話
ACT-A00258-2,A00258,2026-03-01,メール
ACT-A00258-3,A00258,2026-03-01,商談
ACT-A00259-1,A00259,2026-03-05,電話
ACT-A00259-2,A00259,2026-03-02,メール
ACT-A00259-3,A00259,2026-03-01,商談
ACT-A00259-4,A00259,2026-03-01,資料送付
ACT-A00260-1,A00260,2026-03-01,電話
ACT-A00260-2,A00260,2026-03-01,メール
ACT-A00261-1,A00261,2026-03-01,電話
ACT-A00261-2,A00261,2026-03-01,メール
ACT-A00262-1,A00262,2026-03-01,電話
ACT-A00262-2,A00262,2026-03-01,メール
ACT-A00262-3,A00262,2026-03-01,商談
ACT-A00263-1,A00263,2026-03-01,電話
ACT-A00263-2,A00263,2026-03-01,メール
ACT-A00263-3,A00263,2026-03-01,商談
ACT-A00263-4,A00263,2026-03-01,資料送付
ACT-A00264-1,A00264,2026-03-01,電話
ACT-A00265-1,A00265,2026-03-01,電話
ACT-A00265-2,A00265,2026-03-01,メール
ACT-A00265-3,A00265,2026-03-01,商談
ACT-A00265-4,A00265,2026-03-01,資料送付
ACT-A00267-1,A00267,2026-03-04,電話
ACT-A00269-1,A00269,2026-03-01,電話
ACT-A00269-2,A00269,2026-03-01,メール
ACT-A00270-1,A00270,2026-03-01,電話
ACT-A00270-2,A00270,2026-03-01,メール
ACT-A00270-3,A00270,2026-03-01,商談
ACT-A00270-4,A00270,2026-03-01,資料送付
ACT-A00270-5,A00270,2026-03-01,電話
ACT-A00271-1,A00271,2026-03-01,電話
ACT-A00271-2,A00271,2026-03-01,メール
ACT-A00271-3,A00271,2026-03-01,商談
ACT-A00272-1,A00272,2026-03-01,電話
ACT-A00272-2,A00272,2026-03-01,メール
ACT-A00273-1,A00273,2026-03-01,電話
ACT-A00274-1,A00274,2026-03-01,電話
ACT-A00274-2,A00274,2026-03-01,メール
ACT-A00275-1,A00275,2026-03-01,電話
ACT-A00275-2,A00275,2026-03-01,メール
ACT-A00275-3,A00275,2026-03-01,商談
ACT-A00275-4,A00275,2026-03-01,資料送付
ACT-A00275-5,A00275,2026-03-01,電話
ACT-A00276-1,A00276,2026-03-01,電話
ACT-A00276-2,A00276,2026-03-01,メール
ACT-A00277-1,A00277,2026-03-01,電話
ACT-A00277-2,A00277,2026-03-01,メール
ACT-A00278-1,A00278,2026-03-01,電話
ACT-A00278-2,A00278,2026-03-01,メール
ACT-A00279-1,A00279,2026-03-18,電話
ACT-A00279-2,A00279,2026-03-15,メール
ACT-A00279-3,A00279,2026-03-12,商談
ACT-A00279-4,A00279,2026-03-09,資料送付
ACT-A00280-1,A00280,2026-03-01,電話
ACT-A00280-2,A00280,2026-03-01,メール
ACT-A00280-3,A00280,2026-03-01,商談
ACT-A00281-1,A00281,2026-03-04,電話
ACT-A00281-2,A00281,2026-03-01,メール
ACT-A00281-3,A00281,2026-03-01,商談
ACT-A00281-4,A00281,2026-03-01,資料送付
ACT-A00281-5,A00281,2026-03-01,電話
ACT-A00282-1,A00282,2026-03-01,電話
ACT-A00282-2,A00282,2026-03-01,メール
ACT-A00283-1,A00283,2026-03-01,電話
ACT-A00283-2,A00283,2026-03-01,メール
ACT-A00283-3,A00283,2026-03-01,商談
ACT-A00284-1,A00284,2026-03-01,電話
ACT-A00284-2,A00284,2026-03-01,メール
ACT-A00284-3,A00284,2026-03-01,商談
ACT-A00284-4,A00284,2026-03-01,資料送付
ACT-A00286-1,A00286,2026-03-24,電話
ACT-A00287-1,A00287,2026-03-01,電話
ACT-A00287-2,A00287,2026-03-01,メール
ACT-A00288-1,A00288,2026-03-22,電話
ACT-A00289-1,A00289,2026-03-01,電話
ACT-A00289-2,A00289,2026-03-01,メール
ACT-A00290-1,A00290,2026-03-01,電話
ACT-A00290-2,A00290,2026-03-01,メール
ACT-A00290-3,A00290,2026-03-01,商談
ACT-A00291-1,A00291,2026-03-01,電話
ACT-A00291-2,A00291,2026-03-01,メール
ACT-A00291-3,A00291,2026-03-01,商談
ACT-A00292-1,A00292,2026-03-15,電話
ACT-A00292-2,A00292,2026-03-12,メール
ACT-A00292-3,A00292,2026-03-09,商談
ACT-A00292-4,A00292,2026-03-06,資料送付
ACT-A00294-1,A00294,2026-03-21,電話
ACT-A00295-1,A00295,2026-03-01,電話
ACT-A00295-2,A00295,2026-03-01,メール
ACT-A00295-3,A00295,2026-03-01,商談
ACT-A00296-1,A00296,2026-03-01,電話
ACT-A00297-1,A00297,2026-03-01,電話
ACT-A00297-2,A00297,2026-03-01,メール
ACT-A00297-3,A00297,2026-03-01,商談
ACT-A00297-4,A00297,2026-03-01,資料送付
ACT-A00297-5,A00297,2026-03-01,電話
ACT-A00298-1,A00298,2026-03-01,電話
ACT-A00298-2,A00298,2026-03-01,メール
ACT-A00299-1,A00299,2026-03-01,電話
ACT-A00300-1,A00300,2026-03-01,電話
ACT-A00301-1,A00301,2026-03-01,電話
ACT-A00302-1,A00302,2026-03-01,電話
ACT-A00302-2,A00302,2026-03-01,メール
ACT-A00302-3,A00302,2026-03-01,商談
ACT-A00302-4,A00302,2026-03-01,資料送付
ACT-A00303-1,A00303,2026-03-01,電話
ACT-A00304-1,A00304,2026-03-01,電話
ACT-A00304-2,A00304,2026-03-01,メール
ACT-A00304-3,A00304,2026-03-01,商談
ACT-A00304-4,A00304,2026-03-01,資料送付
ACT-A00304-5,A00304,2026-03-01,電話
ACT-A00305-1,A00305,2026-03-01,電話
ACT-A00306-1,A00306,2026-03-01,電話
ACT-A00306-2,A00306,2026-03-01,メール
ACT-A00307-1,A00307,2026-03-01,電話
ACT-A00307-2,A00307,2026-03-01,メール
ACT-A00308-1,A00308,2026-03-25,電話
ACT-A00308-2,A00308,2026-03-22,メール
ACT-A00308-3,A00308,2026-03-19,商談
ACT-A00309-1,A00309,2026-03-01,電話
ACT-A00310-1,A00310,2026-03-01,電話
ACT-A00310-2,A00310,2026-03-01,メール
ACT-A00311-1,A00311,2026-03-01,電話
ACT-A00313-1,A00313,2026-03-01,電話
ACT-A00313-2,A00313,2026-03-01,メール
ACT-A00314-1,A00314,2026-03-01,電話
ACT-A00314-2,A00314,2026-03-01,メール
ACT-A00314-3,A00314,2026-03-01,商談
ACT-A00314-4,A00314,2026-03-01,資料送付
ACT-A00315-1,A00315,2026-03-01,電話
ACT-A00315-2,A00315,2026-03-01,メール
ACT-A00315-3,A00315,2026-03-01,商談
ACT-A00315-4,A00315,2026-03-01,資料送付
ACT-A00315-5,A00315,2026-03-01,電話
ACT-A00315-6,A00315,2026-03-01,メール
ACT-A00316-1,A00316,2026-03-03,電話
ACT-A00316-2,A00316,2026-03-01,メール
ACT-A00316-3,A00316,2026-03-01,商談
ACT-A00316-4,A00316,2026-03-01,資料送付
ACT-A00317-1,A00317,2026-03-01,電話
ACT-A00317-2,A00317,2026-03-01,メール
ACT-A00318-1,A00318,2026-03-01,電話
ACT-A00318-2,A00318,2026-03-01,メール
ACT-A00319-1,A00319,2026-03-01,電話
ACT-A00319-2,A00319,2026-03-01,メール
ACT-A00320-1,A00320,2026-03-24,電話
ACT-A00320-2,A00320,2026-03-21,メール
ACT-A00321-1,A00321,2026-03-19,電話
ACT-A00321-2,A00321,2026-03-16,メール
ACT-A00321-3,A00321,2026-03-13,商談
ACT-A00322-1,A00322,2026-03-01,電話
ACT-A00322-2,A00322,2026-03-01,メール
ACT-A00323-1,A00323,2026-03-01,電話
ACT-A00323-2,A00323,2026-03-01,メール
ACT-A00324-1,A00324,2026-03-18,電話
ACT-A00324-2,A00324,2026-03-15,メール
ACT-A00324-3,A00324,2026-03-12,商談
ACT-A00325-1,A00325,2026-03-26,電話
ACT-A00325-2,A00325,2026-03-23,メール
ACT-A00326-1,A00326,2026-03-10,電話
ACT-A00326-2,A00326,2026-03-07,メール
ACT-A00328-1,A00328,2026-03-01,電話
ACT-A00329-1,A00329,2026-03-01,電話
ACT-A00329-2,A00329,2026-03-01,メール
ACT-A00329-3,A00329,2026-03-01,商談
ACT-A00330-1,A00330,2026-03-01,電話
ACT-A00330-2,A00330,2026-03-01,メール
ACT-A00330-3,A00330,2026-03-01,商談
ACT-A00331-1,A00331,2026-03-01,電話
ACT-A00332-1,A00332,2026-03-27,電話
ACT-A00332-2,A00332,2026-03-24,メール
ACT-A00332-3,A00332,2026-03-21,商談
ACT-A00333-1,A00333,2026-03-01,電話
ACT-A00333-2,A00333,2026-03-01,メール
ACT-A00333-3,A00333,2026-03-01,商談
ACT-A00333-4,A00333,2026-03-01,資料送付
ACT-A00333-5,A00333,2026-03-01,電話
ACT-A00333-6,A00333,2026-03-01,メール
ACT-A00334-1,A00334,2026-03-01,電話
ACT-A00334-2,A00334,2026-03-01,メール
ACT-A00335-1,A00335,2026-03-01,電話
ACT-A00337-1,A00337,2026-03-01,電話
ACT-A00337-2,A00337,2026-03-01,メール
ACT-A00337-3,A00337,2026-03-01,商談
ACT-A00337-4,A00337,2026-03-01,資料送付
ACT-A00338-1,A00338,2026-03-01,電話
ACT-A00338-2,A00338,2026-03-01,メール
ACT-A00338-3,A00338,2026-03-01,商談
ACT-A00338-4,A00338,2026-03-01,資料送付
ACT-A00339-1,A00339,2026-03-01,電話
ACT-A00340-1,A00340,2026-03-01,電話
ACT-A00340-2,A00340,2026-03-01,メール
ACT-A00340-3,A00340,2026-03-01,商談
ACT-A00340-4,A00340,2026-03-01,資料送付
ACT-A00340-5,A00340,2026-03-01,電話
ACT-A00340-6,A00340,2026-03-01,メール
ACT-A00341-1,A00341,2026-03-01,電話
ACT-A00341-2,A00341,2026-03-01,メール
ACT-A00341-3,A00341,2026-03-01,商談
ACT-A00342-1,A00342,2026-03-01,電話
ACT-A00342-2,A00342,2026-03-01,メール
ACT-A00342-3,A00342,2026-03-01,商談
ACT-A00343-1,A00343,2026-03-07,電話
ACT-A00346-1,A00346,2026-03-12,電話
ACT-A00347-1,A00347,2026-03-01,電話
ACT-A00347-2,A00347,2026-03-01,メール
ACT-A00347-3,A00347,2026-03-01,商談
ACT-A00348-1,A00348,2026-03-01,電話
ACT-A00348-2,A00348,2026-03-01,メール
ACT-A00348-3,A00348,2026-03-01,商談
ACT-A00349-1,A00349,2026-03-01,電話
ACT-A00349-2,A00349,2026-03-01,メール
ACT-A00349-3,A00349,2026-03-01,商談
ACT-A00349-4,A00349,2026-03-01,資料送付
ACT-A00350-1,A00350,2026-03-01,電話
ACT-A00350-2,A00350,2026-03-01,メール
ACT-A00350-3,A00350,2026-03-01,商談
ACT-A00350-4,A00350,2026-03-01,資料送付
ACT-A00350-5,A00350,2026-03-01,電話
ACT-A00351-1,A00351,2026-03-01,電話
ACT-A00353-1,A00353,2026-03-01,電話
ACT-A00354-1,A00354,2026-03-11,電話
ACT-A00354-2,A00354,2026-03-08,メール
ACT-A00354-3,A00354,2026-03-05,商談
ACT-A00354-4,A00354,2026-03-02,資料送付
ACT-A00355-1,A00355,2026-03-01,電話
ACT-A00355-2,A00355,2026-03-01,メール
ACT-A00355-3,A00355,2026-03-01,商談
ACT-A00355-4,A00355,2026-03-01,資料送付
ACT-A00355-5,A00355,2026-03-01,電話
ACT-A00356-1,A00356,2026-03-07,電話
ACT-A00356-2,A00356,2026-03-04,メール
ACT-A00356-3,A00356,2026-03-01,商談
ACT-A00356-4,A00356,2026-03-01,資料送付
ACT-A00357-1,A00357,2026-03-01,電話
ACT-A00357-2,A00357,2026-03-01,メール
ACT-A00358-1,A00358,2026-03-01,電話
ACT-A00358-2,A00358,2026-03-01,メール
ACT-A00358-3,A00358,2026-03-01,商談
ACT-A00359-1,A00359,2026-03-01,電話
ACT-A00359-2,A00359,2026-03-01,メール
ACT-A00359-3,A00359,2026-03-01,商談
ACT-A00360-1,A00360,2026-03-01,電話
ACT-A00360-2,A00360,2026-03-01,メール
ACT-A00360-3,A00360,2026-03-01,商談
ACT-A00360-4,A00360,2026-03-01,資料送付
ACT-A00360-5,A00360,2026-03-01,電話
ACT-A00361-1,A00361,2026-03-20,電話
ACT-A00361-2,A00361,2026-03-17,メール
ACT-A00361-3,A00361,2026-03-14,商談
ACT-A00361-4,A00361,2026-03-11,資料送付
ACT-A00362-1,A00362,2026-03-03,電話
ACT-A00362-2,A00362,2026-03-01,メール
ACT-A00363-1,A00363,2026-03-24,電話
ACT-A00363-2,A00363,2026-03-21,メール
ACT-A00363-3,A00363,2026-03-18,商談
ACT-A00363-4,A00363,2026-03-15,資料送付
ACT-A00363-5,A00363,2026-03-12,電話
ACT-A00364-1,A00364,2026-03-01,電話
ACT-A00364-2,A00364,2026-03-01,メール
ACT-A00364-3,A00364,2026-03-01,商談
ACT-A00365-1,A00365,2026-03-01,電話
ACT-A00365-2,A00365,2026-03-01,メール
ACT-A00366-1,A00366,2026-03-01,電話
ACT-A00366-2,A00366,2026-03-01,メール
ACT-A00366-3,A00366,2026-03-01,商談
ACT-A00367-1,A00367,2026-03-01,電話
ACT-A00369-1,A00369,2026-03-01,電話
ACT-A00369-2,A00369,2026-03-01,メール
ACT-A00370-1,A00370,2026-03-28,電話
ACT-A00370-2,A00370,2026-03-25,メール
ACT-A00370-3,A00370,2026-03-22,商談
ACT-A00370-4,A00370,2026-03-19,資料送付
ACT-A00371-1,A00371,2026-03-22,電話
ACT-A00371-2,A00371,2026-03-19,メール
ACT-A00371-3,A00371,2026-03-16,商談
ACT-A00372-1,A00372,2026-03-01,電話
ACT-A00372-2,A00372,2026-03-01,メール
ACT-A00373-1,A00373,2026-03-05,電話
ACT-A00374-1,A00374,2026-03-01,電話
ACT-A00374-2,A00374,2026-03-01,メール
ACT-A00374-3,A00374,2026-03-01,商談
ACT-A00374-4,A00374,2026-03-01,資料送付
ACT-A00375-1,A00375,2026-03-01,電話
ACT-A00375-2,A00375,2026-03-01,メール
ACT-A00375-3,A00375,2026-03-01,商談
ACT-A00375-4,A00375,2026-03-01,資料送付
ACT-A00376-1,A00376,2026-03-01,電話
ACT-A00376-2,A00376,2026-03-01,メール
ACT-A00376-3,A00376,2026-03-01,商談
ACT-A00376-4,A00376,2026-03-01,資料送付
ACT-A00376-5,A00376,2026-03-01,電話
ACT-A00378-1,A00378,2026-03-01,電話
ACT-A00378-2,A00378,2026-03-01,メール
ACT-A00378-3,A00378,2026-03-01,商談
ACT-A00379-1,A00379,2026-03-01,電話
ACT-A00379-2,A00379,2026-03-01,メール
ACT-A00379-3,A00379,2026-03-01,商談
ACT-A00379-4,A00379,2026-03-01,資料送付
ACT-A00380-1,A00380,2026-03-01,電話
ACT-A00380-2,A00380,2026-03-01,メール
ACT-A00380-3,A00380,2026-03-01,商談
ACT-A00380-4,A00380,2026-03-01,資料送付
ACT-A00381-1,A00381,2026-03-28,電話
ACT-A00381-2,A00381,2026-03-25,メール
ACT-A00381-3,A00381,2026-03-22,商談
ACT-A00381-4,A00381,2026-03-19,資料送付
ACT-A00381-5,A00381,2026-03-16,電話
ACT-A00381-6,A00381,2026-03-13,メール
ACT-A00381-7,A00381,2026-03-10,商談
ACT-A00382-1,A00382,2026-03-01,電話
ACT-A00382-2,A00382,2026-03-01,メール
ACT-A00382-3,A00382,2026-03-01,商談
ACT-A00382-4,A00382,2026-03-01,資料送付
ACT-A00383-1,A00383,2026-03-01,電話
ACT-A00383-2,A00383,2026-03-01,メール
ACT-A00383-3,A00383,2026-03-01,商談
ACT-A00383-4,A00383,2026-03-01,資料送付
ACT-A00384-1,A00384,2026-03-01,電話
ACT-A00384-2,A00384,2026-03-01,メール
ACT-A00385-1,A00385,2026-03-25,電話
ACT-A00385-2,A00385,2026-03-22,メール
ACT-A00386-1,A00386,2026-03-01,電話
ACT-A00386-2,A00386,2026-03-01,メール
ACT-A00387-1,A00387,2026-03-08,電話
ACT-A00387-2,A00387,2026-03-05,メール
ACT-A00387-3,A00387,2026-03-02,商談
ACT-A00388-1,A00388,2026-03-07,電話
ACT-A00388-2,A00388,2026-03-04,メール
ACT-A00388-3,A00388,2026-03-01,商談
ACT-A00388-4,A00388,2026-03-01,資料送付
ACT-A00388-5,A00388,2026-03-01,電話
ACT-A00389-1,A00389,2026-03-01,電話
ACT-A00389-2,A00389,2026-03-01,メール
ACT-A00389-3,A00389,2026-03-01,商談
ACT-A00389-4,A00389,2026-03-01,資料送付
ACT-A00391-1,A00391,2026-03-28,電話
ACT-A00391-2,A00391,2026-03-25,メール
ACT-A00391-3,A00391,2026-03-22,商談
ACT-A00391-4,A00391,2026-03-19,資料送付
ACT-A00391-5,A00391,2026-03-16,電話
ACT-A00391-6,A00391,2026-03-13,メール
ACT-A00392-1,A00392,2026-03-01,電話
ACT-A00392-2,A00392,2026-03-01,メール
ACT-A00392-3,A00392,2026-03-01,商談
ACT-A00393-1,A00393,2026-03-01,電話
ACT-A00393-2,A00393,2026-03-01,メール
ACT-A00393-3,A00393,2026-03-01,商談
ACT-A00394-1,A00394,2026-03-01,電話
ACT-A00394-2,A00394,2026-03-01,メール
ACT-A00395-1,A00395,2026-03-01,電話
ACT-A00395-2,A00395,2026-03-01,メール
ACT-A00395-3,A00395,2026-03-01,商談
ACT-A00395-4,A00395,2026-03-01,資料送付
ACT-A00395-5,A00395,2026-03-01,電話
ACT-A00395-6,A00395,2026-03-01,メール
ACT-A00396-1,A00396,2026-03-18,電話
ACT-A00396-2,A00396,2026-03-15,メール
ACT-A00396-3,A00396,2026-03-12,商談
ACT-A00397-1,A00397,2026-03-01,電話
ACT-A00397-2,A00397,2026-03-01,メール
ACT-A00398-1,A00398,2026-03-01,電話
ACT-A00398-2,A00398,2026-03-01,メール
ACT-A00398-3,A00398,2026-03-01,商談
ACT-A00399-1,A00399,2026-03-01,電話
ACT-A00399-2,A00399,2026-03-01,メール
ACT-A00399-3,A00399,2026-03-01,商談
ACT-A00400-1,A00400,2026-03-25,電話
ACT-A00402-1,A00402,2026-03-01,電話
ACT-A00403-1,A00403,2026-03-01,電話
ACT-A00404-1,A00404,2026-03-01,電話
ACT-A00404-2,A00404,2026-03-01,メール
ACT-A00404-3,A00404,2026-03-01,商談
ACT-A00405-1,A00405,2026-03-01,電話
ACT-A00405-2,A00405,2026-03-01,メール
ACT-A00405-3,A00405,2026-03-01,商談
ACT-A00407-1,A00407,2026-03-01,電話
ACT-A00407-2,A00407,2026-03-01,メール
ACT-A00407-3,A00407,2026-03-01,商談
ACT-A00408-1,A00408,2026-03-16,電話
ACT-A00409-1,A00409,2026-03-26,電話
ACT-A00409-2,A00409,2026-03-23,メール
ACT-A00409-3,A00409,2026-03-20,商談
ACT-A00409-4,A00409,2026-03-17,資料送付
ACT-A00410-1,A00410,2026-03-02,電話
ACT-A00410-2,A00410,2026-03-01,メール
ACT-A00411-1,A00411,2026-03-01,電話
ACT-A00413-1,A00413,2026-03-01,電話
ACT-A00413-2,A00413,2026-03-01,メール
ACT-A00413-3,A00413,2026-03-01,商談
ACT-A00414-1,A00414,2026-03-01,電話
ACT-A00415-1,A00415,2026-03-01,電話
ACT-A00415-2,A00415,2026-03-01,メール
ACT-A00415-3,A00415,2026-03-01,商談
ACT-A00416-1,A00416,2026-03-01,電話
ACT-A00416-2,A00416,2026-03-01,メール
ACT-A00417-1,A00417,2026-03-01,電話
ACT-A00417-2,A00417,2026-03-01,メール
ACT-A00417-3,A00417,2026-03-01,商談
ACT-A00418-1,A00418,2026-03-01,電話
ACT-A00418-2,A00418,2026-03-01,メール
ACT-A00418-3,A00418,2026-03-01,商談
ACT-A00419-1,A00419,2026-03-01,電話
ACT-A00419-2,A00419,2026-03-01,メール
ACT-A00420-1,A00420,2026-03-01,電話
ACT-A00420-2,A00420,2026-03-01,メール
ACT-A00420-3,A00420,2026-03-01,商談
ACT-A00420-4,A00420,2026-03-01,資料送付
ACT-A00420-5,A00420,2026-03-01,電話
ACT-A00421-1,A00421,2026-03-01,電話
ACT-A00421-2,A00421,2026-03-01,メール
ACT-A00422-1,A00422,2026-03-01,電話
ACT-A00423-1,A00423,2026-03-01,電話
ACT-A00423-2,A00423,2026-03-01,メール
ACT-A00423-3,A00423,2026-03-01,商談
ACT-A00424-1,A00424,2026-03-01,電話
ACT-A00424-2,A00424,2026-03-01,メール
ACT-A00425-1,A00425,2026-03-19,電話
ACT-A00425-2,A00425,2026-03-16,メール
ACT-A00425-3,A00425,2026-03-13,商談
ACT-A00425-4,A00425,2026-03-10,資料送付
ACT-A00426-1,A00426,2026-03-01,電話
ACT-A00426-2,A00426,2026-03-01,メール
ACT-A00427-1,A00427,2026-03-01,電話
ACT-A00427-2,A00427,2026-03-01,メール
ACT-A00428-1,A00428,2026-03-01,電話
ACT-A00429-1,A00429,2026-03-01,電話
ACT-A00429-2,A00429,2026-03-01,メール
ACT-A00429-3,A00429,2026-03-01,商談
ACT-A00429-4,A00429,2026-03-01,資料送付
ACT-A00430-1,A00430,2026-03-01,電話
ACT-A00430-2,A00430,2026-03-01,メール
ACT-A00430-3,A00430,2026-03-01,商談
ACT-A00430-4,A00430,2026-03-01,資料送付
ACT-A00430-5,A00430,2026-03-01,電話
ACT-A00431-1,A00431,2026-03-01,電話
ACT-A00431-2,A00431,2026-03-01,メール
ACT-A00432-1,A00432,2026-03-22,電話
ACT-A00432-2,A00432,2026-03-19,メール
ACT-A00433-1,A00433,2026-03-01,電話
ACT-A00433-2,A00433,2026-03-01,メール
ACT-A00434-1,A00434,2026-03-01,電話
ACT-A00434-2,A00434,2026-03-01,メール
ACT-A00434-3,A00434,2026-03-01,商談
ACT-A00435-1,A00435,2026-03-01,電話
ACT-A00435-2,A00435,2026-03-01,メール
ACT-A00437-1,A00437,2026-03-05,電話
ACT-A00437-2,A00437,2026-03-02,メール
ACT-A00437-3,A00437,2026-03-01,商談
ACT-A00437-4,A00437,2026-03-01,資料送付
ACT-A00437-5,A00437,2026-03-01,電話
ACT-A00439-1,A00439,2026-03-01,電話
ACT-A00439-2,A00439,2026-03-01,メール
ACT-A00441-1,A00441,2026-03-01,電話
ACT-A00441-2,A00441,2026-03-01,メール
ACT-A00441-3,A00441,2026-03-01,商談
ACT-A00441-4,A00441,2026-03-01,資料送付
ACT-A00442-1,A00442,2026-03-01,電話
ACT-A00442-2,A00442,2026-03-01,メール
ACT-A00442-3,A00442,2026-03-01,商談
ACT-A00442-4,A00442,2026-03-01,資料送付
ACT-A00442-5,A00442,2026-03-01,電話
ACT-A00445-1,A00445,2026-03-28,電話
ACT-A00446-1,A00446,2026-03-01,電話
ACT-A00447-1,A00447,2026-03-01,電話
ACT-A00447-2,A00447,2026-03-01,メール
ACT-A00447-3,A00447,2026-03-01,商談
ACT-A00447-4,A00447,2026-03-01,資料送付
ACT-A00447-5,A00447,2026-03-01,電話
ACT-A00447-6,A00447,2026-03-01,メール
ACT-A00448-1,A00448,2026-03-01,電話
ACT-A00448-2,A00448,2026-03-01,メール
ACT-A00449-1,A00449,2026-03-01,電話
ACT-A00449-2,A00449,2026-03-01,メール
ACT-A00449-3,A00449,2026-03-01,商談
ACT-A00449-4,A00449,2026-03-01,資料送付
ACT-A00450-1,A00450,2026-03-01,電話
ACT-A00450-2,A00450,2026-03-01,メール
ACT-A00450-3,A00450,2026-03-01,商談
ACT-A00450-4,A00450,2026-03-01,資料送付
ACT-A00450-5,A00450,2026-03-01,電話
ACT-A00450-6,A00450,2026-03-01,メール
ACT-A00451-1,A00451,2026-03-01,電話
ACT-A00451-2,A00451,2026-03-01,メール
ACT-A00451-3,A00451,2026-03-01,商談
ACT-A00451-4,A00451,2026-03-01,資料送付
ACT-A00452-1,A00452,2026-03-01,電話
ACT-A00452-2,A00452,2026-03-01,メール
ACT-A00452-3,A00452,2026-03-01,商談
ACT-A00452-4,A00452,2026-03-01,資料送付
ACT-A00452-5,A00452,2026-03-01,電話
ACT-A00453-1,A00453,2026-03-01,電話
ACT-A00453-2,A00453,2026-03-01,メール
ACT-A00453-3,A00453,2026-03-01,商談
ACT-A00454-1,A00454,2026-03-01,電話
ACT-A00454-2,A00454,2026-03-01,メール
ACT-A00455-1,A00455,2026-03-01,電話
ACT-A00455-2,A00455,2026-03-01,メール
ACT-A00455-3,A00455,2026-03-01,商談
ACT-A00458-1,A00458,2026-03-05,電話
ACT-A00458-2,A00458,2026-03-02,メール
ACT-A00458-3,A00458,2026-03-01,商談
ACT-A00459-1,A00459,2026-03-01,電話
ACT-A00459-2,A00459,2026-03-01,メール
ACT-A00459-3,A00459,2026-03-01,商談
ACT-A00460-1,A00460,2026-03-01,電話
ACT-A00460-2,A00460,2026-03-01,メール
ACT-A00461-1,A00461,2026-03-24,電話
ACT-A00462-1,A00462,2026-03-01,電話
ACT-A00462-2,A00462,2026-03-01,メール
ACT-A00463-1,A00463,2026-03-01,電話
ACT-A00463-2,A00463,2026-03-01,メール
ACT-A00464-1,A00464,2026-03-01,電話
ACT-A00464-2,A00464,2026-03-01,メール
ACT-A00464-3,A00464,2026-03-01,商談
ACT-A00465-1,A00465,2026-03-01,電話
ACT-A00466-1,A00466,2026-03-16,電話
ACT-A00467-1,A00467,2026-03-01,電話
ACT-A00468-1,A00468,2026-03-01,電話
ACT-A00468-2,A00468,2026-03-01,メール
ACT-A00468-3,A00468,2026-03-01,商談
ACT-A00469-1,A00469,2026-03-01,電話
ACT-A00470-1,A00470,2026-03-01,電話
ACT-A00470-2,A00470,2026-03-01,メール
ACT-A00470-3,A00470,2026-03-01,商談
ACT-A00470-4,A00470,2026-03-01,資料送付
ACT-A00470-5,A00470,2026-03-01,電話
ACT-A00470-6,A00470,2026-03-01,メール
ACT-A00470-7,A00470,2026-03-01,商談
ACT-A00472-1,A00472,2026-03-01,電話
ACT-A00473-1,A00473,2026-03-01,電話
ACT-A00473-2,A00473,2026-03-01,メール
ACT-A00474-1,A00474,2026-03-23,電話
ACT-A00475-1,A00475,2026-03-01,電話
ACT-A00475-2,A00475,2026-03-01,メール
ACT-A00476-1,A00476,2026-03-01,電話
ACT-A00476-2,A00476,2026-03-01,メール
ACT-A00476-3,A00476,2026-03-01,商談
ACT-A00476-4,A00476,2026-03-01,資料送付
ACT-A00477-1,A00477,2026-03-21,電話
ACT-A00477-2,A00477,2026-03-18,メール
ACT-A00477-3,A00477,2026-03-15,商談
ACT-A00477-4,A00477,2026-03-12,資料送付
ACT-A00477-5,A00477,2026-03-09,電話
ACT-A00477-6,A00477,2026-03-06,メール
ACT-A00478-1,A00478,2026-03-01,電話
ACT-A00478-2,A00478,2026-03-01,メール
ACT-A00479-1,A00479,2026-03-01,電話
ACT-A00480-1,A00480,2026-03-01,電話
ACT-A00480-2,A00480,2026-03-01,メール
ACT-A00480-3,A00480,2026-03-01,商談
ACT-A00480-4,A00480,2026-03-01,資料送付
ACT-A00481-1,A00481,2026-03-14,電話
ACT-A00481-2,A00481,2026-03-11,メール
ACT-A00481-3,A00481,2026-03-08,商談
ACT-A00481-4,A00481,2026-03-05,資料送付
ACT-A00481-5,A00481,2026-03-02,電話
ACT-A00482-1,A00482,2026-03-09,電話
ACT-A00482-2,A00482,2026-03-06,メール
ACT-A00482-3,A00482,2026-03-03,商談
ACT-A00484-1,A00484,2026-03-01,電話
ACT-A00484-2,A00484,2026-03-01,メール
ACT-A00484-3,A00484,2026-03-01,商談
ACT-A00484-4,A00484,2026-03-01,資料送付
ACT-A00485-1,A00485,2026-03-01,電話
ACT-A00485-2,A00485,2026-03-01,メール
ACT-A00485-3,A00485,2026-03-01,商談
ACT-A00485-4,A00485,2026-03-01,資料送付
ACT-A00486-1,A00486,2026-03-01,電話
ACT-A00486-2,A00486,2026-03-01,メール
ACT-A00486-3,A00486,2026-03-01,商談
ACT-A00487-1,A00487,2026-03-23,電話
ACT-A00488-1,A00488,2026-03-01,電話
ACT-A00488-2,A00488,2026-03-01,メール
ACT-A00488-3,A00488,2026-03-01,商談
ACT-A00488-4,A00488,2026-03-01,資料送付
ACT-A00488-5,A00488,2026-03-01,電話
ACT-A00488-6,A00488,2026-03-01,メール
ACT-A00489-1,A00489,2026-03-01,電話
ACT-A00490-1,A00490,2026-03-01,電話
ACT-A00490-2,A00490,2026-03-01,メール
ACT-A00492-1,A00492,2026-03-01,電話
ACT-A00492-2,A00492,2026-03-01,メール
ACT-A00492-3,A00492,2026-03-01,商談
ACT-A00492-4,A00492,2026-03-01,資料送付
ACT-A00492-5,A00492,2026-03-01,電話
ACT-A00493-1,A00493,2026-03-25,電話
ACT-A00495-1,A00495,2026-03-01,電話
ACT-A00495-2,A00495,2026-03-01,メール
ACT-A00495-3,A00495,2026-03-01,商談
ACT-A00496-1,A00496,2026-03-27,電話
ACT-A00496-2,A00496,2026-03-24,メール
ACT-A00496-3,A00496,2026-03-21,商談
ACT-A00496-4,A00496,2026-03-18,資料送付
ACT-A00497-1,A00497,2026-03-01,電話
ACT-A00497-2,A00497,2026-03-01,メール
ACT-A00497-3,A00497,2026-03-01,商談
ACT-A00498-1,A00498,2026-03-01,電話
ACT-A00498-2,A00498,2026-03-01,メール
ACT-A00498-3,A00498,2026-03-01,商談
ACT-A00498-4,A00498,2026-03-01,資料送付
ACT-A00498-5,A00498,2026-03-01,電話
ACT-A00499-1,A00499,2026-03-01,電話
ACT-A00499-2,A00499,2026-03-01,メール
ACT-A00500-1,A00500,2026-03-01,電話
ACT-A00500-2,A00500,2026-03-01,メール
ACT-A00500-3,A00500,2026-03-01,商談
ACT-A00501-1,A00501,2026-03-01,電話
ACT-A00501-2,A00501,2026-03-01,メール
ACT-A00501-3,A00501,2026-03-01,商談
ACT-A00501-4,A00501,2026-03-01,資料送付
ACT-A00501-5,A00501,2026-03-01,電話
ACT-A00502-1,A00502,2026-03-01,電話
ACT-A00503-1,A00503,2026-03-01,電話
ACT-A00503-2,A00503,2026-03-01,メール
ACT-A00503-3,A00503,2026-03-01,商談
ACT-A00503-4,A00503,2026-03-01,資料送付
ACT-A00503-5,A00503,2026-03-01,電話
ACT-A00504-1,A00504,2026-03-01,電話
ACT-A00504-2,A00504,2026-03-01,メール
ACT-A00504-3,A00504,2026-03-01,商談
ACT-A00504-4,A00504,2026-03-01,資料送付
ACT-A00504-5,A00504,2026-03-01,電話
ACT-A00505-1,A00505,2026-03-01,電話
ACT-A00505-2,A00505,2026-03-01,メール
ACT-A00505-3,A00505,2026-03-01,商談
ACT-A00505-4,A00505,2026-03-01,資料送付
ACT-A00505-5,A00505,2026-03-01,電話
ACT-A00506-1,A00506,2026-03-01,電話
ACT-A00507-1,A00507,2026-03-01,電話
ACT-A00507-2,A00507,2026-03-01,メール
ACT-A00508-1,A00508,2026-03-01,電話
ACT-A00508-2,A00508,2026-03-01,メール
ACT-A00508-3,A00508,2026-03-01,商談
ACT-A00508-4,A00508,2026-03-01,資料送付
ACT-A00508-5,A00508,2026-03-01,電話
ACT-A00509-1,A00509,2026-03-01,電話
ACT-A00509-2,A00509,2026-03-01,メール
ACT-A00510-1,A00510,2026-03-24,電話
ACT-A00510-2,A00510,2026-03-21,メール
ACT-A00510-3,A00510,2026-03-18,商談
ACT-A00510-4,A00510,2026-03-15,資料送付
ACT-A00511-1,A00511,2026-03-01,電話
ACT-A00511-2,A00511,2026-03-01,メール
ACT-A00511-3,A00511,2026-03-01,商談
ACT-A00511-4,A00511,2026-03-01,資料送付
ACT-A00511-5,A00511,2026-03-01,電話
ACT-A00512-1,A00512,2026-03-02,電話
ACT-A00512-2,A00512,2026-03-01,メール
ACT-A00513-1,A00513,2026-03-01,電話
ACT-A00514-1,A00514,2026-03-25,電話
ACT-A00514-2,A00514,2026-03-22,メール
ACT-A00515-1,A00515,2026-03-01,電話
ACT-A00515-2,A00515,2026-03-01,メール
ACT-A00516-1,A00516,2026-03-01,電話
ACT-A00516-2,A00516,2026-03-01,メール
ACT-A00516-3,A00516,2026-03-01,商談
ACT-A00518-1,A00518,2026-03-01,電話
ACT-A00518-2,A00518,2026-03-01,メール
ACT-A00518-3,A00518,2026-03-01,商談
ACT-A00519-1,A00519,2026-03-01,電話
ACT-A00521-1,A00521,2026-03-24,電話
ACT-A00522-1,A00522,2026-03-01,電話
ACT-A00522-2,A00522,2026-03-01,メール
ACT-A00522-3,A00522,2026-03-01,商談
ACT-A00522-4,A00522,2026-03-01,資料送付
ACT-A00523-1,A00523,2026-03-01,電話
ACT-A00523-2,A00523,2026-03-01,メール
ACT-A00523-3,A00523,2026-03-01,商談
ACT-A00524-1,A00524,2026-03-01,電話
ACT-A00524-2,A00524,2026-03-01,メール
ACT-A00525-1,A00525,2026-03-01,電話
ACT-A00525-2,A00525,2026-03-01,メール
ACT-A00526-1,A00526,2026-03-01,電話
ACT-A00526-2,A00526,2026-03-01,メール
ACT-A00527-1,A00527,2026-03-28,電話
ACT-A00528-1,A00528,2026-03-01,電話
ACT-A00529-1,A00529,2026-03-01,電話
ACT-A00529-2,A00529,2026-03-01,メール
ACT-A00530-1,A00530,2026-03-01,電話
ACT-A00531-1,A00531,2026-03-01,電話
ACT-A00531-2,A00531,2026-03-01,メール
ACT-A00532-1,A00532,2026-03-17,電話
ACT-A00532-2,A00532,2026-03-14,メール
ACT-A00532-3,A00532,2026-03-11,商談
ACT-A00533-1,A00533,2026-03-01,電話
ACT-A00533-2,A00533,2026-03-01,メール
ACT-A00533-3,A00533,2026-03-01,商談
ACT-A00534-1,A00534,2026-03-01,電話
ACT-A00534-2,A00534,2026-03-01,メール
ACT-A00535-1,A00535,2026-03-01,電話
ACT-A00535-2,A00535,2026-03-01,メール
ACT-A00536-1,A00536,2026-03-01,電話
ACT-A00536-2,A00536,2026-03-01,メール
ACT-A00536-3,A00536,2026-03-01,商談
ACT-A00537-1,A00537,2026-03-01,電話
ACT-A00538-1,A00538,2026-03-01,電話
ACT-A00539-1,A00539,2026-03-17,電話
ACT-A00539-2,A00539,2026-03-14,メール
ACT-A00539-3,A00539,2026-03-11,商談
ACT-A00540-1,A00540,2026-03-01,電話
ACT-A00540-2,A00540,2026-03-01,メール
ACT-A00540-3,A00540,2026-03-01,商談
ACT-A00541-1,A00541,2026-03-01,電話
ACT-A00541-2,A00541,2026-03-01,メール
ACT-A00542-1,A00542,2026-03-01,電話
ACT-A00542-2,A00542,2026-03-01,メール
ACT-A00543-1,A00543,2026-03-01,電話
ACT-A00543-2,A00543,2026-03-01,メール
ACT-A00543-3,A00543,2026-03-01,商談
ACT-A00543-4,A00543,2026-03-01,資料送付
ACT-A00544-1,A00544,2026-03-14,電話
ACT-A00544-2,A00544,2026-03-11,メール
ACT-A00544-3,A00544,2026-03-08,商談
ACT-A00545-1,A00545,2026-03-01,電話
ACT-A00545-2,A00545,2026-03-01,メール
ACT-A00545-3,A00545,2026-03-01,商談
ACT-A00546-1,A00546,2026-03-28,電話
ACT-A00546-2,A00546,2026-03-25,メール
ACT-A00546-3,A00546,2026-03-22,商談
ACT-A00547-1,A00547,2026-03-01,電話
ACT-A00547-2,A00547,2026-03-01,メール
ACT-A00547-3,A00547,2026-03-01,商談
ACT-A00548-1,A00548,2026-03-01,電話
ACT-A00548-2,A00548,2026-03-01,メール
ACT-A00549-1,A00549,2026-03-01,電話
ACT-A00549-2,A00549,2026-03-01,メール
ACT-A00550-1,A00550,2026-03-08,電話
ACT-A00550-2,A00550,2026-03-05,メール
ACT-A00551-1,A00551,2026-03-01,電話
ACT-A00551-2,A00551,2026-03-01,メール
ACT-A00551-3,A00551,2026-03-01,商談
ACT-A00551-4,A00551,2026-03-01,資料送付
ACT-A00552-1,A00552,2026-03-01,電話
ACT-A00552-2,A00552,2026-03-01,メール
ACT-A00553-1,A00553,2026-03-01,電話
ACT-A00553-2,A00553,2026-03-01,メール
ACT-A00554-1,A00554,2026-03-01,電話
ACT-A00554-2,A00554,2026-03-01,メール
ACT-A00554-3,A00554,2026-03-01,商談
ACT-A00556-1,A00556,2026-03-01,電話
ACT-A00556-2,A00556,2026-03-01,メール
ACT-A00557-1,A00557,2026-03-01,電話
ACT-A00557-2,A00557,2026-03-01,メール
ACT-A00558-1,A00558,2026-03-01,電話
ACT-A00559-1,A00559,2026-03-01,電話
ACT-A00559-2,A00559,2026-03-01,メール
ACT-A00559-3,A00559,2026-03-01,商談
ACT-A00559-4,A00559,2026-03-01,資料送付
ACT-A00559-5,A00559,2026-03-01,電話
ACT-A00560-1,A00560,2026-03-01,電話
ACT-A00560-2,A00560,2026-03-01,メール
ACT-A00560-3,A00560,2026-03-01,商談
ACT-A00560-4,A00560,2026-03-01,資料送付
ACT-A00561-1,A00561,2026-03-02,電話
ACT-A00561-2,A00561,2026-03-01,メール
ACT-A00561-3,A00561,2026-03-01,商談
ACT-A00562-1,A00562,2026-03-01,電話
ACT-A00562-2,A00562,2026-03-01,メール
ACT-A00562-3,A00562,2026-03-01,商談
ACT-A00562-4,A00562,2026-03-01,資料送付
ACT-A00562-5,A00562,2026-03-01,電話
ACT-A00563-1,A00563,2026-03-08,電話
ACT-A00563-2,A00563,2026-03-05,メール
ACT-A00564-1,A00564,2026-03-01,電話
ACT-A00564-2,A00564,2026-03-01,メール
ACT-A00564-3,A00564,2026-03-01,商談
ACT-A00565-1,A00565,2026-03-01,電話
ACT-A00565-2,A00565,2026-03-01,メール
ACT-A00565-3,A00565,2026-03-01,商談
ACT-A00565-4,A00565,2026-03-01,資料送付
ACT-A00566-1,A00566,2026-03-01,電話
ACT-A00566-2,A00566,2026-03-01,メール
ACT-A00566-3,A00566,2026-03-01,商談
ACT-A00567-1,A00567,2026-03-01,電話
ACT-A00567-2,A00567,2026-03-01,メール
ACT-A00567-3,A00567,2026-03-01,商談
ACT-A00568-1,A00568,2026-03-01,電話
ACT-A00568-2,A00568,2026-03-01,メール
ACT-A00569-1,A00569,2026-03-01,電話
ACT-A00569-2,A00569,2026-03-01,メール
ACT-A00569-3,A00569,2026-03-01,商談
ACT-A00569-4,A00569,2026-03-01,資料送付
ACT-A00569-5,A00569,2026-03-01,電話
ACT-A00570-1,A00570,2026-03-01,電話
ACT-A00570-2,A00570,2026-03-01,メール
ACT-A00570-3,A00570,2026-03-01,商談
ACT-A00570-4,A00570,2026-03-01,資料送付
ACT-A00571-1,A00571,2026-03-22,電話
ACT-A00571-2,A00571,2026-03-19,メール
ACT-A00571-3,A00571,2026-03-16,商談
ACT-A00571-4,A00571,2026-03-13,資料送付
ACT-A00571-5,A00571,2026-03-10,電話
ACT-A00572-1,A00572,2026-03-01,電話
ACT-A00572-2,A00572,2026-03-01,メール
ACT-A00572-3,A00572,2026-03-01,商談
ACT-A00572-4,A00572,2026-03-01,資料送付
ACT-A00572-5,A00572,2026-03-01,電話
ACT-A00572-6,A00572,2026-03-01,メール
ACT-A00573-1,A00573,2026-03-05,電話
ACT-A00573-2,A00573,2026-03-02,メール
ACT-A00573-3,A00573,2026-03-01,商談
ACT-A00574-1,A00574,2026-03-01,電話
ACT-A00575-1,A00575,2026-03-01,電話
ACT-A00576-1,A00576,2026-03-01,電話
ACT-A00576-2,A00576,2026-03-01,メール
ACT-A00576-3,A00576,2026-03-01,商談
ACT-A00577-1,A00577,2026-03-01,電話
ACT-A00577-2,A00577,2026-03-01,メール
ACT-A00578-1,A00578,2026-03-01,電話
ACT-A00578-2,A00578,2026-03-01,メール
ACT-A00578-3,A00578,2026-03-01,商談
ACT-A00581-1,A00581,2026-03-01,電話
ACT-A00581-2,A00581,2026-03-01,メール
ACT-A00581-3,A00581,2026-03-01,商談
ACT-A00581-4,A00581,2026-03-01,資料送付
ACT-A00581-5,A00581,2026-03-01,電話
ACT-A00581-6,A00581,2026-03-01,メール
ACT-A00582-1,A00582,2026-03-01,電話
ACT-A00582-2,A00582,2026-03-01,メール
ACT-A00582-3,A00582,2026-03-01,商談
ACT-A00583-1,A00583,2026-03-19,電話
ACT-A00583-2,A00583,2026-03-16,メール
ACT-A00584-1,A00584,2026-03-01,電話
ACT-A00584-2,A00584,2026-03-01,メール
ACT-A00585-1,A00585,2026-03-11,電話
ACT-A00585-2,A00585,2026-03-08,メール
ACT-A00585-3,A00585,2026-03-05,商談
ACT-A00585-4,A00585,2026-03-02,資料送付
ACT-A00585-5,A00585,2026-03-01,電話
ACT-A00586-1,A00586,2026-03-21,電話
ACT-A00587-1,A00587,2026-03-01,電話
ACT-A00587-2,A00587,2026-03-01,メール
ACT-A00587-3,A00587,2026-03-01,商談
ACT-A00587-4,A00587,2026-03-01,資料送付
ACT-A00587-5,A00587,2026-03-01,電話
ACT-A00587-6,A00587,2026-03-01,メール
ACT-A00588-1,A00588,2026-03-01,電話
ACT-A00588-2,A00588,2026-03-01,メール
ACT-A00589-1,A00589,2026-03-13,電話
ACT-A00589-2,A00589,2026-03-10,メール
ACT-A00589-3,A00589,2026-03-07,商談
ACT-A00590-1,A00590,2026-03-01,電話
ACT-A00590-2,A00590,2026-03-01,メール
ACT-A00590-3,A00590,2026-03-01,商談
ACT-A00590-4,A00590,2026-03-01,資料送付
ACT-A00590-5,A00590,2026-03-01,電話
ACT-A00591-1,A00591,2026-03-01,電話
ACT-A00592-1,A00592,2026-03-01,電話
ACT-A00592-2,A00592,2026-03-01,メール
ACT-A00592-3,A00592,2026-03-01,商談
ACT-A00592-4,A00592,2026-03-01,資料送付
ACT-A00592-5,A00592,2026-03-01,電話
ACT-A00594-1,A00594,2026-03-01,電話
ACT-A00595-1,A00595,2026-03-01,電話
ACT-A00595-2,A00595,2026-03-01,メール
ACT-A00595-3,A00595,2026-03-01,商談
ACT-A00596-1,A00596,2026-03-01,電話
ACT-A00597-1,A00597,2026-03-01,電話
ACT-A00598-1,A00598,2026-03-01,電話
ACT-A00598-2,A00598,2026-03-01,メール
ACT-A00599-1,A00599,2026-03-01,電話
ACT-A00600-1,A00600,2026-03-01,電話
ACT-A00600-2,A00600,2026-03-01,メール
ACT-A00602-1,A00602,2026-03-01,電話
ACT-A00602-2,A00602,2026-03-01,メール
ACT-A00602-3,A00602,2026-03-01,商談
ACT-A00603-1,A00603,2026-03-17,電話
ACT-A00603-2,A00603,2026-03-14,メール
ACT-A00603-3,A00603,2026-03-11,商談
ACT-A00604-1,A00604,2026-03-01,電話
ACT-A00604-2,A00604,2026-03-01,メール
ACT-A00604-3,A00604,2026-03-01,商談
ACT-A00605-1,A00605,2026-03-01,電話
ACT-A00605-2,A00605,2026-03-01,メール
ACT-A00606-1,A00606,2026-03-01,電話
ACT-A00606-2,A00606,2026-03-01,メール
ACT-A00607-1,A00607,2026-03-01,電話
ACT-A00608-1,A00608,2026-03-07,電話
ACT-A00608-2,A00608,2026-03-04,メール
ACT-A00608-3,A00608,2026-03-01,商談
ACT-A00608-4,A00608,2026-03-01,資料送付
ACT-A00609-1,A00609,2026-03-01,電話
ACT-A00609-2,A00609,2026-03-01,メール
ACT-A00609-3,A00609,2026-03-01,商談
ACT-A00609-4,A00609,2026-03-01,資料送付
ACT-A00609-5,A00609,2026-03-01,電話
ACT-A00610-1,A00610,2026-03-01,電話
ACT-A00610-2,A00610,2026-03-01,メール
ACT-A00610-3,A00610,2026-03-01,商談
ACT-A00610-4,A00610,2026-03-01,資料送付
ACT-A00611-1,A00611,2026-03-19,電話
ACT-A00612-1,A00612,2026-03-01,電話
ACT-A00612-2,A00612,2026-03-01,メール
ACT-A00612-3,A00612,2026-03-01,商談
ACT-A00612-4,A00612,2026-03-01,資料送付
ACT-A00613-1,A00613,2026-03-01,電話
ACT-A00615-1,A00615,2026-03-01,電話
ACT-A00615-2,A00615,2026-03-01,メール
ACT-A00615-3,A00615,2026-03-01,商談
ACT-A00616-1,A00616,2026-03-01,電話
ACT-A00617-1,A00617,2026-03-22,電話
ACT-A00617-2,A00617,2026-03-19,メール
ACT-A00617-3,A00617,2026-03-16,商談
ACT-A00618-1,A00618,2026-03-01,電話
ACT-A00618-2,A00618,2026-03-01,メール
ACT-A00618-3,A00618,2026-03-01,商談
ACT-A00619-1,A00619,2026-03-16,電話
ACT-A00619-2,A00619,2026-03-13,メール
ACT-A00620-1,A00620,2026-03-01,電話
ACT-A00620-2,A00620,2026-03-01,メール
ACT-A00620-3,A00620,2026-03-01,商談
ACT-A00620-4,A00620,2026-03-01,資料送付
ACT-A00620-5,A00620,2026-03-01,電話
ACT-A00620-6,A00620,2026-03-01,メール
ACT-A00621-1,A00621,2026-03-01,電話
ACT-A00621-2,A00621,2026-03-01,メール
ACT-A00622-1,A00622,2026-03-01,電話
ACT-A00623-1,A00623,2026-03-01,電話
ACT-A00624-1,A00624,2026-03-01,電話
ACT-A00624-2,A00624,2026-03-01,メール
ACT-A00624-3,A00624,2026-03-01,商談
ACT-A00624-4,A00624,2026-03-01,資料送付
ACT-A00625-1,A00625,2026-03-01,電話
ACT-A00625-2,A00625,2026-03-01,メール
ACT-A00625-3,A00625,2026-03-01,商談
ACT-A00625-4,A00625,2026-03-01,資料送付
ACT-A00626-1,A00626,2026-03-01,電話
ACT-A00627-1,A00627,2026-03-01,電話
ACT-A00627-2,A00627,2026-03-01,メール
ACT-A00628-1,A00628,2026-03-01,電話
ACT-A00628-2,A00628,2026-03-01,メール
ACT-A00628-3,A00628,2026-03-01,商談
ACT-A00629-1,A00629,2026-03-11,電話
ACT-A00629-2,A00629,2026-03-08,メール
ACT-A00630-1,A00630,2026-03-01,電話
ACT-A00630-2,A00630,2026-03-01,メール
ACT-A00630-3,A00630,2026-03-01,商談
ACT-A00631-1,A00631,2026-03-01,電話
ACT-A00631-2,A00631,2026-03-01,メール
ACT-A00631-3,A00631,2026-03-01,商談
ACT-A00632-1,A00632,2026-03-01,電話
ACT-A00633-1,A00633,2026-03-01,電話
ACT-A00633-2,A00633,2026-03-01,メール
ACT-A00634-1,A00634,2026-03-01,電話
ACT-A00634-2,A00634,2026-03-01,メール
ACT-A00634-3,A00634,2026-03-01,商談
ACT-A00635-1,A00635,2026-03-01,電話
ACT-A00635-2,A00635,2026-03-01,メール
ACT-A00635-3,A00635,2026-03-01,商談
ACT-A00638-1,A00638,2026-03-01,電話
ACT-A00638-2,A00638,2026-03-01,メール
ACT-A00638-3,A00638,2026-03-01,商談
ACT-A00639-1,A00639,2026-03-23,電話
ACT-A00639-2,A00639,2026-03-20,メール
ACT-A00640-1,A00640,2026-03-01,電話
ACT-A00640-2,A00640,2026-03-01,メール
ACT-A00640-3,A00640,2026-03-01,商談
ACT-A00641-1,A00641,2026-03-18,電話
ACT-A00641-2,A00641,2026-03-15,メール
ACT-A00642-1,A00642,2026-03-01,電話
ACT-A00642-2,A00642,2026-03-01,メール
ACT-A00643-1,A00643,2026-03-01,電話
ACT-A00643-2,A00643,2026-03-01,メール
ACT-A00644-1,A00644,2026-03-24,電話
ACT-A00644-2,A00644,2026-03-21,メール
ACT-A00644-3,A00644,2026-03-18,商談
ACT-A00645-1,A00645,2026-03-09,電話
ACT-A00645-2,A00645,2026-03-06,メール
ACT-A00646-1,A00646,2026-03-01,電話
ACT-A00646-2,A00646,2026-03-01,メール
ACT-A00646-3,A00646,2026-03-01,商談
ACT-A00646-4,A00646,2026-03-01,資料送付
ACT-A00647-1,A00647,2026-03-01,電話
ACT-A00647-2,A00647,2026-03-01,メール
ACT-A00647-3,A00647,2026-03-01,商談
ACT-A00647-4,A00647,2026-03-01,資料送付
ACT-A00648-1,A00648,2026-03-01,電話
ACT-A00648-2,A00648,2026-03-01,メール
ACT-A00648-3,A00648,2026-03-01,商談
ACT-A00649-1,A00649,2026-03-01,電話
ACT-A00649-2,A00649,2026-03-01,メール
ACT-A00649-3,A00649,2026-03-01,商談
ACT-A00650-1,A00650,2026-03-14,電話
ACT-A00650-2,A00650,2026-03-11,メール
ACT-A00651-1,A00651,2026-03-01,電話
ACT-A00651-2,A00651,2026-03-01,メール
ACT-A00652-1,A00652,2026-03-01,電話
ACT-A00652-2,A00652,2026-03-01,メール
ACT-A00653-1,A00653,2026-03-01,電話
ACT-A00653-2,A00653,2026-03-01,メール
ACT-A00653-3,A00653,2026-03-01,商談
ACT-A00653-4,A00653,2026-03-01,資料送付
ACT-A00653-5,A00653,2026-03-01,電話
ACT-A00654-1,A00654,2026-03-01,電話
ACT-A00654-2,A00654,2026-03-01,メール
ACT-A00654-3,A00654,2026-03-01,商談
ACT-A00655-1,A00655,2026-03-01,電話
ACT-A00656-1,A00656,2026-03-01,電話
ACT-A00657-1,A00657,2026-03-01,電話
ACT-A00657-2,A00657,2026-03-01,メール
ACT-A00657-3,A00657,2026-03-01,商談
ACT-A00659-1,A00659,2026-03-28,電話
ACT-A00660-1,A00660,2026-03-01,電話
ACT-A00662-1,A00662,2026-03-01,電話
ACT-A00662-2,A00662,2026-03-01,メール
ACT-A00662-3,A00662,2026-03-01,商談
ACT-A00662-4,A00662,2026-03-01,資料送付
ACT-A00663-1,A00663,2026-03-01,電話
ACT-A00663-2,A00663,2026-03-01,メール
ACT-A00663-3,A00663,2026-03-01,商談
ACT-A00664-1,A00664,2026-03-01,電話
ACT-A00665-1,A00665,2026-03-01,電話
ACT-A00665-2,A00665,2026-03-01,メール
ACT-A00665-3,A00665,2026-03-01,商談
ACT-A00665-4,A00665,2026-03-01,資料送付
ACT-A00665-5,A00665,2026-03-01,電話
ACT-A00666-1,A00666,2026-03-01,電話
ACT-A00666-2,A00666,2026-03-01,メール
ACT-A00667-1,A00667,2026-03-01,電話
ACT-A00667-2,A00667,2026-03-01,メール
ACT-A00667-3,A00667,2026-03-01,商談
ACT-A00667-4,A00667,2026-03-01,資料送付
ACT-A00668-1,A00668,2026-03-01,電話
ACT-A00669-1,A00669,2026-03-01,電話
ACT-A00669-2,A00669,2026-03-01,メール
ACT-A00669-3,A00669,2026-03-01,商談
ACT-A00670-1,A00670,2026-03-12,電話
ACT-A00670-2,A00670,2026-03-09,メール
ACT-A00670-3,A00670,2026-03-06,商談
ACT-A00670-4,A00670,2026-03-03,資料送付
ACT-A00671-1,A00671,2026-03-01,電話
ACT-A00671-2,A00671,2026-03-01,メール
ACT-A00672-1,A00672,2026-03-01,電話
ACT-A00673-1,A00673,2026-03-01,電話
ACT-A00675-1,A00675,2026-03-01,電話
ACT-A00675-2,A00675,2026-03-01,メール
ACT-A00675-3,A00675,2026-03-01,商談
ACT-A00675-4,A00675,2026-03-01,資料送付
ACT-A00676-1,A00676,2026-03-01,電話
ACT-A00676-2,A00676,2026-03-01,メール
ACT-A00676-3,A00676,2026-03-01,商談
ACT-A00677-1,A00677,2026-03-01,電話
ACT-A00677-2,A00677,2026-03-01,メール
ACT-A00678-1,A00678,2026-03-01,電話
ACT-A00678-2,A00678,2026-03-01,メール
ACT-A00678-3,A00678,2026-03-01,商談
ACT-A00680-1,A00680,2026-03-17,電話
ACT-A00680-2,A00680,2026-03-14,メール
ACT-A00680-3,A00680,2026-03-11,商談
ACT-A00680-4,A00680,2026-03-08,資料送付
ACT-A00680-5,A00680,2026-03-05,電話
ACT-A00680-6,A00680,2026-03-02,メール
ACT-A00680-7,A00680,2026-03-01,商談
ACT-A00681-1,A00681,2026-03-19,電話
ACT-A00681-2,A00681,2026-03-16,メール
ACT-A00681-3,A00681,2026-03-13,商談
ACT-A00682-1,A00682,2026-03-01,電話
ACT-A00682-2,A00682,2026-03-01,メール
ACT-A00682-3,A00682,2026-03-01,商談
ACT-A00683-1,A00683,2026-03-01,電話
ACT-A00683-2,A00683,2026-03-01,メール
ACT-A00683-3,A00683,2026-03-01,商談
ACT-A00683-4,A00683,2026-03-01,資料送付
ACT-A00683-5,A00683,2026-03-01,電話
ACT-A00684-1,A00684,2026-03-01,電話
ACT-A00685-1,A00685,2026-03-21,電話
ACT-A00685-2,A00685,2026-03-18,メール
ACT-A00685-3,A00685,2026-03-15,商談
ACT-A00685-4,A00685,2026-03-12,資料送付
ACT-A00686-1,A00686,2026-03-01,電話
ACT-A00686-2,A00686,2026-03-01,メール
ACT-A00686-3,A00686,2026-03-01,商談
ACT-A00687-1,A00687,2026-03-01,電話
ACT-A00687-2,A00687,2026-03-01,メール
ACT-A00688-1,A00688,2026-03-01,電話
ACT-A00688-2,A00688,2026-03-01,メール
ACT-A00688-3,A00688,2026-03-01,商談
ACT-A00688-4,A00688,2026-03-01,資料送付
ACT-A00688-5,A00688,2026-03-01,電話
ACT-A00688-6,A00688,2026-03-01,メール
ACT-A00690-1,A00690,2026-03-01,電話
ACT-A00690-2,A00690,2026-03-01,メール
ACT-A00691-1,A00691,2026-03-01,電話
ACT-A00691-2,A00691,2026-03-01,メール
ACT-A00691-3,A00691,2026-03-01,商談
ACT-A00692-1,A00692,2026-03-01,電話
ACT-A00692-2,A00692,2026-03-01,メール
ACT-A00692-3,A00692,2026-03-01,商談
ACT-A00693-1,A00693,2026-03-01,電話
ACT-A00693-2,A00693,2026-03-01,メール
ACT-A00694-1,A00694,2026-03-01,電話
ACT-A00694-2,A00694,2026-03-01,メール
ACT-A00695-1,A00695,2026-03-02,電話
ACT-A00695-2,A00695,2026-03-01,メール
ACT-A00696-1,A00696,2026-03-25,電話
ACT-A00696-2,A00696,2026-03-22,メール
ACT-A00696-3,A00696,2026-03-19,商談
ACT-A00696-4,A00696,2026-03-16,資料送付
ACT-A00696-5,A00696,2026-03-13,電話
ACT-A00697-1,A00697,2026-03-07,電話
ACT-A00697-2,A00697,2026-03-04,メール
ACT-A00698-1,A00698,2026-03-28,電話
ACT-A00698-2,A00698,2026-03-25,メール
ACT-A00698-3,A00698,2026-03-22,商談
ACT-A00699-1,A00699,2026-03-01,電話
ACT-A00699-2,A00699,2026-03-01,メール
ACT-A00700-1,A00700,2026-03-01,電話
ACT-A00700-2,A00700,2026-03-01,メール
ACT-A00700-3,A00700,2026-03-01,商談
ACT-A00700-4,A00700,2026-03-01,資料送付
ACT-A00701-1,A00701,2026-03-01,電話
ACT-A00701-2,A00701,2026-03-01,メール
ACT-A00701-3,A00701,2026-03-01,商談
ACT-A00702-1,A00702,2026-03-10,電話
ACT-A00702-2,A00702,2026-03-07,メール
ACT-A00703-1,A00703,2026-03-01,電話
ACT-A00703-2,A00703,2026-03-01,メール
ACT-A00704-1,A00704,2026-03-01,電話
ACT-A00705-1,A00705,2026-03-01,電話
ACT-A00705-2,A00705,2026-03-01,メール
ACT-A00705-3,A00705,2026-03-01,商談
ACT-A00706-1,A00706,2026-03-01,電話
ACT-A00706-2,A00706,2026-03-01,メール
ACT-A00706-3,A00706,2026-03-01,商談
ACT-A00706-4,A00706,2026-03-01,資料送付
ACT-A00708-1,A00708,2026-03-01,電話
ACT-A00708-2,A00708,2026-03-01,メール
ACT-A00709-1,A00709,2026-03-01,電話
ACT-A00710-1,A00710,2026-03-01,電話
ACT-A00710-2,A00710,2026-03-01,メール
ACT-A00711-1,A00711,2026-03-08,電話
ACT-A00712-1,A00712,2026-03-01,電話
ACT-A00712-2,A00712,2026-03-01,メール
ACT-A00712-3,A00712,2026-03-01,商談
ACT-A00713-1,A00713,2026-03-01,電話
ACT-A00713-2,A00713,2026-03-01,メール
ACT-A00713-3,A00713,2026-03-01,商談
ACT-A00714-1,A00714,2026-03-19,電話
ACT-A00715-1,A00715,2026-03-01,電話
ACT-A00716-1,A00716,2026-03-01,電話
ACT-A00718-1,A00718,2026-03-01,電話
ACT-A00718-2,A00718,2026-03-01,メール
ACT-A00718-3,A00718,2026-03-01,商談
ACT-A00718-4,A00718,2026-03-01,資料送付
ACT-A00719-1,A00719,2026-03-01,電話
ACT-A00719-2,A00719,2026-03-01,メール
ACT-A00719-3,A00719,2026-03-01,商談
ACT-A00720-1,A00720,2026-03-01,電話
ACT-A00721-1,A00721,2026-03-01,電話
ACT-A00721-2,A00721,2026-03-01,メール
ACT-A00721-3,A00721,2026-03-01,商談
ACT-A00721-4,A00721,2026-03-01,資料送付
ACT-A00721-5,A00721,2026-03-01,電話
ACT-A00722-1,A00722,2026-03-01,電話
ACT-A00723-1,A00723,2026-03-01,電話
ACT-A00723-2,A00723,2026-03-01,メール
ACT-A00723-3,A00723,2026-03-01,商談
ACT-A00723-4,A00723,2026-03-01,資料送付
ACT-A00723-5,A00723,2026-03-01,電話
ACT-A00724-1,A00724,2026-03-23,電話
ACT-A00724-2,A00724,2026-03-20,メール
ACT-A00725-1,A00725,2026-03-01,電話
ACT-A00725-2,A00725,2026-03-01,メール
ACT-A00725-3,A00725,2026-03-01,商談
ACT-A00725-4,A00725,2026-03-01,資料送付
ACT-A00725-5,A00725,2026-03-01,電話
ACT-A00726-1,A00726,2026-03-25,電話
ACT-A00726-2,A00726,2026-03-22,メール
ACT-A00727-1,A00727,2026-03-01,電話
ACT-A00728-1,A00728,2026-03-10,電話
ACT-A00728-2,A00728,2026-03-07,メール
ACT-A00728-3,A00728,2026-03-04,商談
ACT-A00729-1,A00729,2026-03-01,電話
ACT-A00729-2,A00729,2026-03-01,メール
ACT-A00732-1,A00732,2026-03-01,電話
ACT-A00732-2,A00732,2026-03-01,メール
ACT-A00733-1,A00733,2026-03-01,電話
ACT-A00733-2,A00733,2026-03-01,メール
ACT-A00734-1,A00734,2026-03-01,電話
ACT-A00735-1,A00735,2026-03-01,電話
ACT-A00735-2,A00735,2026-03-01,メール
ACT-A00736-1,A00736,2026-03-01,電話
ACT-A00736-2,A00736,2026-03-01,メール
ACT-A00736-3,A00736,2026-03-01,商談
ACT-A00736-4,A00736,2026-03-01,資料送付
ACT-A00737-1,A00737,2026-03-12,電話
ACT-A00737-2,A00737,2026-03-09,メール
ACT-A00739-1,A00739,2026-03-01,電話
ACT-A00739-2,A00739,2026-03-01,メール
ACT-A00740-1,A00740,2026-03-01,電話
ACT-A00741-1,A00741,2026-03-01,電話
ACT-A00741-2,A00741,2026-03-01,メール
ACT-A00742-1,A00742,2026-03-01,電話
ACT-A00742-2,A00742,2026-03-01,メール
ACT-A00743-1,A00743,2026-03-01,電話
ACT-A00743-2,A00743,2026-03-01,メール
ACT-A00744-1,A00744,2026-03-01,電話
ACT-A00744-2,A00744,2026-03-01,メール
ACT-A00744-3,A00744,2026-03-01,商談
ACT-A00744-4,A00744,2026-03-01,資料送付
ACT-A00745-1,A00745,2026-03-13,電話
ACT-A00745-2,A00745,2026-03-10,メール
ACT-A00746-1,A00746,2026-03-01,電話
ACT-A00747-1,A00747,2026-03-01,電話
ACT-A00747-2,A00747,2026-03-01,メール
ACT-A00749-1,A00749,2026-03-01,電話
ACT-A00749-2,A00749,2026-03-01,メール
ACT-A00749-3,A00749,2026-03-01,商談
ACT-A00749-4,A00749,2026-03-01,資料送付
ACT-A00749-5,A00749,2026-03-01,電話
ACT-A00750-1,A00750,2026-03-01,電話
ACT-A00750-2,A00750,2026-03-01,メール
ACT-A00750-3,A00750,2026-03-01,商談
ACT-A00751-1,A00751,2026-03-01,電話
ACT-A00751-2,A00751,2026-03-01,メール
ACT-A00751-3,A00751,2026-03-01,商談
ACT-A00751-4,A00751,2026-03-01,資料送付
ACT-A00754-1,A00754,2026-03-01,電話
ACT-A00754-2,A00754,2026-03-01,メール
ACT-A00754-3,A00754,2026-03-01,商談
ACT-A00754-4,A00754,2026-03-01,資料送付
ACT-A00755-1,A00755,2026-03-16,電話
ACT-A00755-2,A00755,2026-03-13,メール
ACT-A00756-1,A00756,2026-03-15,電話
ACT-A00756-2,A00756,2026-03-12,メール
ACT-A00756-3,A00756,2026-03-09,商談
ACT-A00756-4,A00756,2026-03-06,資料送付
ACT-A00756-5,A00756,2026-03-03,電話
ACT-A00757-1,A00757,2026-03-04,電話
ACT-A00757-2,A00757,2026-03-01,メール
ACT-A00757-3,A00757,2026-03-01,商談
ACT-A00758-1,A00758,2026-03-01,電話
ACT-A00758-2,A00758,2026-03-01,メール
ACT-A00758-3,A00758,2026-03-01,商談
ACT-A00759-1,A00759,2026-03-01,電話
ACT-A00759-2,A00759,2026-03-01,メール
ACT-A00759-3,A00759,2026-03-01,商談
ACT-A00759-4,A00759,2026-03-01,資料送付
ACT-A00761-1,A00761,2026-03-01,電話
ACT-A00761-2,A00761,2026-03-01,メール
ACT-A00761-3,A00761,2026-03-01,商談
ACT-A00762-1,A00762,2026-03-01,電話
ACT-A00762-2,A00762,2026-03-01,メール
ACT-A00762-3,A00762,2026-03-01,商談
ACT-A00762-4,A00762,2026-03-01,資料送付
ACT-A00764-1,A00764,2026-03-01,電話
ACT-A00764-2,A00764,2026-03-01,メール
ACT-A00764-3,A00764,2026-03-01,商談
ACT-A00764-4,A00764,2026-03-01,資料送付
ACT-A00765-1,A00765,2026-03-01,電話
ACT-A00765-2,A00765,2026-03-01,メール
ACT-A00767-1,A00767,2026-03-01,電話
ACT-A00768-1,A00768,2026-03-01,電話
ACT-A00769-1,A00769,2026-03-01,電話
ACT-A00769-2,A00769,2026-03-01,メール
ACT-A00769-3,A00769,2026-03-01,商談
ACT-A00770-1,A00770,2026-03-01,電話
ACT-A00770-2,A00770,2026-03-01,メール
ACT-A00770-3,A00770,2026-03-01,商談
ACT-A00771-1,A00771,2026-03-01,電話
ACT-A00772-1,A00772,2026-03-01,電話
ACT-A00772-2,A00772,2026-03-01,メール
ACT-A00772-3,A00772,2026-03-01,商談
ACT-A00772-4,A00772,2026-03-01,資料送付
ACT-A00773-1,A00773,2026-03-07,電話
ACT-A00773-2,A00773,2026-03-04,メール
ACT-A00774-1,A00774,2026-03-01,電話
ACT-A00774-2,A00774,2026-03-01,メール
ACT-A00774-3,A00774,2026-03-01,商談
ACT-A00775-1,A00775,2026-03-01,電話
ACT-A00776-1,A00776,2026-03-01,電話
ACT-A00776-2,A00776,2026-03-01,メール
ACT-A00776-3,A00776,2026-03-01,商談
ACT-A00776-4,A00776,2026-03-01,資料送付
ACT-A00777-1,A00777,2026-03-08,電話
ACT-A00777-2,A00777,2026-03-05,メール
ACT-A00777-3,A00777,2026-03-02,商談
ACT-A00777-4,A00777,2026-03-01,資料送付
ACT-A00777-5,A00777,2026-03-01,電話
ACT-A00777-6,A00777,2026-03-01,メール
ACT-A00778-1,A00778,2026-03-01,電話
ACT-A00779-1,A00779,2026-03-01,電話
ACT-A00779-2,A00779,2026-03-01,メール
ACT-A00779-3,A00779,2026-03-01,商談
ACT-A00779-4,A00779,2026-03-01,資料送付
ACT-A00779-5,A00779,2026-03-01,電話
ACT-A00779-6,A00779,2026-03-01,メール
ACT-A00780-1,A00780,2026-03-01,電話
ACT-A00781-1,A00781,2026-03-14,電話
ACT-A00781-2,A00781,2026-03-11,メール
ACT-A00782-1,A00782,2026-03-07,電話
ACT-A00782-2,A00782,2026-03-04,メール
ACT-A00783-1,A00783,2026-03-01,電話
ACT-A00783-2,A00783,2026-03-01,メール
ACT-A00783-3,A00783,2026-03-01,商談
ACT-A00783-4,A00783,2026-03-01,資料送付
ACT-A00783-5,A00783,2026-03-01,電話
ACT-A00783-6,A00783,2026-03-01,メール
ACT-A00784-1,A00784,2026-03-01,電話
ACT-A00784-2,A00784,2026-03-01,メール
ACT-A00785-1,A00785,2026-03-01,電話
ACT-A00787-1,A00787,2026-03-01,電話
ACT-A00787-2,A00787,2026-03-01,メール
ACT-A00787-3,A00787,2026-03-01,商談
ACT-A00788-1,A00788,2026-03-02,電話
ACT-A00788-2,A00788,2026-03-01,メール
ACT-A00789-1,A00789,2026-03-06,電話
ACT-A00789-2,A00789,2026-03-03,メール
ACT-A00789-3,A00789,2026-03-01,商談
ACT-A00790-1,A00790,2026-03-21,電話
ACT-A00790-2,A00790,2026-03-18,メール
ACT-A00791-1,A00791,2026-03-01,電話
ACT-A00792-1,A00792,2026-03-01,電話
ACT-A00792-2,A00792,2026-03-01,メール
ACT-A00793-1,A00793,2026-03-01,電話
ACT-A00793-2,A00793,2026-03-01,メール
ACT-A00793-3,A00793,2026-03-01,商談
ACT-A00794-1,A00794,2026-03-01,電話
ACT-A00794-2,A00794,2026-03-01,メール
ACT-A00794-3,A00794,2026-03-01,商談
ACT-A00795-1,A00795,2026-03-01,電話
ACT-A00795-2,A00795,2026-03-01,メール
ACT-A00795-3,A00795,2026-03-01,商談
ACT-A00796-1,A00796,2026-03-01,電話
ACT-A00796-2,A00796,2026-03-01,メール
ACT-A00797-1,A00797,2026-03-01,電話
ACT-A00797-2,A00797,2026-03-01,メール
ACT-A00798-1,A00798,2026-03-01,電話
ACT-A00798-2,A00798,2026-03-01,メール
ACT-A00799-1,A00799,2026-03-01,電話
ACT-A00799-2,A00799,2026-03-01,メール
ACT-A00799-3,A00799,2026-03-01,商談
ACT-A00800-1,A00800,2026-03-01,電話
ACT-A00800-2,A00800,2026-03-01,メール
ACT-A00800-3,A00800,2026-03-01,商談
ACT-A00800-4,A00800,2026-03-01,資料送付
ACT-A00800-5,A00800,2026-03-01,電話
ACT-A00800-6,A00800,2026-03-01,メール
ACT-A00801-1,A00801,2026-03-01,電話
ACT-A00802-1,A00802,2026-03-01,電話
ACT-A00802-2,A00802,2026-03-01,メール
ACT-A00803-1,A00803,2026-03-01,電話
ACT-A00804-1,A00804,2026-03-01,電話
ACT-A00804-2,A00804,2026-03-01,メール
ACT-A00805-1,A00805,2026-03-27,電話
ACT-A00805-2,A00805,2026-03-24,メール
ACT-A00806-1,A00806,2026-03-01,電話
ACT-A00806-2,A00806,2026-03-01,メール
ACT-A00806-3,A00806,2026-03-01,商談
ACT-A00806-4,A00806,2026-03-01,資料送付
ACT-A00806-5,A00806,2026-03-01,電話
ACT-A00807-1,A00807,2026-03-01,電話
ACT-A00807-2,A00807,2026-03-01,メール
ACT-A00807-3,A00807,2026-03-01,商談
ACT-A00808-1,A00808,2026-03-15,電話
ACT-A00808-2,A00808,2026-03-12,メール
ACT-A00808-3,A00808,2026-03-09,商談
ACT-A00809-1,A00809,2026-03-01,電話
ACT-A00809-2,A00809,2026-03-01,メール
ACT-A00809-3,A00809,2026-03-01,商談
ACT-A00809-4,A00809,2026-03-01,資料送付
ACT-A00809-5,A00809,2026-03-01,電話
ACT-A00810-1,A00810,2026-03-01,電話
ACT-A00811-1,A00811,2026-03-01,電話
ACT-A00811-2,A00811,2026-03-01,メール
ACT-A00812-1,A00812,2026-03-01,電話
ACT-A00813-1,A00813,2026-03-24,電話
ACT-A00813-2,A00813,2026-03-21,メール
ACT-A00814-1,A00814,2026-03-01,電話
ACT-A00814-2,A00814,2026-03-01,メール
ACT-A00815-1,A00815,2026-03-01,電話
ACT-A00816-1,A00816,2026-03-01,電話
ACT-A00816-2,A00816,2026-03-01,メール
ACT-A00816-3,A00816,2026-03-01,商談
ACT-A00816-4,A00816,2026-03-01,資料送付
ACT-A00817-1,A00817,2026-03-01,電話
ACT-A00817-2,A00817,2026-03-01,メール
ACT-A00817-3,A00817,2026-03-01,商談
ACT-A00818-1,A00818,2026-03-01,電話
ACT-A00818-2,A00818,2026-03-01,メール
ACT-A00818-3,A00818,2026-03-01,商談
ACT-A00818-4,A00818,2026-03-01,資料送付
ACT-A00818-5,A00818,2026-03-01,電話
ACT-A00818-6,A00818,2026-03-01,メール
ACT-A00818-7,A00818,2026-03-01,商談
ACT-A00818-8,A00818,2026-03-01,資料送付
ACT-A00820-1,A00820,2026-03-01,電話
ACT-A00820-2,A00820,2026-03-01,メール
ACT-A00820-3,A00820,2026-03-01,商談
ACT-A00820-4,A00820,2026-03-01,資料送付
ACT-A00821-1,A00821,2026-03-01,電話
ACT-A00821-2,A00821,2026-03-01,メール
ACT-A00822-1,A00822,2026-03-01,電話
ACT-A00822-2,A00822,2026-03-01,メール
ACT-A00823-1,A00823,2026-03-01,電話
ACT-A00823-2,A00823,2026-03-01,メール
ACT-A00824-1,A00824,2026-03-24,電話
ACT-A00824-2,A00824,2026-03-21,メール
ACT-A00824-3,A00824,2026-03-18,商談
ACT-A00824-4,A00824,2026-03-15,資料送付
ACT-A00824-5,A00824,2026-03-12,電話
ACT-A00825-1,A00825,2026-03-01,電話
ACT-A00825-2,A00825,2026-03-01,メール
ACT-A00825-3,A00825,2026-03-01,商談
ACT-A00826-1,A00826,2026-03-06,電話
ACT-A00826-2,A00826,2026-03-03,メール
ACT-A00827-1,A00827,2026-03-01,電話
ACT-A00827-2,A00827,2026-03-01,メール
ACT-A00828-1,A00828,2026-03-01,電話
ACT-A00828-2,A00828,2026-03-01,メール
ACT-A00828-3,A00828,2026-03-01,商談
ACT-A00828-4,A00828,2026-03-01,資料送付
ACT-A00828-5,A00828,2026-03-01,電話
ACT-A00828-6,A00828,2026-03-01,メール
ACT-A00829-1,A00829,2026-03-06,電話
ACT-A00829-2,A00829,2026-03-03,メール
ACT-A00829-3,A00829,2026-03-01,商談
ACT-A00830-1,A00830,2026-03-01,電話
ACT-A00830-2,A00830,2026-03-01,メール
ACT-A00830-3,A00830,2026-03-01,商談
ACT-A00830-4,A00830,2026-03-01,資料送付
ACT-A00831-1,A00831,2026-03-01,電話
ACT-A00831-2,A00831,2026-03-01,メール
ACT-A00832-1,A00832,2026-03-01,電話
ACT-A00832-2,A00832,2026-03-01,メール
ACT-A00833-1,A00833,2026-03-13,電話
ACT-A00833-2,A00833,2026-03-10,メール
ACT-A00833-3,A00833,2026-03-07,商談
ACT-A00834-1,A00834,2026-03-01,電話
ACT-A00834-2,A00834,2026-03-01,メール
ACT-A00834-3,A00834,2026-03-01,商談
ACT-A00834-4,A00834,2026-03-01,資料送付
ACT-A00834-5,A00834,2026-03-01,電話
ACT-A00834-6,A00834,2026-03-01,メール
ACT-A00835-1,A00835,2026-03-01,電話
ACT-A00835-2,A00835,2026-03-01,メール
ACT-A00836-1,A00836,2026-03-22,電話
ACT-A00836-2,A00836,2026-03-19,メール
ACT-A00837-1,A00837,2026-03-01,電話
ACT-A00837-2,A00837,2026-03-01,メール
ACT-A00837-3,A00837,2026-03-01,商談
ACT-A00837-4,A00837,2026-03-01,資料送付
ACT-A00837-5,A00837,2026-03-01,電話
ACT-A00838-1,A00838,2026-03-01,電話
ACT-A00838-2,A00838,2026-03-01,メール
ACT-A00839-1,A00839,2026-03-19,電話
ACT-A00839-2,A00839,2026-03-16,メール
ACT-A00839-3,A00839,2026-03-13,商談
ACT-A00839-4,A00839,2026-03-10,資料送付
ACT-A00839-5,A00839,2026-03-07,電話
ACT-A00839-6,A00839,2026-03-04,メール
ACT-A00840-1,A00840,2026-03-01,電話
ACT-A00840-2,A00840,2026-03-01,メール
ACT-A00841-1,A00841,2026-03-17,電話
ACT-A00841-2,A00841,2026-03-14,メール
ACT-A00841-3,A00841,2026-03-11,商談
ACT-A00841-4,A00841,2026-03-08,資料送付
ACT-A00841-5,A00841,2026-03-05,電話
ACT-A00842-1,A00842,2026-03-01,電話
ACT-A00842-2,A00842,2026-03-01,メール
ACT-A00842-3,A00842,2026-03-01,商談
ACT-A00844-1,A00844,2026-03-16,電話
ACT-A00844-2,A00844,2026-03-13,メール
ACT-A00845-1,A00845,2026-03-01,電話
ACT-A00845-2,A00845,2026-03-01,メール
ACT-A00845-3,A00845,2026-03-01,商談
ACT-A00845-4,A00845,2026-03-01,資料送付
ACT-A00845-5,A00845,2026-03-01,電話
ACT-A00846-1,A00846,2026-03-17,電話
ACT-A00846-2,A00846,2026-03-14,メール
ACT-A00847-1,A00847,2026-03-01,電話
ACT-A00847-2,A00847,2026-03-01,メール
ACT-A00848-1,A00848,2026-03-03,電話
ACT-A00848-2,A00848,2026-03-01,メール
ACT-A00848-3,A00848,2026-03-01,商談
ACT-A00848-4,A00848,2026-03-01,資料送付
ACT-A00849-1,A00849,2026-03-02,電話
ACT-A00849-2,A00849,2026-03-01,メール
ACT-A00849-3,A00849,2026-03-01,商談
ACT-A00849-4,A00849,2026-03-01,資料送付
ACT-A00850-1,A00850,2026-03-01,電話
ACT-A00850-2,A00850,2026-03-01,メール
ACT-A00851-1,A00851,2026-03-01,電話
ACT-A00851-2,A00851,2026-03-01,メール
ACT-A00852-1,A00852,2026-03-01,電話
ACT-A00852-2,A00852,2026-03-01,メール
ACT-A00852-3,A00852,2026-03-01,商談
ACT-A00852-4,A00852,2026-03-01,資料送付
ACT-A00853-1,A00853,2026-03-27,電話
ACT-A00853-2,A00853,2026-03-24,メール
ACT-A00853-3,A00853,2026-03-21,商談
ACT-A00853-4,A00853,2026-03-18,資料送付
ACT-A00854-1,A00854,2026-03-01,電話
ACT-A00856-1,A00856,2026-03-01,電話
ACT-A00857-1,A00857,2026-03-06,電話
ACT-A00857-2,A00857,2026-03-03,メール
ACT-A00857-3,A00857,2026-03-01,商談
ACT-A00858-1,A00858,2026-03-07,電話
ACT-A00858-2,A00858,2026-03-04,メール
ACT-A00858-3,A00858,2026-03-01,商談
ACT-A00859-1,A00859,2026-03-01,電話
ACT-A00859-2,A00859,2026-03-01,メール
ACT-A00860-1,A00860,2026-03-01,電話
ACT-A00860-2,A00860,2026-03-01,メール
ACT-A00860-3,A00860,2026-03-01,商談
ACT-A00860-4,A00860,2026-03-01,資料送付
ACT-A00861-1,A00861,2026-03-01,電話
ACT-A00862-1,A00862,2026-03-01,電話
ACT-A00862-2,A00862,2026-03-01,メール
ACT-A00863-1,A00863,2026-03-01,電話
ACT-A00865-1,A00865,2026-03-01,電話
ACT-A00866-1,A00866,2026-03-24,電話
ACT-A00866-2,A00866,2026-03-21,メール
ACT-A00866-3,A00866,2026-03-18,商談
ACT-A00866-4,A00866,2026-03-15,資料送付
ACT-A00866-5,A00866,2026-03-12,電話
ACT-A00866-6,A00866,2026-03-09,メール
ACT-A00866-7,A00866,2026-03-06,商談
ACT-A00866-8,A00866,2026-03-03,資料送付
ACT-A00867-1,A00867,2026-03-01,電話
ACT-A00867-2,A00867,2026-03-01,メール
ACT-A00868-1,A00868,2026-03-01,電話
ACT-A00868-2,A00868,2026-03-01,メール
ACT-A00868-3,A00868,2026-03-01,商談
ACT-A00869-1,A00869,2026-03-01,電話
ACT-A00870-1,A00870,2026-03-01,電話
ACT-A00870-2,A00870,2026-03-01,メール
ACT-A00870-3,A00870,2026-03-01,商談
ACT-A00870-4,A00870,2026-03-01,資料送付
ACT-A00871-1,A00871,2026-03-01,電話
ACT-A00872-1,A00872,2026-03-01,電話
ACT-A00872-2,A00872,2026-03-01,メール
ACT-A00872-3,A00872,2026-03-01,商談
ACT-A00872-4,A00872,2026-03-01,資料送付
ACT-A00872-5,A00872,2026-03-01,電話
ACT-A00872-6,A00872,2026-03-01,メール
ACT-A00873-1,A00873,2026-03-01,電話
ACT-A00873-2,A00873,2026-03-01,メール
ACT-A00874-1,A00874,2026-03-01,電話
ACT-A00874-2,A00874,2026-03-01,メール
ACT-A00874-3,A00874,2026-03-01,商談
ACT-A00875-1,A00875,2026-03-01,電話
ACT-A00875-2,A00875,2026-03-01,メール
ACT-A00875-3,A00875,2026-03-01,商談
ACT-A00875-4,A00875,2026-03-01,資料送付
ACT-A00875-5,A00875,2026-03-01,電話
ACT-A00875-6,A00875,2026-03-01,メール
ACT-A00876-1,A00876,2026-03-27,電話
ACT-A00876-2,A00876,2026-03-24,メール
ACT-A00876-3,A00876,2026-03-21,商談
ACT-A00876-4,A00876,2026-03-18,資料送付
ACT-A00878-1,A00878,2026-03-01,電話
ACT-A00878-2,A00878,2026-03-01,メール
ACT-A00878-3,A00878,2026-03-01,商談
ACT-A00878-4,A00878,2026-03-01,資料送付
ACT-A00878-5,A00878,2026-03-01,電話
ACT-A00878-6,A00878,2026-03-01,メール
ACT-A00879-1,A00879,2026-03-01,電話
ACT-A00882-1,A00882,2026-03-01,電話
ACT-A00882-2,A00882,2026-03-01,メール
ACT-A00883-1,A00883,2026-03-01,電話
ACT-A00883-2,A00883,2026-03-01,メール
ACT-A00884-1,A00884,2026-03-01,電話
ACT-A00884-2,A00884,2026-03-01,メール
ACT-A00884-3,A00884,2026-03-01,商談
ACT-A00885-1,A00885,2026-03-01,電話
ACT-A00887-1,A00887,2026-03-01,電話
ACT-A00887-2,A00887,2026-03-01,メール
ACT-A00888-1,A00888,2026-03-01,電話
ACT-A00888-2,A00888,2026-03-01,メール
ACT-A00888-3,A00888,2026-03-01,商談
ACT-A00889-1,A00889,2026-03-01,電話
ACT-A00890-1,A00890,2026-03-01,電話
ACT-A00890-2,A00890,2026-03-01,メール
ACT-A00891-1,A00891,2026-03-01,電話
ACT-A00892-1,A00892,2026-03-01,電話
ACT-A00892-2,A00892,2026-03-01,メール
ACT-A00892-3,A00892,2026-03-01,商談
ACT-A00892-4,A00892,2026-03-01,資料送付
ACT-A00893-1,A00893,2026-03-01,電話
ACT-A00893-2,A00893,2026-03-01,メール
ACT-A00893-3,A00893,2026-03-01,商談
ACT-A00893-4,A00893,2026-03-01,資料送付
ACT-A00894-1,A00894,2026-03-01,電話
ACT-A00894-2,A00894,2026-03-01,メール
ACT-A00894-3,A00894,2026-03-01,商談
ACT-A00895-1,A00895,2026-03-01,電話
ACT-A00895-2,A00895,2026-03-01,メール
ACT-A00897-1,A00897,2026-03-01,電話
ACT-A00897-2,A00897,2026-03-01,メール
ACT-A00898-1,A00898,2026-03-01,電話
ACT-A00898-2,A00898,2026-03-01,メール
ACT-A00898-3,A00898,2026-03-01,商談
ACT-A00899-1,A00899,2026-03-01,電話
ACT-A00899-2,A00899,2026-03-01,メール
ACT-A00899-3,A00899,2026-03-01,商談
ACT-A00899-4,A00899,2026-03-01,資料送付
ACT-A00900-1,A00900,2026-03-01,電話
ACT-A00901-1,A00901,2026-03-01,電話
ACT-A00901-2,A00901,2026-03-01,メール
ACT-A00902-1,A00902,2026-03-01,電話
ACT-A00902-2,A00902,2026-03-01,メール
ACT-A00902-3,A00902,2026-03-01,商談
ACT-A00902-4,A00902,2026-03-01,資料送付
ACT-A00904-1,A00904,2026-03-01,電話
ACT-A00904-2,A00904,2026-03-01,メール
ACT-A00904-3,A00904,2026-03-01,商談
ACT-A00904-4,A00904,2026-03-01,資料送付
ACT-A00904-5,A00904,2026-03-01,電話
ACT-A00904-6,A00904,2026-03-01,メール
ACT-A00905-1,A00905,2026-03-01,電話
ACT-A00905-2,A00905,2026-03-01,メール
ACT-A00905-3,A00905,2026-03-01,商談
ACT-A00906-1,A00906,2026-03-08,電話
ACT-A00907-1,A00907,2026-03-12,電話
ACT-A00907-2,A00907,2026-03-09,メール
ACT-A00907-3,A00907,2026-03-06,商談
ACT-A00908-1,A00908,2026-03-01,電話
ACT-A00908-2,A00908,2026-03-01,メール
ACT-A00908-3,A00908,2026-03-01,商談
ACT-A00908-4,A00908,2026-03-01,資料送付
ACT-A00909-1,A00909,2026-03-15,電話
ACT-A00909-2,A00909,2026-03-12,メール
ACT-A00909-3,A00909,2026-03-09,商談
ACT-A00909-4,A00909,2026-03-06,資料送付
ACT-A00909-5,A00909,2026-03-03,電話
ACT-A00909-6,A00909,2026-03-01,メール
ACT-A00910-1,A00910,2026-03-01,電話
ACT-A00910-2,A00910,2026-03-01,メール
ACT-A00911-1,A00911,2026-03-12,電話
ACT-A00912-1,A00912,2026-03-25,電話
ACT-A00912-2,A00912,2026-03-22,メール
ACT-A00912-3,A00912,2026-03-19,商談
ACT-A00913-1,A00913,2026-03-01,電話
ACT-A00913-2,A00913,2026-03-01,メール
ACT-A00913-3,A00913,2026-03-01,商談
ACT-A00914-1,A00914,2026-03-01,電話
ACT-A00914-2,A00914,2026-03-01,メール
ACT-A00915-1,A00915,2026-03-10,電話
ACT-A00916-1,A00916,2026-03-01,電話
ACT-A00916-2,A00916,2026-03-01,メール
ACT-A00916-3,A00916,2026-03-01,商談
ACT-A00916-4,A00916,2026-03-01,資料送付
ACT-A00917-1,A00917,2026-03-01,電話
ACT-A00917-2,A00917,2026-03-01,メール
ACT-A00917-3,A00917,2026-03-01,商談
ACT-A00917-4,A00917,2026-03-01,資料送付
ACT-A00917-5,A00917,2026-03-01,電話
ACT-A00918-1,A00918,2026-03-01,電話
ACT-A00918-2,A00918,2026-03-01,メール
ACT-A00918-3,A00918,2026-03-01,商談
ACT-A00919-1,A00919,2026-03-01,電話
ACT-A00920-1,A00920,2026-03-01,電話
ACT-A00920-2,A00920,2026-03-01,メール
ACT-A00920-3,A00920,2026-03-01,商談
ACT-A00921-1,A00921,2026-03-13,電話
ACT-A00921-2,A00921,2026-03-10,メール
ACT-A00922-1,A00922,2026-03-01,電話
ACT-A00922-2,A00922,2026-03-01,メール
ACT-A00922-3,A00922,2026-03-01,商談
ACT-A00923-1,A00923,2026-03-22,電話
ACT-A00923-2,A00923,2026-03-19,メール
ACT-A00923-3,A00923,2026-03-16,商談
ACT-A00925-1,A00925,2026-03-01,電話
ACT-A00925-2,A00925,2026-03-01,メール
ACT-A00925-3,A00925,2026-03-01,商談
ACT-A00925-4,A00925,2026-03-01,資料送付
ACT-A00926-1,A00926,2026-03-01,電話
ACT-A00926-2,A00926,2026-03-01,メール
ACT-A00926-3,A00926,2026-03-01,商談
ACT-A00926-4,A00926,2026-03-01,資料送付
ACT-A00926-5,A00926,2026-03-01,電話
ACT-A00927-1,A00927,2026-03-01,電話
ACT-A00927-2,A00927,2026-03-01,メール
ACT-A00927-3,A00927,2026-03-01,商談
ACT-A00928-1,A00928,2026-03-24,電話
ACT-A00930-1,A00930,2026-03-01,電話
ACT-A00931-1,A00931,2026-03-14,電話
ACT-A00931-2,A00931,2026-03-11,メール
ACT-A00932-1,A00932,2026-03-05,電話
ACT-A00932-2,A00932,2026-03-02,メール
ACT-A00932-3,A00932,2026-03-01,商談
ACT-A00933-1,A00933,2026-03-01,電話
ACT-A00933-2,A00933,2026-03-01,メール
ACT-A00933-3,A00933,2026-03-01,商談
ACT-A00934-1,A00934,2026-03-01,電話
ACT-A00934-2,A00934,2026-03-01,メール
ACT-A00934-3,A00934,2026-03-01,商談
ACT-A00935-1,A00935,2026-03-01,電話
ACT-A00935-2,A00935,2026-03-01,メール
ACT-A00935-3,A00935,2026-03-01,商談
ACT-A00936-1,A00936,2026-03-01,電話
ACT-A00936-2,A00936,2026-03-01,メール
ACT-A00937-1,A00937,2026-03-01,電話
ACT-A00937-2,A00937,2026-03-01,メール
ACT-A00937-3,A00937,2026-03-01,商談
ACT-A00938-1,A00938,2026-03-01,電話
ACT-A00939-1,A00939,2026-03-01,電話
ACT-A00939-2,A00939,2026-03-01,メール
ACT-A00939-3,A00939,2026-03-01,商談
ACT-A00940-1,A00940,2026-03-01,電話
ACT-A00940-2,A00940,2026-03-01,メール
ACT-A00940-3,A00940,2026-03-01,商談
ACT-A00940-4,A00940,2026-03-01,資料送付
ACT-A00940-5,A00940,2026-03-01,電話
ACT-A00941-1,A00941,2026-03-01,電話
ACT-A00941-2,A00941,2026-03-01,メール
ACT-A00942-1,A00942,2026-03-01,電話
ACT-A00942-2,A00942,2026-03-01,メール
ACT-A00943-1,A00943,2026-03-01,電話
ACT-A00943-2,A00943,2026-03-01,メール
ACT-A00944-1,A00944,2026-03-15,電話
ACT-A00945-1,A00945,2026-03-01,電話
ACT-A00945-2,A00945,2026-03-01,メール
ACT-A00945-3,A00945,2026-03-01,商談
ACT-A00947-1,A00947,2026-03-24,電話
ACT-A00948-1,A00948,2026-03-04,電話
ACT-A00948-2,A00948,2026-03-01,メール
ACT-A00949-1,A00949,2026-03-14,電話
ACT-A00949-2,A00949,2026-03-11,メール
ACT-A00949-3,A00949,2026-03-08,商談
ACT-A00949-4,A00949,2026-03-05,資料送付
ACT-A00950-1,A00950,2026-03-10,電話
ACT-A00950-2,A00950,2026-03-07,メール
ACT-A00950-3,A00950,2026-03-04,商談
ACT-A00950-4,A00950,2026-03-01,資料送付
ACT-A00951-1,A00951,2026-03-01,電話
ACT-A00951-2,A00951,2026-03-01,メール
ACT-A00953-1,A00953,2026-03-01,電話
ACT-A00953-2,A00953,2026-03-01,メール
ACT-A00953-3,A00953,2026-03-01,商談
ACT-A00954-1,A00954,2026-03-01,電話
ACT-A00954-2,A00954,2026-03-01,メール
ACT-A00955-1,A00955,2026-03-11,電話
ACT-A00955-2,A00955,2026-03-08,メール
ACT-A00955-3,A00955,2026-03-05,商談
ACT-A00955-4,A00955,2026-03-02,資料送付
ACT-A00956-1,A00956,2026-03-01,電話
ACT-A00956-2,A00956,2026-03-01,メール
ACT-A00956-3,A00956,2026-03-01,商談
ACT-A00957-1,A00957,2026-03-06,電話
ACT-A00957-2,A00957,2026-03-03,メール
ACT-A00958-1,A00958,2026-03-01,電話
ACT-A00958-2,A00958,2026-03-01,メール
ACT-A00958-3,A00958,2026-03-01,商談
ACT-A00959-1,A00959,2026-03-06,電話
ACT-A00960-1,A00960,2026-03-01,電話
ACT-A00960-2,A00960,2026-03-01,メール
ACT-A00961-1,A00961,2026-03-01,電話
ACT-A00961-2,A00961,2026-03-01,メール
ACT-A00961-3,A00961,2026-03-01,商談
ACT-A00962-1,A00962,2026-03-01,電話
ACT-A00962-2,A00962,2026-03-01,メール
ACT-A00963-1,A00963,2026-03-01,電話
ACT-A00964-1,A00964,2026-03-01,電話
ACT-A00964-2,A00964,2026-03-01,メール
ACT-A00964-3,A00964,2026-03-01,商談
ACT-A00965-1,A00965,2026-03-01,電話
ACT-A00965-2,A00965,2026-03-01,メール
ACT-A00965-3,A00965,2026-03-01,商談
ACT-A00966-1,A00966,2026-03-01,電話
ACT-A00966-2,A00966,2026-03-01,メール
ACT-A00966-3,A00966,2026-03-01,商談
ACT-A00967-1,A00967,2026-03-01,電話
ACT-A00968-1,A00968,2026-03-19,電話
ACT-A00968-2,A00968,2026-03-16,メール
ACT-A00968-3,A00968,2026-03-13,商談
ACT-A00970-1,A00970,2026-03-01,電話
ACT-A00970-2,A00970,2026-03-01,メール
ACT-A00970-3,A00970,2026-03-01,商談
ACT-A00970-4,A00970,2026-03-01,資料送付
ACT-A00971-1,A00971,2026-03-01,電話
ACT-A00971-2,A00971,2026-03-01,メール
ACT-A00971-3,A00971,2026-03-01,商談
ACT-A00971-4,A00971,2026-03-01,資料送付
ACT-A00973-1,A00973,2026-03-01,電話
ACT-A00973-2,A00973,2026-03-01,メール
ACT-A00973-3,A00973,2026-03-01,商談
ACT-A00973-4,A00973,2026-03-01,資料送付
ACT-A00974-1,A00974,2026-03-17,電話
ACT-A00974-2,A00974,2026-03-14,メール
ACT-A00974-3,A00974,2026-03-11,商談
ACT-A00977-1,A00977,2026-03-01,電話
ACT-A00977-2,A00977,2026-03-01,メール
ACT-A00977-3,A00977,2026-03-01,商談
ACT-A00977-4,A00977,2026-03-01,資料送付
ACT-A00977-5,A00977,2026-03-01,電話
ACT-A00978-1,A00978,2026-03-01,電話
ACT-A00978-2,A00978,2026-03-01,メール
ACT-A00979-1,A00979,2026-03-01,電話
ACT-A00980-1,A00980,2026-03-01,電話
ACT-A00980-2,A00980,2026-03-01,メール
ACT-A00980-3,A00980,2026-03-01,商談
ACT-A00981-1,A00981,2026-03-01,電話
ACT-A00981-2,A00981,2026-03-01,メール
ACT-A00981-3,A00981,2026-03-01,商談
ACT-A00982-1,A00982,2026-03-01,電話
ACT-A00982-2,A00982,2026-03-01,メール
ACT-A00983-1,A00983,2026-03-01,電話
ACT-A00983-2,A00983,2026-03-01,メール
ACT-A00983-3,A00983,2026-03-01,商談
ACT-A00983-4,A00983,2026-03-01,資料送付
ACT-A00983-5,A00983,2026-03-01,電話
ACT-A00984-1,A00984,2026-03-01,電話
ACT-A00985-1,A00985,2026-03-01,電話
ACT-A00986-1,A00986,2026-03-01,電話
ACT-A00986-2,A00986,2026-03-01,メール
ACT-A00987-1,A00987,2026-03-01,電話
ACT-A00987-2,A00987,2026-03-01,メール
ACT-A00988-1,A00988,2026-03-18,電話
ACT-A00988-2,A00988,2026-03-15,メール
ACT-A00988-3,A00988,2026-03-12,商談
ACT-A00988-4,A00988,2026-03-09,資料送付
ACT-A00988-5,A00988,2026-03-06,電話
ACT-A00989-1,A00989,2026-03-05,電話
ACT-A00989-2,A00989,2026-03-02,メール
ACT-A00991-1,A00991,2026-03-01,電話
ACT-A00991-2,A00991,2026-03-01,メール
ACT-A00991-3,A00991,2026-03-01,商談
ACT-A00992-1,A00992,2026-03-18,電話
ACT-A00992-2,A00992,2026-03-15,メール
ACT-A00992-3,A00992,2026-03-12,商談
ACT-A00993-1,A00993,2026-03-01,電話
ACT-A00993-2,A00993,2026-03-01,メール
ACT-A00994-1,A00994,2026-03-11,電話
ACT-A00994-2,A00994,2026-03-08,メール
ACT-A00995-1,A00995,2026-03-01,電話
ACT-A00995-2,A00995,2026-03-01,メール
ACT-A00995-3,A00995,2026-03-01,商談
ACT-A00996-1,A00996,2026-03-01,電話
ACT-A00996-2,A00996,2026-03-01,メール
ACT-A00996-3,A00996,2026-03-01,商談
ACT-A00996-4,A00996,2026-03-01,資料送付
ACT-A00997-1,A00997,2026-03-01,電話
ACT-A00997-2,A00997,2026-03-01,メール
ACT-A00997-3,A00997,2026-03-01,商談
ACT-A00997-4,A00997,2026-03-01,資料送付
ACT-A00997-5,A00997,2026-03-01,電話
ACT-A00998-1,A00998,2026-03-01,電話
ACT-A00998-2,A00998,2026-03-01,メール
ACT-A00998-3,A00998,2026-03-01,商談
ACT-A00999-1,A00999,2026-03-18,電話
ACT-A00999-2,A00999,2026-03-15,メール
ACT-A01001-1,A01001,2026-03-01,電話
ACT-A01001-2,A01001,2026-03-01,メール
ACT-A01001-3,A01001,2026-03-01,商談
ACT-A01001-4,A01001,2026-03-01,資料送付
ACT-A01001-5,A01001,2026-03-01,電話
ACT-A01002-1,A01002,2026-03-01,電話
ACT-A01002-2,A01002,2026-03-01,メール
ACT-A01003-1,A01003,2026-03-01,電話
ACT-A01003-2,A01003,2026-03-01,メール
ACT-A01003-3,A01003,2026-03-01,商談
ACT-A01004-1,A01004,2026-03-01,電話
ACT-A01004-2,A01004,2026-03-01,メール
ACT-A01005-1,A01005,2026-03-01,電話
ACT-A01005-2,A01005,2026-03-01,メール
ACT-A01008-1,A01008,2026-03-01,電話
ACT-A01008-2,A01008,2026-03-01,メール
ACT-A01009-1,A01009,2026-03-01,電話
ACT-A01009-2,A01009,2026-03-01,メール
ACT-A01009-3,A01009,2026-03-01,商談
ACT-A01010-1,A01010,2026-03-07,電話
ACT-A01010-2,A01010,2026-03-04,メール
ACT-A01010-3,A01010,2026-03-01,商談
ACT-A01010-4,A01010,2026-03-01,資料送付
ACT-A01010-5,A01010,2026-03-01,電話
ACT-A01011-1,A01011,2026-03-01,電話
ACT-A01011-2,A01011,2026-03-01,メール
ACT-A01012-1,A01012,2026-03-14,電話
ACT-A01012-2,A01012,2026-03-11,メール
ACT-A01013-1,A01013,2026-03-01,電話
ACT-A01013-2,A01013,2026-03-01,メール
ACT-A01013-3,A01013,2026-03-01,商談
ACT-A01013-4,A01013,2026-03-01,資料送付
ACT-A01013-5,A01013,2026-03-01,電話
ACT-A01014-1,A01014,2026-03-01,電話
ACT-A01014-2,A01014,2026-03-01,メール
ACT-A01015-1,A01015,2026-03-01,電話
ACT-A01016-1,A01016,2026-03-01,電話
ACT-A01016-2,A01016,2026-03-01,メール
ACT-A01017-1,A01017,2026-03-03,電話
ACT-A01017-2,A01017,2026-03-01,メール
ACT-A01018-1,A01018,2026-03-01,電話
ACT-A01018-2,A01018,2026-03-01,メール
ACT-A01018-3,A01018,2026-03-01,商談
ACT-A01018-4,A01018,2026-03-01,資料送付
ACT-A01019-1,A01019,2026-03-01,電話
ACT-A01019-2,A01019,2026-03-01,メール
ACT-A01020-1,A01020,2026-03-01,電話
ACT-A01020-2,A01020,2026-03-01,メール
ACT-A01020-3,A01020,2026-03-01,商談
ACT-A01020-4,A01020,2026-03-01,資料送付
ACT-A01021-1,A01021,2026-03-01,電話
ACT-A01022-1,A01022,2026-03-01,電話
ACT-A01022-2,A01022,2026-03-01,メール
ACT-A01022-3,A01022,2026-03-01,商談
ACT-A01022-4,A01022,2026-03-01,資料送付
ACT-A01023-1,A01023,2026-03-01,電話
ACT-A01024-1,A01024,2026-03-15,電話
ACT-A01024-2,A01024,2026-03-12,メール
ACT-A01024-3,A01024,2026-03-09,商談
ACT-A01025-1,A01025,2026-03-01,電話
ACT-A01025-2,A01025,2026-03-01,メール
ACT-A01026-1,A01026,2026-03-21,電話
ACT-A01026-2,A01026,2026-03-18,メール
ACT-A01027-1,A01027,2026-03-01,電話
ACT-A01027-2,A01027,2026-03-01,メール
ACT-A01027-3,A01027,2026-03-01,商談
ACT-A01027-4,A01027,2026-03-01,資料送付
ACT-A01027-5,A01027,2026-03-01,電話
ACT-A01028-1,A01028,2026-03-24,電話
ACT-A01028-2,A01028,2026-03-21,メール
ACT-A01028-3,A01028,2026-03-18,商談
ACT-A01028-4,A01028,2026-03-15,資料送付
ACT-A01028-5,A01028,2026-03-12,電話
ACT-A01029-1,A01029,2026-03-01,電話
ACT-A01029-2,A01029,2026-03-01,メール
ACT-A01029-3,A01029,2026-03-01,商談
ACT-A01029-4,A01029,2026-03-01,資料送付
ACT-A01029-5,A01029,2026-03-01,電話
ACT-A01029-6,A01029,2026-03-01,メール
ACT-A01030-1,A01030,2026-03-05,電話
ACT-A01030-2,A01030,2026-03-02,メール
ACT-A01030-3,A01030,2026-03-01,商談
ACT-A01030-4,A01030,2026-03-01,資料送付
ACT-A01031-1,A01031,2026-03-01,電話
ACT-A01031-2,A01031,2026-03-01,メール
ACT-A01032-1,A01032,2026-03-03,電話
ACT-A01032-2,A01032,2026-03-01,メール
ACT-A01032-3,A01032,2026-03-01,商談
ACT-A01032-4,A01032,2026-03-01,資料送付
ACT-A01032-5,A01032,2026-03-01,電話
ACT-A01032-6,A01032,2026-03-01,メール
ACT-A01033-1,A01033,2026-03-01,電話
ACT-A01035-1,A01035,2026-03-15,電話
ACT-A01035-2,A01035,2026-03-12,メール
ACT-A01035-3,A01035,2026-03-09,商談
ACT-A01036-1,A01036,2026-03-01,電話
ACT-A01036-2,A01036,2026-03-01,メール
ACT-A01036-3,A01036,2026-03-01,商談
ACT-A01036-4,A01036,2026-03-01,資料送付
ACT-A01036-5,A01036,2026-03-01,電話
ACT-A01036-6,A01036,2026-03-01,メール
ACT-A01037-1,A01037,2026-03-01,電話
ACT-A01037-2,A01037,2026-03-01,メール
ACT-A01037-3,A01037,2026-03-01,商談
ACT-A01038-1,A01038,2026-03-01,電話
ACT-A01038-2,A01038,2026-03-01,メール
ACT-A01038-3,A01038,2026-03-01,商談
ACT-A01039-1,A01039,2026-03-01,電話
ACT-A01039-2,A01039,2026-03-01,メール
ACT-A01040-1,A01040,2026-03-01,電話
ACT-A01040-2,A01040,2026-03-01,メール
ACT-A01040-3,A01040,2026-03-01,商談
ACT-A01040-4,A01040,2026-03-01,資料送付
ACT-A01040-5,A01040,2026-03-01,電話
ACT-A01041-1,A01041,2026-03-01,電話
ACT-A01042-1,A01042,2026-03-01,電話
ACT-A01043-1,A01043,2026-03-01,電話
ACT-A01043-2,A01043,2026-03-01,メール
ACT-A01043-3,A01043,2026-03-01,商談
ACT-A01043-4,A01043,2026-03-01,資料送付
ACT-A01043-5,A01043,2026-03-01,電話
ACT-A01044-1,A01044,2026-03-01,電話
ACT-A01045-1,A01045,2026-03-01,電話
ACT-A01045-2,A01045,2026-03-01,メール
ACT-A01045-3,A01045,2026-03-01,商談
ACT-A01046-1,A01046,2026-03-01,電話
ACT-A01047-1,A01047,2026-03-01,電話
ACT-A01047-2,A01047,2026-03-01,メール
ACT-A01047-3,A01047,2026-03-01,商談
ACT-A01048-1,A01048,2026-03-01,電話
ACT-A01048-2,A01048,2026-03-01,メール
ACT-A01048-3,A01048,2026-03-01,商談
ACT-A01048-4,A01048,2026-03-01,資料送付
ACT-A01048-5,A01048,2026-03-01,電話
ACT-A01048-6,A01048,2026-03-01,メール
ACT-A01048-7,A01048,2026-03-01,商談
ACT-A01049-1,A01049,2026-03-10,電話
ACT-A01049-2,A01049,2026-03-07,メール
ACT-A01050-1,A01050,2026-03-01,電話
ACT-A01050-2,A01050,2026-03-01,メール
ACT-A01050-3,A01050,2026-03-01,商談
ACT-A01051-1,A01051,2026-03-18,電話
ACT-A01051-2,A01051,2026-03-15,メール
ACT-A01051-3,A01051,2026-03-12,商談
ACT-A01052-1,A01052,2026-03-01,電話
ACT-A01053-1,A01053,2026-03-01,電話
ACT-A01053-2,A01053,2026-03-01,メール
ACT-A01054-1,A01054,2026-03-04,電話
ACT-A01054-2,A01054,2026-03-01,メール
ACT-A01055-1,A01055,2026-03-05,電話
ACT-A01055-2,A01055,2026-03-02,メール
ACT-A01055-3,A01055,2026-03-01,商談
ACT-A01055-4,A01055,2026-03-01,資料送付
ACT-A01057-1,A01057,2026-03-22,電話
ACT-A01058-1,A01058,2026-03-01,電話
ACT-A01059-1,A01059,2026-03-01,電話
ACT-A01059-2,A01059,2026-03-01,メール
ACT-A01059-3,A01059,2026-03-01,商談
ACT-A01059-4,A01059,2026-03-01,資料送付
ACT-A01062-1,A01062,2026-03-01,電話
ACT-A01062-2,A01062,2026-03-01,メール
ACT-A01063-1,A01063,2026-03-01,電話
ACT-A01064-1,A01064,2026-03-12,電話
ACT-A01064-2,A01064,2026-03-09,メール
ACT-A01064-3,A01064,2026-03-06,商談
ACT-A01065-1,A01065,2026-03-01,電話
ACT-A01065-2,A01065,2026-03-01,メール
ACT-A01066-1,A01066,2026-03-01,電話
ACT-A01066-2,A01066,2026-03-01,メール
ACT-A01067-1,A01067,2026-03-16,電話
ACT-A01067-2,A01067,2026-03-13,メール
ACT-A01067-3,A01067,2026-03-10,商談
ACT-A01067-4,A01067,2026-03-07,資料送付
ACT-A01067-5,A01067,2026-03-04,電話
ACT-A01067-6,A01067,2026-03-01,メール
ACT-A01067-7,A01067,2026-03-01,商談
ACT-A01068-1,A01068,2026-03-05,電話
ACT-A01068-2,A01068,2026-03-02,メール
ACT-A01069-1,A01069,2026-03-01,電話
ACT-A01069-2,A01069,2026-03-01,メール
ACT-A01069-3,A01069,2026-03-01,商談
ACT-A01070-1,A01070,2026-03-01,電話
ACT-A01070-2,A01070,2026-03-01,メール
ACT-A01070-3,A01070,2026-03-01,商談
ACT-A01071-1,A01071,2026-03-01,電話
ACT-A01071-2,A01071,2026-03-01,メール
ACT-A01072-1,A01072,2026-03-01,電話
ACT-A01072-2,A01072,2026-03-01,メール
ACT-A01072-3,A01072,2026-03-01,商談
ACT-A01072-4,A01072,2026-03-01,資料送付
ACT-A01074-1,A01074,2026-03-01,電話
ACT-A01075-1,A01075,2026-03-01,電話
ACT-A01075-2,A01075,2026-03-01,メール
ACT-A01075-3,A01075,2026-03-01,商談
ACT-A01075-4,A01075,2026-03-01,資料送付
ACT-A01075-5,A01075,2026-03-01,電話
ACT-A01076-1,A01076,2026-03-01,電話
ACT-A01076-2,A01076,2026-03-01,メール
ACT-A01077-1,A01077,2026-03-01,電話
ACT-A01079-1,A01079,2026-03-16,電話
ACT-A01080-1,A01080,2026-03-01,電話
ACT-A01080-2,A01080,2026-03-01,メール
ACT-A01080-3,A01080,2026-03-01,商談
ACT-A01081-1,A01081,2026-03-01,電話
ACT-A01081-2,A01081,2026-03-01,メール
ACT-A01081-3,A01081,2026-03-01,商談
ACT-A01082-1,A01082,2026-03-01,電話
ACT-A01082-2,A01082,2026-03-01,メール
ACT-A01083-1,A01083,2026-03-01,電話
ACT-A01083-2,A01083,2026-03-01,メール
ACT-A01084-1,A01084,2026-03-03,電話
ACT-A01084-2,A01084,2026-03-01,メール
ACT-A01085-1,A01085,2026-03-01,電話
ACT-A01085-2,A01085,2026-03-01,メール
ACT-A01085-3,A01085,2026-03-01,商談
ACT-A01085-4,A01085,2026-03-01,資料送付
ACT-A01085-5,A01085,2026-03-01,電話
ACT-A01085-6,A01085,2026-03-01,メール
ACT-A01086-1,A01086,2026-03-01,電話
ACT-A01086-2,A01086,2026-03-01,メール
ACT-A01087-1,A01087,2026-03-01,電話
ACT-A01088-1,A01088,2026-03-01,電話
ACT-A01088-2,A01088,2026-03-01,メール
ACT-A01088-3,A01088,2026-03-01,商談
ACT-A01088-4,A01088,2026-03-01,資料送付
ACT-A01088-5,A01088,2026-03-01,電話
ACT-A01088-6,A01088,2026-03-01,メール
ACT-A01089-1,A01089,2026-03-01,電話
ACT-A01089-2,A01089,2026-03-01,メール
ACT-A01089-3,A01089,2026-03-01,商談
ACT-A01089-4,A01089,2026-03-01,資料送付
ACT-A01089-5,A01089,2026-03-01,電話
ACT-A01090-1,A01090,2026-03-27,電話
ACT-A01090-2,A01090,2026-03-24,メール
ACT-A01091-1,A01091,2026-03-01,電話
ACT-A01092-1,A01092,2026-03-01,電話
ACT-A01093-1,A01093,2026-03-01,電話
ACT-A01093-2,A01093,2026-03-01,メール
ACT-A01094-1,A01094,2026-03-23,電話
ACT-A01095-1,A01095,2026-03-01,電話
ACT-A01097-1,A01097,2026-03-01,電話
ACT-A01097-2,A01097,2026-03-01,メール
ACT-A01098-1,A01098,2026-03-01,電話
ACT-A01098-2,A01098,2026-03-01,メール
ACT-A01098-3,A01098,2026-03-01,商談
ACT-A01098-4,A01098,2026-03-01,資料送付
ACT-A01098-5,A01098,2026-03-01,電話
ACT-A01099-1,A01099,2026-03-19,電話
ACT-A01099-2,A01099,2026-03-16,メール
ACT-A01099-3,A01099,2026-03-13,商談
ACT-A01099-4,A01099,2026-03-10,資料送付
ACT-A01100-1,A01100,2026-03-01,電話
ACT-A01100-2,A01100,2026-03-01,メール
ACT-A01101-1,A01101,2026-03-22,電話
ACT-A01101-2,A01101,2026-03-19,メール
ACT-A01101-3,A01101,2026-03-16,商談
ACT-A01101-4,A01101,2026-03-13,資料送付
ACT-A01102-1,A01102,2026-03-01,電話
ACT-A01103-1,A01103,2026-03-01,電話
ACT-A01103-2,A01103,2026-03-01,メール
ACT-A01103-3,A01103,2026-03-01,商談
ACT-A01104-1,A01104,2026-03-01,電話
ACT-A01104-2,A01104,2026-03-01,メール
ACT-A01104-3,A01104,2026-03-01,商談
ACT-A01104-4,A01104,2026-03-01,資料送付
ACT-A01105-1,A01105,2026-03-08,電話
ACT-A01105-2,A01105,2026-03-05,メール
ACT-A01105-3,A01105,2026-03-02,商談
ACT-A01106-1,A01106,2026-03-01,電話
ACT-A01106-2,A01106,2026-03-01,メール
ACT-A01107-1,A01107,2026-03-11,電話
ACT-A01107-2,A01107,2026-03-08,メール
ACT-A01107-3,A01107,2026-03-05,商談
ACT-A01107-4,A01107,2026-03-02,資料送付
ACT-A01108-1,A01108,2026-03-01,電話
ACT-A01108-2,A01108,2026-03-01,メール
ACT-A01109-1,A01109,2026-03-27,電話
ACT-A01110-1,A01110,2026-03-01,電話
ACT-A01110-2,A01110,2026-03-01,メール
ACT-A01110-3,A01110,2026-03-01,商談
ACT-A01110-4,A01110,2026-03-01,資料送付
ACT-A01111-1,A01111,2026-03-12,電話
ACT-A01111-2,A01111,2026-03-09,メール
ACT-A01111-3,A01111,2026-03-06,商談
ACT-A01112-1,A01112,2026-03-01,電話
ACT-A01113-1,A01113,2026-03-24,電話
ACT-A01113-2,A01113,2026-03-21,メール
ACT-A01113-3,A01113,2026-03-18,商談
ACT-A01113-4,A01113,2026-03-15,資料送付
ACT-A01113-5,A01113,2026-03-12,電話
ACT-A01114-1,A01114,2026-03-01,電話
ACT-A01114-2,A01114,2026-03-01,メール
ACT-A01114-3,A01114,2026-03-01,商談
ACT-A01114-4,A01114,2026-03-01,資料送付
ACT-A01115-1,A01115,2026-03-01,電話
ACT-A01116-1,A01116,2026-03-01,電話
ACT-A01116-2,A01116,2026-03-01,メール
ACT-A01116-3,A01116,2026-03-01,商談
ACT-A01117-1,A01117,2026-03-01,電話
ACT-A01118-1,A01118,2026-03-01,電話
ACT-A01119-1,A01119,2026-03-18,電話
ACT-A01119-2,A01119,2026-03-15,メール
ACT-A01119-3,A01119,2026-03-12,商談
ACT-A01121-1,A01121,2026-03-01,電話
ACT-A01121-2,A01121,2026-03-01,メール
ACT-A01121-3,A01121,2026-03-01,商談
ACT-A01121-4,A01121,2026-03-01,資料送付
ACT-A01123-1,A01123,2026-03-01,電話
ACT-A01123-2,A01123,2026-03-01,メール
ACT-A01124-1,A01124,2026-03-01,電話
ACT-A01125-1,A01125,2026-03-01,電話
ACT-A01126-1,A01126,2026-03-01,電話
ACT-A01126-2,A01126,2026-03-01,メール
ACT-A01127-1,A01127,2026-03-03,電話
ACT-A01127-2,A01127,2026-03-01,メール
ACT-A01127-3,A01127,2026-03-01,商談
ACT-A01127-4,A01127,2026-03-01,資料送付
ACT-A01128-1,A01128,2026-03-01,電話
ACT-A01128-2,A01128,2026-03-01,メール
ACT-A01129-1,A01129,2026-03-01,電話
ACT-A01130-1,A01130,2026-03-01,電話
ACT-A01130-2,A01130,2026-03-01,メール
ACT-A01131-1,A01131,2026-03-01,電話
ACT-A01131-2,A01131,2026-03-01,メール
ACT-A01131-3,A01131,2026-03-01,商談
ACT-A01131-4,A01131,2026-03-01,資料送付
ACT-A01132-1,A01132,2026-03-01,電話
ACT-A01133-1,A01133,2026-03-01,電話
ACT-A01133-2,A01133,2026-03-01,メール
ACT-A01134-1,A01134,2026-03-01,電話
ACT-A01135-1,A01135,2026-03-01,電話
ACT-A01135-2,A01135,2026-03-01,メール
ACT-A01135-3,A01135,2026-03-01,商談
ACT-A01137-1,A01137,2026-03-01,電話
ACT-A01137-2,A01137,2026-03-01,メール
ACT-A01138-1,A01138,2026-03-01,電話
ACT-A01138-2,A01138,2026-03-01,メール
ACT-A01138-3,A01138,2026-03-01,商談
ACT-A01138-4,A01138,2026-03-01,資料送付
ACT-A01139-1,A01139,2026-03-01,電話
ACT-A01139-2,A01139,2026-03-01,メール
ACT-A01139-3,A01139,2026-03-01,商談
ACT-A01139-4,A01139,2026-03-01,資料送付
ACT-A01139-5,A01139,2026-03-01,電話
ACT-A01139-6,A01139,2026-03-01,メール
ACT-A01140-1,A01140,2026-03-01,電話
ACT-A01140-2,A01140,2026-03-01,メール
ACT-A01140-3,A01140,2026-03-01,商談
ACT-A01141-1,A01141,2026-03-01,電話
ACT-A01141-2,A01141,2026-03-01,メール
ACT-A01141-3,A01141,2026-03-01,商談
ACT-A01142-1,A01142,2026-03-01,電話
ACT-A01142-2,A01142,2026-03-01,メール
ACT-A01143-1,A01143,2026-03-01,電話
ACT-A01144-1,A01144,2026-03-01,電話
ACT-A01144-2,A01144,2026-03-01,メール
ACT-A01144-3,A01144,2026-03-01,商談
ACT-A01146-1,A01146,2026-03-01,電話
ACT-A01146-2,A01146,2026-03-01,メール
ACT-A01146-3,A01146,2026-03-01,商談
ACT-A01146-4,A01146,2026-03-01,資料送付
ACT-A01147-1,A01147,2026-03-01,電話
ACT-A01147-2,A01147,2026-03-01,メール
ACT-A01147-3,A01147,2026-03-01,商談
ACT-A01147-4,A01147,2026-03-01,資料送付
ACT-A01148-1,A01148,2026-03-01,電話
ACT-A01148-2,A01148,2026-03-01,メール
ACT-A01149-1,A01149,2026-03-03,電話
ACT-A01149-2,A01149,2026-03-01,メール
ACT-A01149-3,A01149,2026-03-01,商談
ACT-A01150-1,A01150,2026-03-01,電話
ACT-A01150-2,A01150,2026-03-01,メール
ACT-A01150-3,A01150,2026-03-01,商談
ACT-A01150-4,A01150,2026-03-01,資料送付
ACT-A01151-1,A01151,2026-03-06,電話
ACT-A01151-2,A01151,2026-03-03,メール
ACT-A01151-3,A01151,2026-03-01,商談
ACT-A01151-4,A01151,2026-03-01,資料送付
ACT-A01151-5,A01151,2026-03-01,電話
ACT-A01152-1,A01152,2026-03-01,電話
ACT-A01152-2,A01152,2026-03-01,メール
ACT-A01153-1,A01153,2026-03-01,電話
ACT-A01154-1,A01154,2026-03-01,電話
ACT-A01154-2,A01154,2026-03-01,メール
ACT-A01154-3,A01154,2026-03-01,商談
ACT-A01155-1,A01155,2026-03-01,電話
ACT-A01155-2,A01155,2026-03-01,メール
ACT-A01156-1,A01156,2026-03-05,電話
ACT-A01157-1,A01157,2026-03-01,電話
ACT-A01157-2,A01157,2026-03-01,メール
ACT-A01157-3,A01157,2026-03-01,商談
ACT-A01158-1,A01158,2026-03-01,電話
ACT-A01158-2,A01158,2026-03-01,メール
ACT-A01158-3,A01158,2026-03-01,商談
ACT-A01158-4,A01158,2026-03-01,資料送付
ACT-A01159-1,A01159,2026-03-01,電話
ACT-A01160-1,A01160,2026-03-01,電話
ACT-A01160-2,A01160,2026-03-01,メール
ACT-A01160-3,A01160,2026-03-01,商談
ACT-A01161-1,A01161,2026-03-01,電話
ACT-A01161-2,A01161,2026-03-01,メール
ACT-A01161-3,A01161,2026-03-01,商談
ACT-A01162-1,A01162,2026-03-01,電話
ACT-A01163-1,A01163,2026-03-01,電話
ACT-A01164-1,A01164,2026-03-01,電話
ACT-A01164-2,A01164,2026-03-01,メール
ACT-A01164-3,A01164,2026-03-01,商談
ACT-A01164-4,A01164,2026-03-01,資料送付
ACT-A01165-1,A01165,2026-03-01,電話
ACT-A01165-2,A01165,2026-03-01,メール
ACT-A01165-3,A01165,2026-03-01,商談
ACT-A01165-4,A01165,2026-03-01,資料送付
ACT-A01165-5,A01165,2026-03-01,電話
ACT-A01166-1,A01166,2026-03-01,電話
ACT-A01166-2,A01166,2026-03-01,メール
ACT-A01166-3,A01166,2026-03-01,商談
ACT-A01166-4,A01166,2026-03-01,資料送付
ACT-A01166-5,A01166,2026-03-01,電話
ACT-A01167-1,A01167,2026-03-01,電話
ACT-A01167-2,A01167,2026-03-01,メール
ACT-A01167-3,A01167,2026-03-01,商談
ACT-A01168-1,A01168,2026-03-01,電話
ACT-A01168-2,A01168,2026-03-01,メール
ACT-A01169-1,A01169,2026-03-01,電話
ACT-A01169-2,A01169,2026-03-01,メール
ACT-A01169-3,A01169,2026-03-01,商談
ACT-A01170-1,A01170,2026-03-01,電話
ACT-A01170-2,A01170,2026-03-01,メール
ACT-A01171-1,A01171,2026-03-01,電話
ACT-A01171-2,A01171,2026-03-01,メール
ACT-A01171-3,A01171,2026-03-01,商談
ACT-A01171-4,A01171,2026-03-01,資料送付
ACT-A01172-1,A01172,2026-03-02,電話
ACT-A01172-2,A01172,2026-03-01,メール
ACT-A01173-1,A01173,2026-03-01,電話
ACT-A01173-2,A01173,2026-03-01,メール
ACT-A01173-3,A01173,2026-03-01,商談
ACT-A01173-4,A01173,2026-03-01,資料送付
ACT-A01173-5,A01173,2026-03-01,電話
ACT-A01174-1,A01174,2026-03-01,電話
ACT-A01174-2,A01174,2026-03-01,メール
ACT-A01174-3,A01174,2026-03-01,商談
ACT-A01174-4,A01174,2026-03-01,資料送付
ACT-A01175-1,A01175,2026-03-18,電話
ACT-A01176-1,A01176,2026-03-01,電話
ACT-A01176-2,A01176,2026-03-01,メール
ACT-A01177-1,A01177,2026-03-01,電話
ACT-A01177-2,A01177,2026-03-01,メール
ACT-A01177-3,A01177,2026-03-01,商談
ACT-A01177-4,A01177,2026-03-01,資料送付
ACT-A01178-1,A01178,2026-03-14,電話
ACT-A01178-2,A01178,2026-03-11,メール
ACT-A01179-1,A01179,2026-03-08,電話
ACT-A01179-2,A01179,2026-03-05,メール
ACT-A01179-3,A01179,2026-03-02,商談
ACT-A01180-1,A01180,2026-03-01,電話
ACT-A01180-2,A01180,2026-03-01,メール
ACT-A01180-3,A01180,2026-03-01,商談
ACT-A01180-4,A01180,2026-03-01,資料送付
ACT-A01182-1,A01182,2026-03-01,電話
ACT-A01183-1,A01183,2026-03-01,電話
ACT-A01183-2,A01183,2026-03-01,メール
ACT-A01183-3,A01183,2026-03-01,商談
ACT-A01183-4,A01183,2026-03-01,資料送付
ACT-A01184-1,A01184,2026-03-01,電話
ACT-A01184-2,A01184,2026-03-01,メール
ACT-A01185-1,A01185,2026-03-22,電話
ACT-A01185-2,A01185,2026-03-19,メール
ACT-A01185-3,A01185,2026-03-16,商談
ACT-A01185-4,A01185,2026-03-13,資料送付
ACT-A01185-5,A01185,2026-03-10,電話
ACT-A01186-1,A01186,2026-03-01,電話
ACT-A01186-2,A01186,2026-03-01,メール
ACT-A01187-1,A01187,2026-03-01,電話
ACT-A01187-2,A01187,2026-03-01,メール
ACT-A01187-3,A01187,2026-03-01,商談
ACT-A01187-4,A01187,2026-03-01,資料送付
ACT-A01187-5,A01187,2026-03-01,電話
ACT-A01188-1,A01188,2026-03-01,電話
ACT-A01188-2,A01188,2026-03-01,メール
ACT-A01188-3,A01188,2026-03-01,商談
ACT-A01188-4,A01188,2026-03-01,資料送付
ACT-A01188-5,A01188,2026-03-01,電話
ACT-A01189-1,A01189,2026-03-01,電話
ACT-A01189-2,A01189,2026-03-01,メール
ACT-A01190-1,A01190,2026-03-16,電話
ACT-A01190-2,A01190,2026-03-13,メール
ACT-A01190-3,A01190,2026-03-10,商談
ACT-A01190-4,A01190,2026-03-07,資料送付
ACT-A01191-1,A01191,2026-03-01,電話
ACT-A01191-2,A01191,2026-03-01,メール
ACT-A01192-1,A01192,2026-03-01,電話
ACT-A01192-2,A01192,2026-03-01,メール
ACT-A01192-3,A01192,2026-03-01,商談
ACT-A01192-4,A01192,2026-03-01,資料送付
ACT-A01193-1,A01193,2026-03-01,電話
ACT-A01193-2,A01193,2026-03-01,メール
ACT-A01194-1,A01194,2026-03-01,電話
ACT-A01194-2,A01194,2026-03-01,メール
ACT-A01194-3,A01194,2026-03-01,商談
ACT-A01194-4,A01194,2026-03-01,資料送付
ACT-A01195-1,A01195,2026-03-01,電話
ACT-A01195-2,A01195,2026-03-01,メール
ACT-A01195-3,A01195,2026-03-01,商談
ACT-A01196-1,A01196,2026-03-01,電話
ACT-A01197-1,A01197,2026-03-01,電話
ACT-A01197-2,A01197,2026-03-01,メール
ACT-A01197-3,A01197,2026-03-01,商談
ACT-A01197-4,A01197,2026-03-01,資料送付
ACT-A01198-1,A01198,2026-03-01,電話
ACT-A01198-2,A01198,2026-03-01,メール
ACT-A01198-3,A01198,2026-03-01,商談
ACT-A01198-4,A01198,2026-03-01,資料送付
ACT-A01198-5,A01198,2026-03-01,電話
ACT-A01198-6,A01198,2026-03-01,メール
ACT-A01198-7,A01198,2026-03-01,商談
ACT-A01199-1,A01199,2026-03-01,電話
ACT-A01199-2,A01199,2026-03-01,メール
ACT-A01199-3,A01199,2026-03-01,商談
ACT-A01200-1,A01200,2026-03-01,電話
ACT-A01201-1,A01201,2026-03-11,電話
ACT-A01202-1,A01202,2026-03-01,電話
ACT-A01203-1,A01203,2026-03-01,電話
ACT-A01203-2,A01203,2026-03-01,メール
ACT-A01204-1,A01204,2026-03-01,電話
ACT-A01205-1,A01205,2026-03-01,電話
ACT-A01206-1,A01206,2026-03-01,電話
ACT-A01206-2,A01206,2026-03-01,メール
ACT-A01206-3,A01206,2026-03-01,商談
ACT-A01206-4,A01206,2026-03-01,資料送付
ACT-A01207-1,A01207,2026-03-01,電話
ACT-A01207-2,A01207,2026-03-01,メール
ACT-A01207-3,A01207,2026-03-01,商談
ACT-A01208-1,A01208,2026-03-01,電話
ACT-A01208-2,A01208,2026-03-01,メール
ACT-A01208-3,A01208,2026-03-01,商談
ACT-A01209-1,A01209,2026-03-15,電話
ACT-A01210-1,A01210,2026-03-01,電話
ACT-A01210-2,A01210,2026-03-01,メール
ACT-A01210-3,A01210,2026-03-01,商談
ACT-A01211-1,A01211,2026-03-01,電話
ACT-A01211-2,A01211,2026-03-01,メール
ACT-A01212-1,A01212,2026-03-01,電話
ACT-A01212-2,A01212,2026-03-01,メール
ACT-A01214-1,A01214,2026-03-01,電話
ACT-A01214-2,A01214,2026-03-01,メール
ACT-A01215-1,A01215,2026-03-01,電話
ACT-A01215-2,A01215,2026-03-01,メール
ACT-A01215-3,A01215,2026-03-01,商談
ACT-A01216-1,A01216,2026-03-01,電話
ACT-A01216-2,A01216,2026-03-01,メール
ACT-A01216-3,A01216,2026-03-01,商談
ACT-A01217-1,A01217,2026-03-10,電話
ACT-A01217-2,A01217,2026-03-07,メール
ACT-A01218-1,A01218,2026-03-01,電話
ACT-A01218-2,A01218,2026-03-01,メール
ACT-A01219-1,A01219,2026-03-01,電話
ACT-A01219-2,A01219,2026-03-01,メール
ACT-A01220-1,A01220,2026-03-01,電話
ACT-A01220-2,A01220,2026-03-01,メール
ACT-A01221-1,A01221,2026-03-01,電話
ACT-A01221-2,A01221,2026-03-01,メール
ACT-A01222-1,A01222,2026-03-01,電話
ACT-A01222-2,A01222,2026-03-01,メール
ACT-A01222-3,A01222,2026-03-01,商談
ACT-A01222-4,A01222,2026-03-01,資料送付
ACT-A01222-5,A01222,2026-03-01,電話
ACT-A01224-1,A01224,2026-03-01,電話
ACT-A01224-2,A01224,2026-03-01,メール
ACT-A01224-3,A01224,2026-03-01,商談
ACT-A01224-4,A01224,2026-03-01,資料送付
ACT-A01225-1,A01225,2026-03-01,電話
ACT-A01225-2,A01225,2026-03-01,メール
ACT-A01226-1,A01226,2026-03-01,電話
ACT-A01226-2,A01226,2026-03-01,メール
ACT-A01226-3,A01226,2026-03-01,商談
ACT-A01227-1,A01227,2026-03-01,電話
ACT-A01227-2,A01227,2026-03-01,メール
ACT-A01228-1,A01228,2026-03-01,電話
ACT-A01228-2,A01228,2026-03-01,メール
ACT-A01228-3,A01228,2026-03-01,商談
ACT-A01230-1,A01230,2026-03-01,電話
ACT-A01230-2,A01230,2026-03-01,メール
ACT-A01230-3,A01230,2026-03-01,商談
ACT-A01231-1,A01231,2026-03-01,電話
ACT-A01231-2,A01231,2026-03-01,メール
ACT-A01231-3,A01231,2026-03-01,商談
ACT-A01232-1,A01232,2026-03-01,電話
ACT-A01234-1,A01234,2026-03-01,電話
ACT-A01234-2,A01234,2026-03-01,メール
ACT-A01234-3,A01234,2026-03-01,商談
ACT-A01234-4,A01234,2026-03-01,資料送付
ACT-A01235-1,A01235,2026-03-12,電話
ACT-A01235-2,A01235,2026-03-09,メール
ACT-A01235-3,A01235,2026-03-06,商談
ACT-A01236-1,A01236,2026-03-18,電話
ACT-A01236-2,A01236,2026-03-15,メール
ACT-A01236-3,A01236,2026-03-12,商談
ACT-A01236-4,A01236,2026-03-09,資料送付
ACT-A01236-5,A01236,2026-03-06,電話
ACT-A01237-1,A01237,2026-03-25,電話
ACT-A01237-2,A01237,2026-03-22,メール
ACT-A01237-3,A01237,2026-03-19,商談
ACT-A01237-4,A01237,2026-03-16,資料送付
ACT-A01237-5,A01237,2026-03-13,電話
ACT-A01238-1,A01238,2026-03-01,電話
ACT-A01238-2,A01238,2026-03-01,メール
ACT-A01238-3,A01238,2026-03-01,商談
ACT-A01239-1,A01239,2026-03-01,電話
ACT-A01239-2,A01239,2026-03-01,メール
ACT-A01240-1,A01240,2026-03-01,電話
ACT-A01240-2,A01240,2026-03-01,メール
ACT-A01242-1,A01242,2026-03-01,電話
ACT-A01242-2,A01242,2026-03-01,メール
ACT-A01242-3,A01242,2026-03-01,商談
ACT-A01243-1,A01243,2026-03-01,電話
ACT-A01243-2,A01243,2026-03-01,メール
ACT-A01244-1,A01244,2026-03-01,電話
ACT-A01244-2,A01244,2026-03-01,メール
ACT-A01247-1,A01247,2026-03-01,電話
ACT-A01248-1,A01248,2026-03-01,電話
ACT-A01248-2,A01248,2026-03-01,メール
ACT-A01249-1,A01249,2026-03-13,電話
ACT-A01249-2,A01249,2026-03-10,メール
ACT-A01250-1,A01250,2026-03-01,電話
ACT-A01250-2,A01250,2026-03-01,メール
ACT-A01251-1,A01251,2026-03-01,電話
ACT-A01252-1,A01252,2026-03-01,電話
ACT-A01252-2,A01252,2026-03-01,メール
ACT-A01252-3,A01252,2026-03-01,商談
ACT-A01253-1,A01253,2026-03-01,電話
ACT-A01253-2,A01253,2026-03-01,メール
ACT-A01253-3,A01253,2026-03-01,商談
ACT-A01254-1,A01254,2026-03-01,電話
ACT-A01254-2,A01254,2026-03-01,メール
ACT-A01254-3,A01254,2026-03-01,商談
ACT-A01254-4,A01254,2026-03-01,資料送付
ACT-A01255-1,A01255,2026-03-01,電話
ACT-A01256-1,A01256,2026-03-01,電話
ACT-A01259-1,A01259,2026-03-01,電話
ACT-A01259-2,A01259,2026-03-01,メール
ACT-A01259-3,A01259,2026-03-01,商談
ACT-A01260-1,A01260,2026-03-25,電話
ACT-A01260-2,A01260,2026-03-22,メール
ACT-A01261-1,A01261,2026-03-01,電話
ACT-A01261-2,A01261,2026-03-01,メール
ACT-A01261-3,A01261,2026-03-01,商談
ACT-A01262-1,A01262,2026-03-01,電話
ACT-A01263-1,A01263,2026-03-01,電話
ACT-A01263-2,A01263,2026-03-01,メール
ACT-A01264-1,A01264,2026-03-01,電話
ACT-A01264-2,A01264,2026-03-01,メール
ACT-A01264-3,A01264,2026-03-01,商談
ACT-A01264-4,A01264,2026-03-01,資料送付
ACT-A01265-1,A01265,2026-03-21,電話
ACT-A01265-2,A01265,2026-03-18,メール
ACT-A01265-3,A01265,2026-03-15,商談
ACT-A01265-4,A01265,2026-03-12,資料送付
ACT-A01265-5,A01265,2026-03-09,電話
ACT-A01265-6,A01265,2026-03-06,メール
ACT-A01266-1,A01266,2026-03-01,電話
ACT-A01266-2,A01266,2026-03-01,メール
ACT-A01267-1,A01267,2026-03-01,電話
ACT-A01268-1,A01268,2026-03-25,電話
ACT-A01268-2,A01268,2026-03-22,メール
ACT-A01268-3,A01268,2026-03-19,商談
ACT-A01268-4,A01268,2026-03-16,資料送付
ACT-A01269-1,A01269,2026-03-01,電話
ACT-A01269-2,A01269,2026-03-01,メール
ACT-A01271-1,A01271,2026-03-01,電話
ACT-A01271-2,A01271,2026-03-01,メール
ACT-A01272-1,A01272,2026-03-01,電話
ACT-A01272-2,A01272,2026-03-01,メール
ACT-A01272-3,A01272,2026-03-01,商談
ACT-A01272-4,A01272,2026-03-01,資料送付
ACT-A01273-1,A01273,2026-03-01,電話
ACT-A01274-1,A01274,2026-03-20,電話
ACT-A01275-1,A01275,2026-03-01,電話
ACT-A01275-2,A01275,2026-03-01,メール
ACT-A01275-3,A01275,2026-03-01,商談
ACT-A01275-4,A01275,2026-03-01,資料送付
ACT-A01275-5,A01275,2026-03-01,電話
ACT-A01276-1,A01276,2026-03-01,電話
ACT-A01277-1,A01277,2026-03-01,電話
ACT-A01277-2,A01277,2026-03-01,メール
ACT-A01277-3,A01277,2026-03-01,商談
ACT-A01277-4,A01277,2026-03-01,資料送付
ACT-A01278-1,A01278,2026-03-01,電話
ACT-A01278-2,A01278,2026-03-01,メール
ACT-A01279-1,A01279,2026-03-01,電話
ACT-A01279-2,A01279,2026-03-01,メール
ACT-A01279-3,A01279,2026-03-01,商談
ACT-A01280-1,A01280,2026-03-12,電話
ACT-A01280-2,A01280,2026-03-09,メール
ACT-A01280-3,A01280,2026-03-06,商談
ACT-A01280-4,A01280,2026-03-03,資料送付
ACT-A01281-1,A01281,2026-03-01,電話
ACT-A01281-2,A01281,2026-03-01,メール
ACT-A01282-1,A01282,2026-03-07,電話
ACT-A01282-2,A01282,2026-03-04,メール
ACT-A01282-3,A01282,2026-03-01,商談
ACT-A01282-4,A01282,2026-03-01,資料送付
ACT-A01283-1,A01283,2026-03-23,電話
ACT-A01283-2,A01283,2026-03-20,メール
ACT-A01283-3,A01283,2026-03-17,商談
ACT-A01283-4,A01283,2026-03-14,資料送付
ACT-A01284-1,A01284,2026-03-01,電話
ACT-A01284-2,A01284,2026-03-01,メール
ACT-A01284-3,A01284,2026-03-01,商談
ACT-A01284-4,A01284,2026-03-01,資料送付
ACT-A01285-1,A01285,2026-03-03,電話
ACT-A01285-2,A01285,2026-03-01,メール
ACT-A01287-1,A01287,2026-03-01,電話
ACT-A01287-2,A01287,2026-03-01,メール
ACT-A01288-1,A01288,2026-03-01,電話
ACT-A01288-2,A01288,2026-03-01,メール
ACT-A01288-3,A01288,2026-03-01,商談
ACT-A01289-1,A01289,2026-03-01,電話
ACT-A01289-2,A01289,2026-03-01,メール
ACT-A01289-3,A01289,2026-03-01,商談
ACT-A01289-4,A01289,2026-03-01,資料送付
ACT-A01289-5,A01289,2026-03-01,電話
ACT-A01290-1,A01290,2026-03-01,電話
ACT-A01291-1,A01291,2026-03-14,電話
ACT-A01292-1,A01292,2026-03-01,電話
ACT-A01292-2,A01292,2026-03-01,メール
ACT-A01294-1,A01294,2026-03-01,電話
ACT-A01294-2,A01294,2026-03-01,メール
ACT-A01294-3,A01294,2026-03-01,商談
ACT-A01294-4,A01294,2026-03-01,資料送付
ACT-A01295-1,A01295,2026-03-01,電話
ACT-A01295-2,A01295,2026-03-01,メール
ACT-A01296-1,A01296,2026-03-01,電話
ACT-A01296-2,A01296,2026-03-01,メール
ACT-A01297-1,A01297,2026-03-12,電話
ACT-A01297-2,A01297,2026-03-09,メール
ACT-A01297-3,A01297,2026-03-06,商談
ACT-A01297-4,A01297,2026-03-03,資料送付
ACT-A01298-1,A01298,2026-03-24,電話
ACT-A01298-2,A01298,2026-03-21,メール
ACT-A01298-3,A01298,2026-03-18,商談
ACT-A01298-4,A01298,2026-03-15,資料送付
ACT-A01299-1,A01299,2026-03-01,電話
ACT-A01299-2,A01299,2026-03-01,メール
ACT-A01299-3,A01299,2026-03-01,商談
ACT-A01300-1,A01300,2026-03-21,電話
ACT-A01300-2,A01300,2026-03-18,メール
ACT-A01301-1,A01301,2026-03-06,電話
ACT-A01301-2,A01301,2026-03-03,メール
ACT-A01301-3,A01301,2026-03-01,商談
ACT-A01302-1,A01302,2026-03-01,電話
ACT-A01302-2,A01302,2026-03-01,メール
ACT-A01302-3,A01302,2026-03-01,商談
ACT-A01302-4,A01302,2026-03-01,資料送付
ACT-A01303-1,A01303,2026-03-01,電話
ACT-A01303-2,A01303,2026-03-01,メール
ACT-A01303-3,A01303,2026-03-01,商談
ACT-A01304-1,A01304,2026-03-01,電話
ACT-A01304-2,A01304,2026-03-01,メール
ACT-A01305-1,A01305,2026-03-01,電話
ACT-A01305-2,A01305,2026-03-01,メール
ACT-A01306-1,A01306,2026-03-01,電話
ACT-A01306-2,A01306,2026-03-01,メール
ACT-A01306-3,A01306,2026-03-01,商談
ACT-A01307-1,A01307,2026-03-01,電話
ACT-A01307-2,A01307,2026-03-01,メール
ACT-A01307-3,A01307,2026-03-01,商談
ACT-A01307-4,A01307,2026-03-01,資料送付
ACT-A01308-1,A01308,2026-03-15,電話
ACT-A01308-2,A01308,2026-03-12,メール
ACT-A01309-1,A01309,2026-03-15,電話
ACT-A01309-2,A01309,2026-03-12,メール
ACT-A01309-3,A01309,2026-03-09,商談
ACT-A01310-1,A01310,2026-03-16,電話
ACT-A01310-2,A01310,2026-03-13,メール
ACT-A01311-1,A01311,2026-03-01,電話
ACT-A01312-1,A01312,2026-03-01,電話
ACT-A01313-1,A01313,2026-03-01,電話
ACT-A01313-2,A01313,2026-03-01,メール
ACT-A01313-3,A01313,2026-03-01,商談
ACT-A01314-1,A01314,2026-03-01,電話
ACT-A01314-2,A01314,2026-03-01,メール
ACT-A01314-3,A01314,2026-03-01,商談
ACT-A01315-1,A01315,2026-03-01,電話
ACT-A01315-2,A01315,2026-03-01,メール
ACT-A01315-3,A01315,2026-03-01,商談
ACT-A01315-4,A01315,2026-03-01,資料送付
ACT-A01315-5,A01315,2026-03-01,電話
ACT-A01315-6,A01315,2026-03-01,メール
ACT-A01315-7,A01315,2026-03-01,商談
ACT-A01316-1,A01316,2026-03-01,電話
ACT-A01316-2,A01316,2026-03-01,メール
ACT-A01316-3,A01316,2026-03-01,商談
ACT-A01317-1,A01317,2026-03-01,電話
ACT-A01317-2,A01317,2026-03-01,メール
ACT-A01317-3,A01317,2026-03-01,商談
ACT-A01317-4,A01317,2026-03-01,資料送付
ACT-A01318-1,A01318,2026-03-20,電話
ACT-A01318-2,A01318,2026-03-17,メール
ACT-A01318-3,A01318,2026-03-14,商談
ACT-A01318-4,A01318,2026-03-11,資料送付
ACT-A01318-5,A01318,2026-03-08,電話
ACT-A01318-6,A01318,2026-03-05,メール
ACT-A01318-7,A01318,2026-03-02,商談
ACT-A01320-1,A01320,2026-03-01,電話
ACT-A01320-2,A01320,2026-03-01,メール
ACT-A01321-1,A01321,2026-03-01,電話
ACT-A01321-2,A01321,2026-03-01,メール
ACT-A01322-1,A01322,2026-03-01,電話
ACT-A01322-2,A01322,2026-03-01,メール
ACT-A01323-1,A01323,2026-03-01,電話
ACT-A01323-2,A01323,2026-03-01,メール
ACT-A01324-1,A01324,2026-03-01,電話
ACT-A01324-2,A01324,2026-03-01,メール
ACT-A01324-3,A01324,2026-03-01,商談
ACT-A01325-1,A01325,2026-03-01,電話
ACT-A01325-2,A01325,2026-03-01,メール
ACT-A01325-3,A01325,2026-03-01,商談
ACT-A01326-1,A01326,2026-03-21,電話
ACT-A01327-1,A01327,2026-03-01,電話
ACT-A01328-1,A01328,2026-03-03,電話
ACT-A01329-1,A01329,2026-03-01,電話
ACT-A01329-2,A01329,2026-03-01,メール
ACT-A01330-1,A01330,2026-03-01,電話
ACT-A01330-2,A01330,2026-03-01,メール
ACT-A01330-3,A01330,2026-03-01,商談
ACT-A01331-1,A01331,2026-03-01,電話
ACT-A01332-1,A01332,2026-03-01,電話
ACT-A01332-2,A01332,2026-03-01,メール
ACT-A01332-3,A01332,2026-03-01,商談
ACT-A01332-4,A01332,2026-03-01,資料送付
ACT-A01333-1,A01333,2026-03-01,電話
ACT-A01333-2,A01333,2026-03-01,メール
ACT-A01333-3,A01333,2026-03-01,商談
ACT-A01334-1,A01334,2026-03-01,電話
ACT-A01335-1,A01335,2026-03-09,電話
ACT-A01335-2,A01335,2026-03-06,メール
ACT-A01335-3,A01335,2026-03-03,商談
ACT-A01335-4,A01335,2026-03-01,資料送付
ACT-A01335-5,A01335,2026-03-01,電話
ACT-A01336-1,A01336,2026-03-01,電話
ACT-A01336-2,A01336,2026-03-01,メール
ACT-A01336-3,A01336,2026-03-01,商談
ACT-A01336-4,A01336,2026-03-01,資料送付
ACT-A01337-1,A01337,2026-03-01,電話
ACT-A01337-2,A01337,2026-03-01,メール
ACT-A01337-3,A01337,2026-03-01,商談
ACT-A01338-1,A01338,2026-03-01,電話
ACT-A01338-2,A01338,2026-03-01,メール
ACT-A01338-3,A01338,2026-03-01,商談
ACT-A01338-4,A01338,2026-03-01,資料送付
ACT-A01339-1,A01339,2026-03-01,電話
ACT-A01339-2,A01339,2026-03-01,メール
ACT-A01340-1,A01340,2026-03-01,電話
ACT-A01340-2,A01340,2026-03-01,メール
ACT-A01341-1,A01341,2026-03-01,電話
ACT-A01341-2,A01341,2026-03-01,メール
ACT-A01342-1,A01342,2026-03-02,電話
ACT-A01342-2,A01342,2026-03-01,メール
ACT-A01343-1,A01343,2026-03-15,電話
ACT-A01343-2,A01343,2026-03-12,メール
ACT-A01344-1,A01344,2026-03-13,電話
ACT-A01345-1,A01345,2026-03-01,電話
ACT-A01345-2,A01345,2026-03-01,メール
ACT-A01345-3,A01345,2026-03-01,商談
ACT-A01346-1,A01346,2026-03-01,電話
ACT-A01346-2,A01346,2026-03-01,メール
ACT-A01346-3,A01346,2026-03-01,商談
ACT-A01346-4,A01346,2026-03-01,資料送付
ACT-A01347-1,A01347,2026-03-01,電話
ACT-A01347-2,A01347,2026-03-01,メール
ACT-A01347-3,A01347,2026-03-01,商談
ACT-A01348-1,A01348,2026-03-23,電話
ACT-A01348-2,A01348,2026-03-20,メール
ACT-A01348-3,A01348,2026-03-17,商談
ACT-A01349-1,A01349,2026-03-01,電話
ACT-A01349-2,A01349,2026-03-01,メール
ACT-A01349-3,A01349,2026-03-01,商談
ACT-A01351-1,A01351,2026-03-01,電話
ACT-A01351-2,A01351,2026-03-01,メール
ACT-A01352-1,A01352,2026-03-01,電話
ACT-A01352-2,A01352,2026-03-01,メール
ACT-A01353-1,A01353,2026-03-21,電話
ACT-A01353-2,A01353,2026-03-18,メール
ACT-A01354-1,A01354,2026-03-01,電話
ACT-A01355-1,A01355,2026-03-10,電話
ACT-A01355-2,A01355,2026-03-07,メール
ACT-A01355-3,A01355,2026-03-04,商談
ACT-A01355-4,A01355,2026-03-01,資料送付
ACT-A01355-5,A01355,2026-03-01,電話
ACT-A01356-1,A01356,2026-03-01,電話
ACT-A01356-2,A01356,2026-03-01,メール
ACT-A01357-1,A01357,2026-03-01,電話
ACT-A01357-2,A01357,2026-03-01,メール
ACT-A01357-3,A01357,2026-03-01,商談
ACT-A01357-4,A01357,2026-03-01,資料送付
ACT-A01357-5,A01357,2026-03-01,電話
ACT-A01357-6,A01357,2026-03-01,メール
ACT-A01358-1,A01358,2026-03-01,電話
ACT-A01358-2,A01358,2026-03-01,メール
ACT-A01358-3,A01358,2026-03-01,商談
ACT-A01359-1,A01359,2026-03-01,電話
ACT-A01359-2,A01359,2026-03-01,メール
ACT-A01359-3,A01359,2026-03-01,商談
ACT-A01360-1,A01360,2026-03-01,電話
ACT-A01360-2,A01360,2026-03-01,メール
ACT-A01360-3,A01360,2026-03-01,商談
ACT-A01360-4,A01360,2026-03-01,資料送付
ACT-A01361-1,A01361,2026-03-20,電話
ACT-A01361-2,A01361,2026-03-17,メール
ACT-A01361-3,A01361,2026-03-14,商談
ACT-A01361-4,A01361,2026-03-11,資料送付
ACT-A01361-5,A01361,2026-03-08,電話
ACT-A01361-6,A01361,2026-03-05,メール
ACT-A01362-1,A01362,2026-03-01,電話
ACT-A01362-2,A01362,2026-03-01,メール
ACT-A01362-3,A01362,2026-03-01,商談
ACT-A01363-1,A01363,2026-03-13,電話
ACT-A01364-1,A01364,2026-03-01,電話
ACT-A01364-2,A01364,2026-03-01,メール
ACT-A01364-3,A01364,2026-03-01,商談
ACT-A01364-4,A01364,2026-03-01,資料送付
ACT-A01364-5,A01364,2026-03-01,電話
ACT-A01365-1,A01365,2026-03-01,電話
ACT-A01365-2,A01365,2026-03-01,メール
ACT-A01367-1,A01367,2026-03-01,電話
ACT-A01367-2,A01367,2026-03-01,メール
ACT-A01368-1,A01368,2026-03-01,電話
ACT-A01368-2,A01368,2026-03-01,メール
ACT-A01368-3,A01368,2026-03-01,商談
ACT-A01370-1,A01370,2026-03-01,電話
ACT-A01370-2,A01370,2026-03-01,メール
ACT-A01371-1,A01371,2026-03-01,電話
ACT-A01371-2,A01371,2026-03-01,メール
ACT-A01371-3,A01371,2026-03-01,商談
ACT-A01371-4,A01371,2026-03-01,資料送付
ACT-A01371-5,A01371,2026-03-01,電話
ACT-A01371-6,A01371,2026-03-01,メール
ACT-A01371-7,A01371,2026-03-01,商談
ACT-A01372-1,A01372,2026-03-22,電話
ACT-A01372-2,A01372,2026-03-19,メール
ACT-A01373-1,A01373,2026-03-01,電話
ACT-A01373-2,A01373,2026-03-01,メール
ACT-A01373-3,A01373,2026-03-01,商談
ACT-A01373-4,A01373,2026-03-01,資料送付
ACT-A01374-1,A01374,2026-03-26,電話
ACT-A01375-1,A01375,2026-03-01,電話
ACT-A01376-1,A01376,2026-03-01,電話
ACT-A01377-1,A01377,2026-03-01,電話
ACT-A01377-2,A01377,2026-03-01,メール
ACT-A01377-3,A01377,2026-03-01,商談
ACT-A01378-1,A01378,2026-03-01,電話
ACT-A01378-2,A01378,2026-03-01,メール
ACT-A01378-3,A01378,2026-03-01,商談
ACT-A01378-4,A01378,2026-03-01,資料送付
ACT-A01380-1,A01380,2026-03-01,電話
ACT-A01380-2,A01380,2026-03-01,メール
ACT-A01380-3,A01380,2026-03-01,商談
ACT-A01381-1,A01381,2026-03-23,電話
ACT-A01381-2,A01381,2026-03-20,メール
ACT-A01381-3,A01381,2026-03-17,商談
ACT-A01381-4,A01381,2026-03-14,資料送付
ACT-A01383-1,A01383,2026-03-01,電話
ACT-A01383-2,A01383,2026-03-01,メール
ACT-A01383-3,A01383,2026-03-01,商談
ACT-A01384-1,A01384,2026-03-01,電話
ACT-A01384-2,A01384,2026-03-01,メール
ACT-A01384-3,A01384,2026-03-01,商談
ACT-A01384-4,A01384,2026-03-01,資料送付
ACT-A01384-5,A01384,2026-03-01,電話
ACT-A01385-1,A01385,2026-03-05,電話
ACT-A01385-2,A01385,2026-03-02,メール
ACT-A01385-3,A01385,2026-03-01,商談
ACT-A01386-1,A01386,2026-03-01,電話
ACT-A01386-2,A01386,2026-03-01,メール
ACT-A01387-1,A01387,2026-03-01,電話
ACT-A01387-2,A01387,2026-03-01,メール
ACT-A01387-3,A01387,2026-03-01,商談
ACT-A01388-1,A01388,2026-03-01,電話
ACT-A01388-2,A01388,2026-03-01,メール
ACT-A01388-3,A01388,2026-03-01,商談
ACT-A01388-4,A01388,2026-03-01,資料送付
ACT-A01388-5,A01388,2026-03-01,電話
ACT-A01389-1,A01389,2026-03-03,電話
ACT-A01391-1,A01391,2026-03-01,電話
ACT-A01391-2,A01391,2026-03-01,メール
ACT-A01391-3,A01391,2026-03-01,商談
ACT-A01391-4,A01391,2026-03-01,資料送付
ACT-A01392-1,A01392,2026-03-01,電話
ACT-A01392-2,A01392,2026-03-01,メール
ACT-A01392-3,A01392,2026-03-01,商談
ACT-A01392-4,A01392,2026-03-01,資料送付
ACT-A01392-5,A01392,2026-03-01,電話
ACT-A01393-1,A01393,2026-03-01,電話
ACT-A01393-2,A01393,2026-03-01,メール
ACT-A01393-3,A01393,2026-03-01,商談
ACT-A01393-4,A01393,2026-03-01,資料送付
ACT-A01393-5,A01393,2026-03-01,電話
ACT-A01394-1,A01394,2026-03-01,電話
ACT-A01394-2,A01394,2026-03-01,メール
ACT-A01395-1,A01395,2026-03-12,電話
ACT-A01395-2,A01395,2026-03-09,メール
ACT-A01396-1,A01396,2026-03-23,電話
ACT-A01397-1,A01397,2026-03-01,電話
ACT-A01398-1,A01398,2026-03-01,電話
ACT-A01398-2,A01398,2026-03-01,メール
ACT-A01398-3,A01398,2026-03-01,商談
ACT-A01399-1,A01399,2026-03-24,電話
ACT-A01399-2,A01399,2026-03-21,メール
ACT-A01399-3,A01399,2026-03-18,商談
ACT-A01400-1,A01400,2026-03-01,電話
ACT-A01401-1,A01401,2026-03-01,電話
ACT-A01401-2,A01401,2026-03-01,メール
ACT-A01402-1,A01402,2026-03-01,電話
ACT-A01402-2,A01402,2026-03-01,メール
ACT-A01402-3,A01402,2026-03-01,商談
ACT-A01403-1,A01403,2026-03-01,電話
ACT-A01403-2,A01403,2026-03-01,メール
ACT-A01405-1,A01405,2026-03-01,電話
ACT-A01406-1,A01406,2026-03-01,電話
ACT-A01406-2,A01406,2026-03-01,メール
ACT-A01409-1,A01409,2026-03-01,電話
ACT-A01409-2,A01409,2026-03-01,メール
ACT-A01409-3,A01409,2026-03-01,商談
ACT-A01411-1,A01411,2026-03-01,電話
ACT-A01411-2,A01411,2026-03-01,メール
ACT-A01412-1,A01412,2026-03-01,電話
ACT-A01412-2,A01412,2026-03-01,メール
ACT-A01412-3,A01412,2026-03-01,商談
ACT-A01413-1,A01413,2026-03-01,電話
ACT-A01413-2,A01413,2026-03-01,メール
ACT-A01414-1,A01414,2026-03-01,電話
ACT-A01415-1,A01415,2026-03-16,電話
ACT-A01416-1,A01416,2026-03-24,電話
ACT-A01416-2,A01416,2026-03-21,メール
ACT-A01416-3,A01416,2026-03-18,商談
ACT-A01417-1,A01417,2026-03-01,電話
ACT-A01417-2,A01417,2026-03-01,メール
ACT-A01417-3,A01417,2026-03-01,商談
ACT-A01418-1,A01418,2026-03-15,電話
ACT-A01418-2,A01418,2026-03-12,メール
ACT-A01418-3,A01418,2026-03-09,商談
ACT-A01419-1,A01419,2026-03-01,電話
ACT-A01419-2,A01419,2026-03-01,メール
ACT-A01419-3,A01419,2026-03-01,商談
ACT-A01420-1,A01420,2026-03-01,電話
ACT-A01421-1,A01421,2026-03-09,電話
ACT-A01421-2,A01421,2026-03-06,メール
ACT-A01421-3,A01421,2026-03-03,商談
ACT-A01421-4,A01421,2026-03-01,資料送付
ACT-A01422-1,A01422,2026-03-01,電話
ACT-A01423-1,A01423,2026-03-15,電話
ACT-A01423-2,A01423,2026-03-12,メール
ACT-A01423-3,A01423,2026-03-09,商談
ACT-A01424-1,A01424,2026-03-01,電話
ACT-A01424-2,A01424,2026-03-01,メール
ACT-A01424-3,A01424,2026-03-01,商談
ACT-A01425-1,A01425,2026-03-01,電話
ACT-A01426-1,A01426,2026-03-01,電話
ACT-A01426-2,A01426,2026-03-01,メール
ACT-A01426-3,A01426,2026-03-01,商談
ACT-A01427-1,A01427,2026-03-01,電話
ACT-A01427-2,A01427,2026-03-01,メール
ACT-A01427-3,A01427,2026-03-01,商談
ACT-A01427-4,A01427,2026-03-01,資料送付
ACT-A01428-1,A01428,2026-03-01,電話
ACT-A01428-2,A01428,2026-03-01,メール
ACT-A01428-3,A01428,2026-03-01,商談
ACT-A01429-1,A01429,2026-03-01,電話
ACT-A01429-2,A01429,2026-03-01,メール
ACT-A01429-3,A01429,2026-03-01,商談
ACT-A01431-1,A01431,2026-03-01,電話
ACT-A01431-2,A01431,2026-03-01,メール
ACT-A01432-1,A01432,2026-03-01,電話
ACT-A01432-2,A01432,2026-03-01,メール
ACT-A01432-3,A01432,2026-03-01,商談
ACT-A01432-4,A01432,2026-03-01,資料送付
ACT-A01432-5,A01432,2026-03-01,電話
ACT-A01433-1,A01433,2026-03-01,電話
ACT-A01433-2,A01433,2026-03-01,メール
ACT-A01433-3,A01433,2026-03-01,商談
ACT-A01434-1,A01434,2026-03-01,電話
ACT-A01434-2,A01434,2026-03-01,メール
ACT-A01436-1,A01436,2026-03-01,電話
ACT-A01436-2,A01436,2026-03-01,メール
ACT-A01437-1,A01437,2026-03-01,電話
ACT-A01438-1,A01438,2026-03-01,電話
ACT-A01438-2,A01438,2026-03-01,メール
ACT-A01438-3,A01438,2026-03-01,商談
ACT-A01439-1,A01439,2026-03-07,電話
ACT-A01440-1,A01440,2026-03-01,電話
ACT-A01440-2,A01440,2026-03-01,メール
ACT-A01440-3,A01440,2026-03-01,商談
ACT-A01441-1,A01441,2026-03-01,電話
ACT-A01441-2,A01441,2026-03-01,メール
ACT-A01441-3,A01441,2026-03-01,商談
ACT-A01441-4,A01441,2026-03-01,資料送付
ACT-A01441-5,A01441,2026-03-01,電話
ACT-A01443-1,A01443,2026-03-01,電話
ACT-A01443-2,A01443,2026-03-01,メール
ACT-A01443-3,A01443,2026-03-01,商談
ACT-A01444-1,A01444,2026-03-01,電話
ACT-A01445-1,A01445,2026-03-01,電話
ACT-A01445-2,A01445,2026-03-01,メール
ACT-A01446-1,A01446,2026-03-01,電話
ACT-A01447-1,A01447,2026-03-02,電話
ACT-A01447-2,A01447,2026-03-01,メール
ACT-A01447-3,A01447,2026-03-01,商談
ACT-A01448-1,A01448,2026-03-04,電話
ACT-A01448-2,A01448,2026-03-01,メール
ACT-A01448-3,A01448,2026-03-01,商談
ACT-A01449-1,A01449,2026-03-01,電話
ACT-A01450-1,A01450,2026-03-01,電話
ACT-A01451-1,A01451,2026-03-01,電話
ACT-A01451-2,A01451,2026-03-01,メール
ACT-A01451-3,A01451,2026-03-01,商談
ACT-A01451-4,A01451,2026-03-01,資料送付
ACT-A01451-5,A01451,2026-03-01,電話
ACT-A01451-6,A01451,2026-03-01,メール
ACT-A01452-1,A01452,2026-03-01,電話
ACT-A01453-1,A01453,2026-03-01,電話
ACT-A01453-2,A01453,2026-03-01,メール
ACT-A01453-3,A01453,2026-03-01,商談
ACT-A01454-1,A01454,2026-03-01,電話
ACT-A01455-1,A01455,2026-03-01,電話
ACT-A01455-2,A01455,2026-03-01,メール
ACT-A01456-1,A01456,2026-03-01,電話
ACT-A01456-2,A01456,2026-03-01,メール
ACT-A01457-1,A01457,2026-03-17,電話
ACT-A01457-2,A01457,2026-03-14,メール
ACT-A01457-3,A01457,2026-03-11,商談
ACT-A01458-1,A01458,2026-03-01,電話
ACT-A01458-2,A01458,2026-03-01,メール
ACT-A01459-1,A01459,2026-03-01,電話
ACT-A01459-2,A01459,2026-03-01,メール
ACT-A01460-1,A01460,2026-03-01,電話
ACT-A01461-1,A01461,2026-03-09,電話
ACT-A01461-2,A01461,2026-03-06,メール
ACT-A01461-3,A01461,2026-03-03,商談
ACT-A01462-1,A01462,2026-03-01,電話
ACT-A01462-2,A01462,2026-03-01,メール
ACT-A01462-3,A01462,2026-03-01,商談
ACT-A01463-1,A01463,2026-03-01,電話
ACT-A01463-2,A01463,2026-03-01,メール
ACT-A01464-1,A01464,2026-03-01,電話
ACT-A01464-2,A01464,2026-03-01,メール
ACT-A01465-1,A01465,2026-03-01,電話
ACT-A01465-2,A01465,2026-03-01,メール
ACT-A01465-3,A01465,2026-03-01,商談
ACT-A01465-4,A01465,2026-03-01,資料送付
ACT-A01466-1,A01466,2026-03-01,電話
ACT-A01467-1,A01467,2026-03-01,電話
ACT-A01468-1,A01468,2026-03-01,電話
ACT-A01468-2,A01468,2026-03-01,メール
ACT-A01469-1,A01469,2026-03-01,電話
ACT-A01469-2,A01469,2026-03-01,メール
ACT-A01469-3,A01469,2026-03-01,商談
ACT-A01469-4,A01469,2026-03-01,資料送付
ACT-A01469-5,A01469,2026-03-01,電話
ACT-A01469-6,A01469,2026-03-01,メール
ACT-A01470-1,A01470,2026-03-01,電話
ACT-A01470-2,A01470,2026-03-01,メール
ACT-A01470-3,A01470,2026-03-01,商談
ACT-A01470-4,A01470,2026-03-01,資料送付
ACT-A01471-1,A01471,2026-03-01,電話
ACT-A01471-2,A01471,2026-03-01,メール
ACT-A01471-3,A01471,2026-03-01,商談
ACT-A01472-1,A01472,2026-03-23,電話
ACT-A01472-2,A01472,2026-03-20,メール
ACT-A01472-3,A01472,2026-03-17,商談
ACT-A01472-4,A01472,2026-03-14,資料送付
ACT-A01473-1,A01473,2026-03-01,電話
ACT-A01474-1,A01474,2026-03-01,電話
ACT-A01474-2,A01474,2026-03-01,メール
ACT-A01475-1,A01475,2026-03-01,電話
ACT-A01475-2,A01475,2026-03-01,メール
ACT-A01475-3,A01475,2026-03-01,商談
ACT-A01475-4,A01475,2026-03-01,資料送付
ACT-A01475-5,A01475,2026-03-01,電話
ACT-A01475-6,A01475,2026-03-01,メール
ACT-A01476-1,A01476,2026-03-01,電話
ACT-A01476-2,A01476,2026-03-01,メール
ACT-A01477-1,A01477,2026-03-03,電話
ACT-A01477-2,A01477,2026-03-01,メール
ACT-A01478-1,A01478,2026-03-01,電話
ACT-A01479-1,A01479,2026-03-01,電話
ACT-A01479-2,A01479,2026-03-01,メール
ACT-A01480-1,A01480,2026-03-06,電話
ACT-A01480-2,A01480,2026-03-03,メール
ACT-A01480-3,A01480,2026-03-01,商談
ACT-A01481-1,A01481,2026-03-01,電話
ACT-A01481-2,A01481,2026-03-01,メール
ACT-A01481-3,A01481,2026-03-01,商談
ACT-A01481-4,A01481,2026-03-01,資料送付
ACT-A01481-5,A01481,2026-03-01,電話
ACT-A01482-1,A01482,2026-03-01,電話
ACT-A01483-1,A01483,2026-03-01,電話
ACT-A01483-2,A01483,2026-03-01,メール
ACT-A01484-1,A01484,2026-03-01,電話
ACT-A01484-2,A01484,2026-03-01,メール
ACT-A01484-3,A01484,2026-03-01,商談
ACT-A01485-1,A01485,2026-03-01,電話
ACT-A01485-2,A01485,2026-03-01,メール
ACT-A01486-1,A01486,2026-03-01,電話
ACT-A01487-1,A01487,2026-03-01,電話
ACT-A01488-1,A01488,2026-03-01,電話
ACT-A01488-2,A01488,2026-03-01,メール
ACT-A01489-1,A01489,2026-03-16,電話
ACT-A01490-1,A01490,2026-03-01,電話
ACT-A01492-1,A01492,2026-03-01,電話
ACT-A01493-1,A01493,2026-03-01,電話
ACT-A01494-1,A01494,2026-03-01,電話
ACT-A01494-2,A01494,2026-03-01,メール
ACT-A01495-1,A01495,2026-03-01,電話
ACT-A01495-2,A01495,2026-03-01,メール
ACT-A01495-3,A01495,2026-03-01,商談
ACT-A01496-1,A01496,2026-03-01,電話
ACT-A01496-2,A01496,2026-03-01,メール
ACT-A01496-3,A01496,2026-03-01,商談
ACT-A01496-4,A01496,2026-03-01,資料送付
ACT-A01497-1,A01497,2026-03-01,電話
ACT-A01497-2,A01497,2026-03-01,メール
ACT-A01497-3,A01497,2026-03-01,商談
ACT-A01498-1,A01498,2026-03-01,電話
ACT-A01498-2,A01498,2026-03-01,メール
ACT-A01499-1,A01499,2026-03-01,電話
ACT-A01499-2,A01499,2026-03-01,メール
ACT-A01499-3,A01499,2026-03-01,商談
ACT-A01500-1,A01500,2026-03-01,電話
ACT-A01500-2,A01500,2026-03-01,メール
ACT-A01500-3,A01500,2026-03-01,商談
ACT-A01500-4,A01500,2026-03-01,資料送付
ACT-A01500-5,A01500,2026-03-01,電話
ACT-A01501-1,A01501,2026-03-01,電話
ACT-A01501-2,A01501,2026-03-01,メール
ACT-A01501-3,A01501,2026-03-01,商談
ACT-A01501-4,A01501,2026-03-01,資料送付
ACT-A01501-5,A01501,2026-03-01,電話
ACT-A01502-1,A01502,2026-03-02,電話
ACT-A01504-1,A01504,2026-03-01,電話
ACT-A01505-1,A01505,2026-03-18,電話
ACT-A01505-2,A01505,2026-03-15,メール
ACT-A01505-3,A01505,2026-03-12,商談
ACT-A01505-4,A01505,2026-03-09,資料送付
ACT-A01506-1,A01506,2026-03-01,電話
ACT-A01506-2,A01506,2026-03-01,メール
ACT-A01506-3,A01506,2026-03-01,商談
ACT-A01507-1,A01507,2026-03-01,電話
ACT-A01507-2,A01507,2026-03-01,メール
ACT-A01507-3,A01507,2026-03-01,商談
ACT-A01507-4,A01507,2026-03-01,資料送付
ACT-A01507-5,A01507,2026-03-01,電話
ACT-A01508-1,A01508,2026-03-01,電話
ACT-A01508-2,A01508,2026-03-01,メール
ACT-A01508-3,A01508,2026-03-01,商談
ACT-A01508-4,A01508,2026-03-01,資料送付
ACT-A01508-5,A01508,2026-03-01,電話
ACT-A01509-1,A01509,2026-03-01,電話
ACT-A01509-2,A01509,2026-03-01,メール
ACT-A01509-3,A01509,2026-03-01,商談
ACT-A01509-4,A01509,2026-03-01,資料送付
ACT-A01510-1,A01510,2026-03-01,電話
ACT-A01510-2,A01510,2026-03-01,メール
ACT-A01510-3,A01510,2026-03-01,商談
ACT-A01511-1,A01511,2026-03-01,電話
ACT-A01511-2,A01511,2026-03-01,メール
ACT-A01511-3,A01511,2026-03-01,商談
ACT-A01511-4,A01511,2026-03-01,資料送付
ACT-A01511-5,A01511,2026-03-01,電話
ACT-A01511-6,A01511,2026-03-01,メール
ACT-A01511-7,A01511,2026-03-01,商談
ACT-A01512-1,A01512,2026-03-11,電話
ACT-A01513-1,A01513,2026-03-01,電話
ACT-A01513-2,A01513,2026-03-01,メール
ACT-A01514-1,A01514,2026-03-01,電話
ACT-A01515-1,A01515,2026-03-01,電話
ACT-A01516-1,A01516,2026-03-01,電話
ACT-A01516-2,A01516,2026-03-01,メール
ACT-A01517-1,A01517,2026-03-01,電話
ACT-A01517-2,A01517,2026-03-01,メール
ACT-A01517-3,A01517,2026-03-01,商談
ACT-A01517-4,A01517,2026-03-01,資料送付
ACT-A01518-1,A01518,2026-03-01,電話
ACT-A01519-1,A01519,2026-03-01,電話
ACT-A01519-2,A01519,2026-03-01,メール
ACT-A01520-1,A01520,2026-03-20,電話
ACT-A01520-2,A01520,2026-03-17,メール
ACT-A01521-1,A01521,2026-03-01,電話
ACT-A01522-1,A01522,2026-03-13,電話
ACT-A01522-2,A01522,2026-03-10,メール
ACT-A01523-1,A01523,2026-03-01,電話
ACT-A01523-2,A01523,2026-03-01,メール
ACT-A01523-3,A01523,2026-03-01,商談
ACT-A01524-1,A01524,2026-03-28,電話
ACT-A01524-2,A01524,2026-03-25,メール
ACT-A01524-3,A01524,2026-03-22,商談
ACT-A01524-4,A01524,2026-03-19,資料送付
ACT-A01525-1,A01525,2026-03-01,電話
ACT-A01525-2,A01525,2026-03-01,メール
ACT-A01526-1,A01526,2026-03-01,電話
ACT-A01526-2,A01526,2026-03-01,メール
ACT-A01528-1,A01528,2026-03-01,電話
ACT-A01528-2,A01528,2026-03-01,メール
ACT-A01529-1,A01529,2026-03-27,電話
ACT-A01529-2,A01529,2026-03-24,メール
ACT-A01529-3,A01529,2026-03-21,商談
ACT-A01529-4,A01529,2026-03-18,資料送付
ACT-A01529-5,A01529,2026-03-15,電話
ACT-A01529-6,A01529,2026-03-12,メール
ACT-A01530-1,A01530,2026-03-24,電話
ACT-A01530-2,A01530,2026-03-21,メール
ACT-A01530-3,A01530,2026-03-18,商談
ACT-A01531-1,A01531,2026-03-01,電話
ACT-A01531-2,A01531,2026-03-01,メール
ACT-A01531-3,A01531,2026-03-01,商談
ACT-A01531-4,A01531,2026-03-01,資料送付
ACT-A01532-1,A01532,2026-03-01,電話
ACT-A01533-1,A01533,2026-03-01,電話
ACT-A01533-2,A01533,2026-03-01,メール
ACT-A01534-1,A01534,2026-03-01,電話
ACT-A01534-2,A01534,2026-03-01,メール
ACT-A01534-3,A01534,2026-03-01,商談
ACT-A01535-1,A01535,2026-03-01,電話
ACT-A01535-2,A01535,2026-03-01,メール
ACT-A01535-3,A01535,2026-03-01,商談
ACT-A01535-4,A01535,2026-03-01,資料送付
ACT-A01535-5,A01535,2026-03-01,電話
ACT-A01537-1,A01537,2026-03-01,電話
ACT-A01537-2,A01537,2026-03-01,メール
ACT-A01539-1,A01539,2026-03-11,電話
ACT-A01539-2,A01539,2026-03-08,メール
ACT-A01540-1,A01540,2026-03-01,電話
ACT-A01540-2,A01540,2026-03-01,メール
ACT-A01540-3,A01540,2026-03-01,商談
ACT-A01541-1,A01541,2026-03-01,電話
ACT-A01541-2,A01541,2026-03-01,メール
ACT-A01542-1,A01542,2026-03-28,電話
ACT-A01542-2,A01542,2026-03-25,メール
ACT-A01542-3,A01542,2026-03-22,商談
ACT-A01542-4,A01542,2026-03-19,資料送付
ACT-A01543-1,A01543,2026-03-01,電話
ACT-A01543-2,A01543,2026-03-01,メール
ACT-A01544-1,A01544,2026-03-01,電話
ACT-A01544-2,A01544,2026-03-01,メール
ACT-A01544-3,A01544,2026-03-01,商談
ACT-A01545-1,A01545,2026-03-01,電話
ACT-A01545-2,A01545,2026-03-01,メール
ACT-A01545-3,A01545,2026-03-01,商談
ACT-A01546-1,A01546,2026-03-01,電話
ACT-A01546-2,A01546,2026-03-01,メール
ACT-A01546-3,A01546,2026-03-01,商談
ACT-A01547-1,A01547,2026-03-01,電話
ACT-A01547-2,A01547,2026-03-01,メール
ACT-A01548-1,A01548,2026-03-01,電話
ACT-A01548-2,A01548,2026-03-01,メール
ACT-A01548-3,A01548,2026-03-01,商談
ACT-A01549-1,A01549,2026-03-01,電話
ACT-A01549-2,A01549,2026-03-01,メール
ACT-A01549-3,A01549,2026-03-01,商談
ACT-A01550-1,A01550,2026-03-01,電話
ACT-A01550-2,A01550,2026-03-01,メール
ACT-A01551-1,A01551,2026-03-01,電話
ACT-A01551-2,A01551,2026-03-01,メール
ACT-A01552-1,A01552,2026-03-01,電話
ACT-A01552-2,A01552,2026-03-01,メール
ACT-A01552-3,A01552,2026-03-01,商談
ACT-A01552-4,A01552,2026-03-01,資料送付
ACT-A01553-1,A01553,2026-03-01,電話
ACT-A01553-2,A01553,2026-03-01,メール
ACT-A01554-1,A01554,2026-03-01,電話
ACT-A01555-1,A01555,2026-03-01,電話
ACT-A01555-2,A01555,2026-03-01,メール
ACT-A01555-3,A01555,2026-03-01,商談
ACT-A01555-4,A01555,2026-03-01,資料送付
ACT-A01555-5,A01555,2026-03-01,電話
ACT-A01555-6,A01555,2026-03-01,メール
ACT-A01556-1,A01556,2026-03-01,電話
ACT-A01556-2,A01556,2026-03-01,メール
ACT-A01558-1,A01558,2026-03-01,電話
ACT-A01558-2,A01558,2026-03-01,メール
ACT-A01558-3,A01558,2026-03-01,商談
ACT-A01558-4,A01558,2026-03-01,資料送付
ACT-A01558-5,A01558,2026-03-01,電話
ACT-A01559-1,A01559,2026-03-01,電話
ACT-A01559-2,A01559,2026-03-01,メール
ACT-A01559-3,A01559,2026-03-01,商談
ACT-A01559-4,A01559,2026-03-01,資料送付
ACT-A01560-1,A01560,2026-03-01,電話
ACT-A01561-1,A01561,2026-03-04,電話
ACT-A01562-1,A01562,2026-03-08,電話
ACT-A01562-2,A01562,2026-03-05,メール
ACT-A01562-3,A01562,2026-03-02,商談
ACT-A01562-4,A01562,2026-03-01,資料送付
ACT-A01562-5,A01562,2026-03-01,電話
ACT-A01563-1,A01563,2026-03-01,電話
ACT-A01563-2,A01563,2026-03-01,メール
ACT-A01564-1,A01564,2026-03-01,電話
ACT-A01564-2,A01564,2026-03-01,メール
ACT-A01564-3,A01564,2026-03-01,商談
ACT-A01565-1,A01565,2026-03-10,電話
ACT-A01565-2,A01565,2026-03-07,メール
ACT-A01566-1,A01566,2026-03-01,電話
ACT-A01566-2,A01566,2026-03-01,メール
ACT-A01567-1,A01567,2026-03-01,電話
ACT-A01567-2,A01567,2026-03-01,メール
ACT-A01568-1,A01568,2026-03-14,電話
ACT-A01568-2,A01568,2026-03-11,メール
ACT-A01568-3,A01568,2026-03-08,商談
ACT-A01568-4,A01568,2026-03-05,資料送付
ACT-A01568-5,A01568,2026-03-02,電話
ACT-A01569-1,A01569,2026-03-01,電話
ACT-A01569-2,A01569,2026-03-01,メール
ACT-A01569-3,A01569,2026-03-01,商談
ACT-A01570-1,A01570,2026-03-01,電話
ACT-A01570-2,A01570,2026-03-01,メール
ACT-A01572-1,A01572,2026-03-01,電話
ACT-A01572-2,A01572,2026-03-01,メール
ACT-A01573-1,A01573,2026-03-07,電話
ACT-A01573-2,A01573,2026-03-04,メール
ACT-A01574-1,A01574,2026-03-01,電話
ACT-A01574-2,A01574,2026-03-01,メール
ACT-A01574-3,A01574,2026-03-01,商談
ACT-A01574-4,A01574,2026-03-01,資料送付
ACT-A01574-5,A01574,2026-03-01,電話
ACT-A01575-1,A01575,2026-03-01,電話
ACT-A01575-2,A01575,2026-03-01,メール
ACT-A01576-1,A01576,2026-03-01,電話
ACT-A01576-2,A01576,2026-03-01,メール
ACT-A01576-3,A01576,2026-03-01,商談
ACT-A01576-4,A01576,2026-03-01,資料送付
ACT-A01576-5,A01576,2026-03-01,電話
ACT-A01577-1,A01577,2026-03-01,電話
ACT-A01577-2,A01577,2026-03-01,メール
ACT-A01578-1,A01578,2026-03-01,電話
ACT-A01579-1,A01579,2026-03-15,電話
ACT-A01579-2,A01579,2026-03-12,メール
ACT-A01579-3,A01579,2026-03-09,商談
ACT-A01579-4,A01579,2026-03-06,資料送付
ACT-A01580-1,A01580,2026-03-01,電話
ACT-A01580-2,A01580,2026-03-01,メール
ACT-A01580-3,A01580,2026-03-01,商談
ACT-A01580-4,A01580,2026-03-01,資料送付
ACT-A01580-5,A01580,2026-03-01,電話
ACT-A01581-1,A01581,2026-03-01,電話
ACT-A01581-2,A01581,2026-03-01,メール
ACT-A01581-3,A01581,2026-03-01,商談
ACT-A01582-1,A01582,2026-03-01,電話
ACT-A01583-1,A01583,2026-03-01,電話
ACT-A01583-2,A01583,2026-03-01,メール
ACT-A01583-3,A01583,2026-03-01,商談
ACT-A01584-1,A01584,2026-03-01,電話
ACT-A01584-2,A01584,2026-03-01,メール
ACT-A01584-3,A01584,2026-03-01,商談
ACT-A01586-1,A01586,2026-03-01,電話
ACT-A01586-2,A01586,2026-03-01,メール
ACT-A01587-1,A01587,2026-03-12,電話
ACT-A01587-2,A01587,2026-03-09,メール
ACT-A01588-1,A01588,2026-03-01,電話
ACT-A01588-2,A01588,2026-03-01,メール
ACT-A01588-3,A01588,2026-03-01,商談
ACT-A01589-1,A01589,2026-03-01,電話
ACT-A01589-2,A01589,2026-03-01,メール
ACT-A01590-1,A01590,2026-03-01,電話
ACT-A01590-2,A01590,2026-03-01,メール
ACT-A01590-3,A01590,2026-03-01,商談
ACT-A01590-4,A01590,2026-03-01,資料送付
ACT-A01590-5,A01590,2026-03-01,電話
ACT-A01590-6,A01590,2026-03-01,メール
ACT-A01591-1,A01591,2026-03-01,電話
ACT-A01591-2,A01591,2026-03-01,メール
ACT-A01592-1,A01592,2026-03-01,電話
ACT-A01592-2,A01592,2026-03-01,メール
ACT-A01594-1,A01594,2026-03-01,電話
ACT-A01594-2,A01594,2026-03-01,メール
ACT-A01594-3,A01594,2026-03-01,商談
ACT-A01594-4,A01594,2026-03-01,資料送付
ACT-A01595-1,A01595,2026-03-01,電話
ACT-A01595-2,A01595,2026-03-01,メール
ACT-A01596-1,A01596,2026-03-01,電話
ACT-A01596-2,A01596,2026-03-01,メール
ACT-A01597-1,A01597,2026-03-01,電話
ACT-A01597-2,A01597,2026-03-01,メール
ACT-A01597-3,A01597,2026-03-01,商談
ACT-A01597-4,A01597,2026-03-01,資料送付
ACT-A01598-1,A01598,2026-03-01,電話
ACT-A01599-1,A01599,2026-03-01,電話
ACT-A01599-2,A01599,2026-03-01,メール
ACT-A01601-1,A01601,2026-03-01,電話
ACT-A01601-2,A01601,2026-03-01,メール
ACT-A01602-1,A01602,2026-03-01,電話
ACT-A01602-2,A01602,2026-03-01,メール
ACT-A01602-3,A01602,2026-03-01,商談
ACT-A01603-1,A01603,2026-03-01,電話
ACT-A01603-2,A01603,2026-03-01,メール
ACT-A01604-1,A01604,2026-03-01,電話
ACT-A01604-2,A01604,2026-03-01,メール
ACT-A01604-3,A01604,2026-03-01,商談
ACT-A01605-1,A01605,2026-03-12,電話
ACT-A01607-1,A01607,2026-03-01,電話
ACT-A01607-2,A01607,2026-03-01,メール
ACT-A01608-1,A01608,2026-03-01,電話
ACT-A01609-1,A01609,2026-03-01,電話
ACT-A01609-2,A01609,2026-03-01,メール
ACT-A01609-3,A01609,2026-03-01,商談
ACT-A01611-1,A01611,2026-03-15,電話
ACT-A01611-2,A01611,2026-03-12,メール
ACT-A01611-3,A01611,2026-03-09,商談
ACT-A01612-1,A01612,2026-03-01,電話
ACT-A01613-1,A01613,2026-03-01,電話
ACT-A01613-2,A01613,2026-03-01,メール
ACT-A01613-3,A01613,2026-03-01,商談
ACT-A01613-4,A01613,2026-03-01,資料送付
ACT-A01613-5,A01613,2026-03-01,電話
ACT-A01614-1,A01614,2026-03-08,電話
ACT-A01614-2,A01614,2026-03-05,メール
ACT-A01614-3,A01614,2026-03-02,商談
ACT-A01614-4,A01614,2026-03-01,資料送付
ACT-A01614-5,A01614,2026-03-01,電話
ACT-A01614-6,A01614,2026-03-01,メール
ACT-A01614-7,A01614,2026-03-01,商談
ACT-A01614-8,A01614,2026-03-01,資料送付
ACT-A01614-9,A01614,2026-03-01,電話
ACT-A01615-1,A01615,2026-03-01,電話
ACT-A01616-1,A01616,2026-03-01,電話
ACT-A01616-2,A01616,2026-03-01,メール
ACT-A01616-3,A01616,2026-03-01,商談
ACT-A01616-4,A01616,2026-03-01,資料送付
ACT-A01617-1,A01617,2026-03-01,電話
ACT-A01617-2,A01617,2026-03-01,メール
ACT-A01617-3,A01617,2026-03-01,商談
ACT-A01618-1,A01618,2026-03-27,電話
ACT-A01618-2,A01618,2026-03-24,メール
ACT-A01618-3,A01618,2026-03-21,商談
ACT-A01618-4,A01618,2026-03-18,資料送付
ACT-A01618-5,A01618,2026-03-15,電話
ACT-A01618-6,A01618,2026-03-12,メール
ACT-A01619-1,A01619,2026-03-01,電話
ACT-A01619-2,A01619,2026-03-01,メール
ACT-A01620-1,A01620,2026-03-01,電話
ACT-A01620-2,A01620,2026-03-01,メール
ACT-A01620-3,A01620,2026-03-01,商談
ACT-A01621-1,A01621,2026-03-01,電話
ACT-A01622-1,A01622,2026-03-01,電話
ACT-A01622-2,A01622,2026-03-01,メール
ACT-A01622-3,A01622,2026-03-01,商談
ACT-A01623-1,A01623,2026-03-01,電話
ACT-A01623-2,A01623,2026-03-01,メール
ACT-A01624-1,A01624,2026-03-01,電話
ACT-A01625-1,A01625,2026-03-17,電話
ACT-A01625-2,A01625,2026-03-14,メール
ACT-A01625-3,A01625,2026-03-11,商談
ACT-A01625-4,A01625,2026-03-08,資料送付
ACT-A01625-5,A01625,2026-03-05,電話
ACT-A01625-6,A01625,2026-03-02,メール
ACT-A01626-1,A01626,2026-03-01,電話
ACT-A01626-2,A01626,2026-03-01,メール
ACT-A01626-3,A01626,2026-03-01,商談
ACT-A01626-4,A01626,2026-03-01,資料送付
ACT-A01626-5,A01626,2026-03-01,電話
ACT-A01627-1,A01627,2026-03-01,電話
ACT-A01628-1,A01628,2026-03-01,電話
ACT-A01628-2,A01628,2026-03-01,メール
ACT-A01628-3,A01628,2026-03-01,商談
ACT-A01628-4,A01628,2026-03-01,資料送付
ACT-A01629-1,A01629,2026-03-01,電話
ACT-A01629-2,A01629,2026-03-01,メール
ACT-A01629-3,A01629,2026-03-01,商談
ACT-A01630-1,A01630,2026-03-01,電話
ACT-A01630-2,A01630,2026-03-01,メール
ACT-A01630-3,A01630,2026-03-01,商談
ACT-A01631-1,A01631,2026-03-28,電話
ACT-A01632-1,A01632,2026-03-03,電話
ACT-A01632-2,A01632,2026-03-01,メール
ACT-A01633-1,A01633,2026-03-14,電話
ACT-A01633-2,A01633,2026-03-11,メール
ACT-A01634-1,A01634,2026-03-01,電話
ACT-A01634-2,A01634,2026-03-01,メール
ACT-A01634-3,A01634,2026-03-01,商談
ACT-A01635-1,A01635,2026-03-01,電話
ACT-A01635-2,A01635,2026-03-01,メール
ACT-A01635-3,A01635,2026-03-01,商談
ACT-A01635-4,A01635,2026-03-01,資料送付
ACT-A01636-1,A01636,2026-03-01,電話
ACT-A01636-2,A01636,2026-03-01,メール
ACT-A01637-1,A01637,2026-03-06,電話
ACT-A01638-1,A01638,2026-03-01,電話
ACT-A01639-1,A01639,2026-03-01,電話
ACT-A01639-2,A01639,2026-03-01,メール
ACT-A01639-3,A01639,2026-03-01,商談
ACT-A01639-4,A01639,2026-03-01,資料送付
ACT-A01640-1,A01640,2026-03-21,電話
ACT-A01641-1,A01641,2026-03-01,電話
ACT-A01641-2,A01641,2026-03-01,メール
ACT-A01641-3,A01641,2026-03-01,商談
ACT-A01642-1,A01642,2026-03-19,電話
ACT-A01642-2,A01642,2026-03-16,メール
ACT-A01642-3,A01642,2026-03-13,商談
ACT-A01643-1,A01643,2026-03-01,電話
ACT-A01643-2,A01643,2026-03-01,メール
ACT-A01643-3,A01643,2026-03-01,商談
ACT-A01643-4,A01643,2026-03-01,資料送付
ACT-A01643-5,A01643,2026-03-01,電話
ACT-A01644-1,A01644,2026-03-01,電話
ACT-A01646-1,A01646,2026-03-01,電話
ACT-A01646-2,A01646,2026-03-01,メール
ACT-A01647-1,A01647,2026-03-01,電話
ACT-A01647-2,A01647,2026-03-01,メール
ACT-A01648-1,A01648,2026-03-01,電話
ACT-A01649-1,A01649,2026-03-01,電話
ACT-A01649-2,A01649,2026-03-01,メール
ACT-A01649-3,A01649,2026-03-01,商談
ACT-A01649-4,A01649,2026-03-01,資料送付
ACT-A01650-1,A01650,2026-03-01,電話
ACT-A01650-2,A01650,2026-03-01,メール
ACT-A01651-1,A01651,2026-03-01,電話
ACT-A01651-2,A01651,2026-03-01,メール
ACT-A01652-1,A01652,2026-03-01,電話
ACT-A01653-1,A01653,2026-03-01,電話
ACT-A01653-2,A01653,2026-03-01,メール
ACT-A01653-3,A01653,2026-03-01,商談
ACT-A01653-4,A01653,2026-03-01,資料送付
ACT-A01654-1,A01654,2026-03-01,電話
ACT-A01654-2,A01654,2026-03-01,メール
ACT-A01654-3,A01654,2026-03-01,商談
ACT-A01654-4,A01654,2026-03-01,資料送付
ACT-A01655-1,A01655,2026-03-01,電話
ACT-A01655-2,A01655,2026-03-01,メール
ACT-A01656-1,A01656,2026-03-01,電話
ACT-A01656-2,A01656,2026-03-01,メール
ACT-A01656-3,A01656,2026-03-01,商談
ACT-A01657-1,A01657,2026-03-01,電話
ACT-A01657-2,A01657,2026-03-01,メール
ACT-A01657-3,A01657,2026-03-01,商談
ACT-A01657-4,A01657,2026-03-01,資料送付
ACT-A01657-5,A01657,2026-03-01,電話
ACT-A01658-1,A01658,2026-03-01,電話
ACT-A01659-1,A01659,2026-03-07,電話
ACT-A01659-2,A01659,2026-03-04,メール
ACT-A01659-3,A01659,2026-03-01,商談
ACT-A01660-1,A01660,2026-03-01,電話
ACT-A01660-2,A01660,2026-03-01,メール
ACT-A01661-1,A01661,2026-03-01,電話
ACT-A01661-2,A01661,2026-03-01,メール
ACT-A01661-3,A01661,2026-03-01,商談
ACT-A01662-1,A01662,2026-03-01,電話
ACT-A01662-2,A01662,2026-03-01,メール
ACT-A01662-3,A01662,2026-03-01,商談
ACT-A01663-1,A01663,2026-03-01,電話
ACT-A01663-2,A01663,2026-03-01,メール
ACT-A01663-3,A01663,2026-03-01,商談
ACT-A01665-1,A01665,2026-03-01,電話
ACT-A01665-2,A01665,2026-03-01,メール
ACT-A01666-1,A01666,2026-03-01,電話
ACT-A01666-2,A01666,2026-03-01,メール
ACT-A01666-3,A01666,2026-03-01,商談
ACT-A01666-4,A01666,2026-03-01,資料送付
ACT-A01667-1,A01667,2026-03-27,電話
ACT-A01668-1,A01668,2026-03-01,電話
ACT-A01669-1,A01669,2026-03-01,電話
ACT-A01669-2,A01669,2026-03-01,メール
ACT-A01669-3,A01669,2026-03-01,商談
ACT-A01670-1,A01670,2026-03-01,電話
ACT-A01670-2,A01670,2026-03-01,メール
ACT-A01670-3,A01670,2026-03-01,商談
ACT-A01671-1,A01671,2026-03-01,電話
ACT-A01671-2,A01671,2026-03-01,メール
ACT-A01671-3,A01671,2026-03-01,商談
ACT-A01672-1,A01672,2026-03-01,電話
ACT-A01672-2,A01672,2026-03-01,メール
ACT-A01672-3,A01672,2026-03-01,商談
ACT-A01673-1,A01673,2026-03-01,電話
ACT-A01673-2,A01673,2026-03-01,メール
ACT-A01673-3,A01673,2026-03-01,商談
ACT-A01673-4,A01673,2026-03-01,資料送付
ACT-A01675-1,A01675,2026-03-01,電話
ACT-A01676-1,A01676,2026-03-01,電話
ACT-A01676-2,A01676,2026-03-01,メール
ACT-A01677-1,A01677,2026-03-15,電話
ACT-A01677-2,A01677,2026-03-12,メール
ACT-A01678-1,A01678,2026-03-01,電話
ACT-A01679-1,A01679,2026-03-27,電話
ACT-A01679-2,A01679,2026-03-24,メール
ACT-A01680-1,A01680,2026-03-01,電話
ACT-A01680-2,A01680,2026-03-01,メール
ACT-A01681-1,A01681,2026-03-01,電話
ACT-A01681-2,A01681,2026-03-01,メール
ACT-A01681-3,A01681,2026-03-01,商談
ACT-A01681-4,A01681,2026-03-01,資料送付
ACT-A01681-5,A01681,2026-03-01,電話
ACT-A01681-6,A01681,2026-03-01,メール
ACT-A01682-1,A01682,2026-03-01,電話
ACT-A01682-2,A01682,2026-03-01,メール
ACT-A01683-1,A01683,2026-03-01,電話
ACT-A01683-2,A01683,2026-03-01,メール
ACT-A01684-1,A01684,2026-03-01,電話
ACT-A01684-2,A01684,2026-03-01,メール
ACT-A01684-3,A01684,2026-03-01,商談
ACT-A01685-1,A01685,2026-03-10,電話
ACT-A01685-2,A01685,2026-03-07,メール
ACT-A01685-3,A01685,2026-03-04,商談
ACT-A01685-4,A01685,2026-03-01,資料送付
ACT-A01686-1,A01686,2026-03-01,電話
ACT-A01686-2,A01686,2026-03-01,メール
ACT-A01686-3,A01686,2026-03-01,商談
ACT-A01687-1,A01687,2026-03-01,電話
ACT-A01689-1,A01689,2026-03-28,電話
ACT-A01689-2,A01689,2026-03-25,メール
ACT-A01689-3,A01689,2026-03-22,商談
ACT-A01690-1,A01690,2026-03-01,電話
ACT-A01690-2,A01690,2026-03-01,メール
ACT-A01690-3,A01690,2026-03-01,商談
ACT-A01691-1,A01691,2026-03-01,電話
ACT-A01691-2,A01691,2026-03-01,メール
ACT-A01691-3,A01691,2026-03-01,商談
ACT-A01691-4,A01691,2026-03-01,資料送付
ACT-A01691-5,A01691,2026-03-01,電話
ACT-A01692-1,A01692,2026-03-01,電話
ACT-A01692-2,A01692,2026-03-01,メール
ACT-A01693-1,A01693,2026-03-01,電話
ACT-A01693-2,A01693,2026-03-01,メール
ACT-A01693-3,A01693,2026-03-01,商談
ACT-A01694-1,A01694,2026-03-24,電話
ACT-A01694-2,A01694,2026-03-21,メール
ACT-A01694-3,A01694,2026-03-18,商談
ACT-A01695-1,A01695,2026-03-01,電話
ACT-A01695-2,A01695,2026-03-01,メール
ACT-A01695-3,A01695,2026-03-01,商談
ACT-A01695-4,A01695,2026-03-01,資料送付
ACT-A01696-1,A01696,2026-03-01,電話
ACT-A01696-2,A01696,2026-03-01,メール
ACT-A01696-3,A01696,2026-03-01,商談
ACT-A01697-1,A01697,2026-03-01,電話
ACT-A01697-2,A01697,2026-03-01,メール
ACT-A01697-3,A01697,2026-03-01,商談
ACT-A01698-1,A01698,2026-03-01,電話
ACT-A01698-2,A01698,2026-03-01,メール
ACT-A01698-3,A01698,2026-03-01,商談
ACT-A01698-4,A01698,2026-03-01,資料送付
ACT-A01698-5,A01698,2026-03-01,電話
ACT-A01699-1,A01699,2026-03-01,電話
ACT-A01699-2,A01699,2026-03-01,メール
ACT-A01699-3,A01699,2026-03-01,商談
ACT-A01700-1,A01700,2026-03-09,電話
ACT-A01701-1,A01701,2026-03-01,電話
ACT-A01701-2,A01701,2026-03-01,メール
ACT-A01702-1,A01702,2026-03-01,電話
ACT-A01702-2,A01702,2026-03-01,メール
ACT-A01703-1,A01703,2026-03-01,電話
ACT-A01703-2,A01703,2026-03-01,メール
ACT-A01704-1,A01704,2026-03-01,電話
ACT-A01704-2,A01704,2026-03-01,メール
ACT-A01705-1,A01705,2026-03-01,電話
ACT-A01706-1,A01706,2026-03-01,電話
ACT-A01706-2,A01706,2026-03-01,メール
ACT-A01706-3,A01706,2026-03-01,商談
ACT-A01707-1,A01707,2026-03-01,電話
ACT-A01707-2,A01707,2026-03-01,メール
ACT-A01707-3,A01707,2026-03-01,商談
ACT-A01707-4,A01707,2026-03-01,資料送付
ACT-A01708-1,A01708,2026-03-13,電話
ACT-A01708-2,A01708,2026-03-10,メール
ACT-A01708-3,A01708,2026-03-07,商談
ACT-A01708-4,A01708,2026-03-04,資料送付
ACT-A01709-1,A01709,2026-03-01,電話
ACT-A01710-1,A01710,2026-03-01,電話
ACT-A01710-2,A01710,2026-03-01,メール
ACT-A01710-3,A01710,2026-03-01,商談
ACT-A01710-4,A01710,2026-03-01,資料送付
ACT-A01712-1,A01712,2026-03-26,電話
ACT-A01712-2,A01712,2026-03-23,メール
ACT-A01712-3,A01712,2026-03-20,商談
ACT-A01712-4,A01712,2026-03-17,資料送付
ACT-A01714-1,A01714,2026-03-03,電話
ACT-A01714-2,A01714,2026-03-01,メール
ACT-A01715-1,A01715,2026-03-01,電話
ACT-A01715-2,A01715,2026-03-01,メール
ACT-A01716-1,A01716,2026-03-01,電話
ACT-A01716-2,A01716,2026-03-01,メール
ACT-A01716-3,A01716,2026-03-01,商談
ACT-A01717-1,A01717,2026-03-07,電話
ACT-A01717-2,A01717,2026-03-04,メール
ACT-A01718-1,A01718,2026-03-12,電話
ACT-A01718-2,A01718,2026-03-09,メール
ACT-A01719-1,A01719,2026-03-01,電話
ACT-A01719-2,A01719,2026-03-01,メール
ACT-A01720-1,A01720,2026-03-01,電話
ACT-A01720-2,A01720,2026-03-01,メール
ACT-A01720-3,A01720,2026-03-01,商談
ACT-A01721-1,A01721,2026-03-01,電話
ACT-A01721-2,A01721,2026-03-01,メール
ACT-A01722-1,A01722,2026-03-17,電話
ACT-A01722-2,A01722,2026-03-14,メール
ACT-A01722-3,A01722,2026-03-11,商談
ACT-A01724-1,A01724,2026-03-01,電話
ACT-A01724-2,A01724,2026-03-01,メール
ACT-A01725-1,A01725,2026-03-01,電話
ACT-A01726-1,A01726,2026-03-01,電話
ACT-A01726-2,A01726,2026-03-01,メール
ACT-A01726-3,A01726,2026-03-01,商談
ACT-A01726-4,A01726,2026-03-01,資料送付
ACT-A01726-5,A01726,2026-03-01,電話
ACT-A01726-6,A01726,2026-03-01,メール
ACT-A01726-7,A01726,2026-03-01,商談
ACT-A01727-1,A01727,2026-03-01,電話
ACT-A01727-2,A01727,2026-03-01,メール
ACT-A01728-1,A01728,2026-03-01,電話
ACT-A01729-1,A01729,2026-03-01,電話
ACT-A01729-2,A01729,2026-03-01,メール
ACT-A01729-3,A01729,2026-03-01,商談
ACT-A01730-1,A01730,2026-03-01,電話
ACT-A01731-1,A01731,2026-03-01,電話
ACT-A01731-2,A01731,2026-03-01,メール
ACT-A01731-3,A01731,2026-03-01,商談
ACT-A01732-1,A01732,2026-03-01,電話
ACT-A01732-2,A01732,2026-03-01,メール
ACT-A01733-1,A01733,2026-03-01,電話
ACT-A01733-2,A01733,2026-03-01,メール
ACT-A01733-3,A01733,2026-03-01,商談
ACT-A01734-1,A01734,2026-03-01,電話
ACT-A01734-2,A01734,2026-03-01,メール
ACT-A01734-3,A01734,2026-03-01,商談
ACT-A01734-4,A01734,2026-03-01,資料送付
ACT-A01736-1,A01736,2026-03-01,電話
ACT-A01737-1,A01737,2026-03-01,電話
ACT-A01737-2,A01737,2026-03-01,メール
ACT-A01737-3,A01737,2026-03-01,商談
ACT-A01738-1,A01738,2026-03-07,電話
ACT-A01738-2,A01738,2026-03-04,メール
ACT-A01738-3,A01738,2026-03-01,商談
ACT-A01738-4,A01738,2026-03-01,資料送付
ACT-A01738-5,A01738,2026-03-01,電話
ACT-A01739-1,A01739,2026-03-01,電話
ACT-A01739-2,A01739,2026-03-01,メール
ACT-A01739-3,A01739,2026-03-01,商談
ACT-A01739-4,A01739,2026-03-01,資料送付
ACT-A01739-5,A01739,2026-03-01,電話
ACT-A01740-1,A01740,2026-03-01,電話
ACT-A01740-2,A01740,2026-03-01,メール
ACT-A01741-1,A01741,2026-03-01,電話
ACT-A01741-2,A01741,2026-03-01,メール
ACT-A01742-1,A01742,2026-03-01,電話
ACT-A01742-2,A01742,2026-03-01,メール
ACT-A01742-3,A01742,2026-03-01,商談
ACT-A01744-1,A01744,2026-03-01,電話
ACT-A01744-2,A01744,2026-03-01,メール
ACT-A01744-3,A01744,2026-03-01,商談
ACT-A01744-4,A01744,2026-03-01,資料送付
ACT-A01745-1,A01745,2026-03-01,電話
ACT-A01745-2,A01745,2026-03-01,メール
ACT-A01747-1,A01747,2026-03-01,電話
ACT-A01748-1,A01748,2026-03-01,電話
ACT-A01748-2,A01748,2026-03-01,メール
ACT-A01749-1,A01749,2026-03-01,電話
ACT-A01749-2,A01749,2026-03-01,メール
ACT-A01750-1,A01750,2026-03-01,電話
ACT-A01751-1,A01751,2026-03-01,電話
ACT-A01751-2,A01751,2026-03-01,メール
ACT-A01752-1,A01752,2026-03-22,電話
ACT-A01752-2,A01752,2026-03-19,メール
ACT-A01752-3,A01752,2026-03-16,商談
ACT-A01752-4,A01752,2026-03-13,資料送付
ACT-A01753-1,A01753,2026-03-01,電話
ACT-A01753-2,A01753,2026-03-01,メール
ACT-A01754-1,A01754,2026-03-01,電話
ACT-A01755-1,A01755,2026-03-01,電話
ACT-A01755-2,A01755,2026-03-01,メール
ACT-A01755-3,A01755,2026-03-01,商談
ACT-A01755-4,A01755,2026-03-01,資料送付
ACT-A01756-1,A01756,2026-03-27,電話
ACT-A01756-2,A01756,2026-03-24,メール
ACT-A01756-3,A01756,2026-03-21,商談
ACT-A01756-4,A01756,2026-03-18,資料送付
ACT-A01757-1,A01757,2026-03-01,電話
ACT-A01757-2,A01757,2026-03-01,メール
ACT-A01757-3,A01757,2026-03-01,商談
ACT-A01758-1,A01758,2026-03-28,電話
ACT-A01759-1,A01759,2026-03-01,電話
ACT-A01760-1,A01760,2026-03-01,電話
ACT-A01760-2,A01760,2026-03-01,メール
ACT-A01761-1,A01761,2026-03-05,電話
ACT-A01761-2,A01761,2026-03-02,メール
ACT-A01761-3,A01761,2026-03-01,商談
ACT-A01763-1,A01763,2026-03-01,電話
ACT-A01763-2,A01763,2026-03-01,メール
ACT-A01763-3,A01763,2026-03-01,商談
ACT-A01765-1,A01765,2026-03-19,電話
ACT-A01765-2,A01765,2026-03-16,メール
ACT-A01765-3,A01765,2026-03-13,商談
ACT-A01766-1,A01766,2026-03-01,電話
ACT-A01766-2,A01766,2026-03-01,メール
ACT-A01766-3,A01766,2026-03-01,商談
ACT-A01767-1,A01767,2026-03-15,電話
ACT-A01767-2,A01767,2026-03-12,メール
ACT-A01767-3,A01767,2026-03-09,商談
ACT-A01767-4,A01767,2026-03-06,資料送付
ACT-A01767-5,A01767,2026-03-03,電話
ACT-A01767-6,A01767,2026-03-01,メール
ACT-A01768-1,A01768,2026-03-01,電話
ACT-A01768-2,A01768,2026-03-01,メール
ACT-A01769-1,A01769,2026-03-01,電話
ACT-A01769-2,A01769,2026-03-01,メール
ACT-A01769-3,A01769,2026-03-01,商談
ACT-A01770-1,A01770,2026-03-01,電話
ACT-A01771-1,A01771,2026-03-01,電話
ACT-A01771-2,A01771,2026-03-01,メール
ACT-A01771-3,A01771,2026-03-01,商談
ACT-A01772-1,A01772,2026-03-01,電話
ACT-A01772-2,A01772,2026-03-01,メール
ACT-A01772-3,A01772,2026-03-01,商談
ACT-A01772-4,A01772,2026-03-01,資料送付
ACT-A01772-5,A01772,2026-03-01,電話
ACT-A01773-1,A01773,2026-03-01,電話
ACT-A01773-2,A01773,2026-03-01,メール
ACT-A01773-3,A01773,2026-03-01,商談
ACT-A01774-1,A01774,2026-03-01,電話
ACT-A01774-2,A01774,2026-03-01,メール
ACT-A01774-3,A01774,2026-03-01,商談
ACT-A01774-4,A01774,2026-03-01,資料送付
ACT-A01775-1,A01775,2026-03-01,電話
ACT-A01775-2,A01775,2026-03-01,メール
ACT-A01775-3,A01775,2026-03-01,商談
ACT-A01775-4,A01775,2026-03-01,資料送付
ACT-A01775-5,A01775,2026-03-01,電話
ACT-A01775-6,A01775,2026-03-01,メール
ACT-A01775-7,A01775,2026-03-01,商談
ACT-A01776-1,A01776,2026-03-01,電話
ACT-A01776-2,A01776,2026-03-01,メール
ACT-A01777-1,A01777,2026-03-01,電話
ACT-A01777-2,A01777,2026-03-01,メール
ACT-A01777-3,A01777,2026-03-01,商談
ACT-A01777-4,A01777,2026-03-01,資料送付
ACT-A01777-5,A01777,2026-03-01,電話
ACT-A01777-6,A01777,2026-03-01,メール
ACT-A01778-1,A01778,2026-03-03,電話
ACT-A01778-2,A01778,2026-03-01,メール
ACT-A01779-1,A01779,2026-03-01,電話
ACT-A01779-2,A01779,2026-03-01,メール
ACT-A01780-1,A01780,2026-03-01,電話
ACT-A01782-1,A01782,2026-03-22,電話
ACT-A01782-2,A01782,2026-03-19,メール
ACT-A01782-3,A01782,2026-03-16,商談
ACT-A01783-1,A01783,2026-03-21,電話
ACT-A01783-2,A01783,2026-03-18,メール
ACT-A01784-1,A01784,2026-03-01,電話
ACT-A01785-1,A01785,2026-03-01,電話
ACT-A01785-2,A01785,2026-03-01,メール
ACT-A01785-3,A01785,2026-03-01,商談
ACT-A01786-1,A01786,2026-03-23,電話
ACT-A01786-2,A01786,2026-03-20,メール
ACT-A01786-3,A01786,2026-03-17,商談
ACT-A01786-4,A01786,2026-03-14,資料送付
ACT-A01787-1,A01787,2026-03-01,電話
ACT-A01788-1,A01788,2026-03-01,電話
ACT-A01788-2,A01788,2026-03-01,メール
ACT-A01788-3,A01788,2026-03-01,商談
ACT-A01788-4,A01788,2026-03-01,資料送付
ACT-A01789-1,A01789,2026-03-11,電話
ACT-A01789-2,A01789,2026-03-08,メール
ACT-A01789-3,A01789,2026-03-05,商談
ACT-A01789-4,A01789,2026-03-02,資料送付
ACT-A01789-5,A01789,2026-03-01,電話
ACT-A01789-6,A01789,2026-03-01,メール
ACT-A01789-7,A01789,2026-03-01,商談
ACT-A01790-1,A01790,2026-03-01,電話
ACT-A01790-2,A01790,2026-03-01,メール
ACT-A01790-3,A01790,2026-03-01,商談
ACT-A01790-4,A01790,2026-03-01,資料送付
ACT-A01790-5,A01790,2026-03-01,電話
ACT-A01791-1,A01791,2026-03-01,電話
ACT-A01792-1,A01792,2026-03-01,電話
ACT-A01792-2,A01792,2026-03-01,メール
ACT-A01792-3,A01792,2026-03-01,商談
ACT-A01792-4,A01792,2026-03-01,資料送付
ACT-A01793-1,A01793,2026-03-03,電話
ACT-A01793-2,A01793,2026-03-01,メール
ACT-A01793-3,A01793,2026-03-01,商談
ACT-A01794-1,A01794,2026-03-01,電話
ACT-A01794-2,A01794,2026-03-01,メール
ACT-A01794-3,A01794,2026-03-01,商談
ACT-A01794-4,A01794,2026-03-01,資料送付
ACT-A01794-5,A01794,2026-03-01,電話
ACT-A01794-6,A01794,2026-03-01,メール
ACT-A01795-1,A01795,2026-03-01,電話
ACT-A01795-2,A01795,2026-03-01,メール
ACT-A01796-1,A01796,2026-03-01,電話
ACT-A01797-1,A01797,2026-03-01,電話
ACT-A01797-2,A01797,2026-03-01,メール
ACT-A01797-3,A01797,2026-03-01,商談
ACT-A01797-4,A01797,2026-03-01,資料送付
ACT-A01797-5,A01797,2026-03-01,電話
ACT-A01797-6,A01797,2026-03-01,メール
ACT-A01798-1,A01798,2026-03-01,電話
ACT-A01798-2,A01798,2026-03-01,メール
ACT-A01798-3,A01798,2026-03-01,商談
ACT-A01799-1,A01799,2026-03-01,電話
ACT-A01800-1,A01800,2026-03-01,電話
ACT-A01800-2,A01800,2026-03-01,メール
ACT-A01801-1,A01801,2026-03-01,電話
ACT-A01802-1,A01802,2026-03-10,電話
ACT-A01802-2,A01802,2026-03-07,メール
ACT-A01802-3,A01802,2026-03-04,商談
ACT-A01802-4,A01802,2026-03-01,資料送付
ACT-A01803-1,A01803,2026-03-25,電話
ACT-A01803-2,A01803,2026-03-22,メール
ACT-A01803-3,A01803,2026-03-19,商談
ACT-A01803-4,A01803,2026-03-16,資料送付
ACT-A01804-1,A01804,2026-03-01,電話
ACT-A01804-2,A01804,2026-03-01,メール
ACT-A01804-3,A01804,2026-03-01,商談
ACT-A01805-1,A01805,2026-03-01,電話
ACT-A01805-2,A01805,2026-03-01,メール
ACT-A01805-3,A01805,2026-03-01,商談
ACT-A01805-4,A01805,2026-03-01,資料送付
ACT-A01806-1,A01806,2026-03-19,電話
ACT-A01806-2,A01806,2026-03-16,メール
ACT-A01807-1,A01807,2026-03-01,電話
ACT-A01808-1,A01808,2026-03-01,電話
ACT-A01808-2,A01808,2026-03-01,メール
ACT-A01808-3,A01808,2026-03-01,商談
ACT-A01809-1,A01809,2026-03-01,電話
ACT-A01809-2,A01809,2026-03-01,メール
ACT-A01809-3,A01809,2026-03-01,商談
ACT-A01810-1,A01810,2026-03-01,電話
ACT-A01810-2,A01810,2026-03-01,メール
ACT-A01811-1,A01811,2026-03-18,電話
ACT-A01811-2,A01811,2026-03-15,メール
ACT-A01812-1,A01812,2026-03-01,電話
ACT-A01812-2,A01812,2026-03-01,メール
ACT-A01812-3,A01812,2026-03-01,商談
ACT-A01812-4,A01812,2026-03-01,資料送付
ACT-A01812-5,A01812,2026-03-01,電話
ACT-A01813-1,A01813,2026-03-01,電話
ACT-A01813-2,A01813,2026-03-01,メール
ACT-A01813-3,A01813,2026-03-01,商談
ACT-A01813-4,A01813,2026-03-01,資料送付
ACT-A01813-5,A01813,2026-03-01,電話
ACT-A01814-1,A01814,2026-03-01,電話
ACT-A01814-2,A01814,2026-03-01,メール
ACT-A01814-3,A01814,2026-03-01,商談
ACT-A01814-4,A01814,2026-03-01,資料送付
ACT-A01814-5,A01814,2026-03-01,電話
ACT-A01815-1,A01815,2026-03-01,電話
ACT-A01815-2,A01815,2026-03-01,メール
ACT-A01815-3,A01815,2026-03-01,商談
ACT-A01815-4,A01815,2026-03-01,資料送付
ACT-A01815-5,A01815,2026-03-01,電話
ACT-A01815-6,A01815,2026-03-01,メール
ACT-A01816-1,A01816,2026-03-22,電話
ACT-A01817-1,A01817,2026-03-01,電話
ACT-A01817-2,A01817,2026-03-01,メール
ACT-A01817-3,A01817,2026-03-01,商談
ACT-A01818-1,A01818,2026-03-01,電話
ACT-A01819-1,A01819,2026-03-25,電話
ACT-A01819-2,A01819,2026-03-22,メール
ACT-A01819-3,A01819,2026-03-19,商談
ACT-A01819-4,A01819,2026-03-16,資料送付
ACT-A01820-1,A01820,2026-03-01,電話
ACT-A01820-2,A01820,2026-03-01,メール
ACT-A01820-3,A01820,2026-03-01,商談
ACT-A01821-1,A01821,2026-03-01,電話
ACT-A01822-1,A01822,2026-03-16,電話
ACT-A01822-2,A01822,2026-03-13,メール
ACT-A01823-1,A01823,2026-03-02,電話
ACT-A01824-1,A01824,2026-03-01,電話
ACT-A01825-1,A01825,2026-03-01,電話
ACT-A01825-2,A01825,2026-03-01,メール
ACT-A01826-1,A01826,2026-03-01,電話
ACT-A01827-1,A01827,2026-03-01,電話
ACT-A01828-1,A01828,2026-03-01,電話
ACT-A01828-2,A01828,2026-03-01,メール
ACT-A01829-1,A01829,2026-03-01,電話
ACT-A01829-2,A01829,2026-03-01,メール
ACT-A01829-3,A01829,2026-03-01,商談
ACT-A01830-1,A01830,2026-03-11,電話
ACT-A01830-2,A01830,2026-03-08,メール
ACT-A01830-3,A01830,2026-03-05,商談
ACT-A01831-1,A01831,2026-03-01,電話
ACT-A01831-2,A01831,2026-03-01,メール
ACT-A01832-1,A01832,2026-03-01,電話
ACT-A01832-2,A01832,2026-03-01,メール
ACT-A01833-1,A01833,2026-03-01,電話
ACT-A01833-2,A01833,2026-03-01,メール
ACT-A01833-3,A01833,2026-03-01,商談
ACT-A01833-4,A01833,2026-03-01,資料送付
ACT-A01833-5,A01833,2026-03-01,電話
ACT-A01835-1,A01835,2026-03-01,電話
ACT-A01837-1,A01837,2026-03-15,電話
ACT-A01837-2,A01837,2026-03-12,メール
ACT-A01837-3,A01837,2026-03-09,商談
ACT-A01838-1,A01838,2026-03-01,電話
ACT-A01839-1,A01839,2026-03-01,電話
ACT-A01839-2,A01839,2026-03-01,メール
ACT-A01840-1,A01840,2026-03-01,電話
ACT-A01840-2,A01840,2026-03-01,メール
ACT-A01840-3,A01840,2026-03-01,商談
ACT-A01840-4,A01840,2026-03-01,資料送付
ACT-A01841-1,A01841,2026-03-09,電話
ACT-A01842-1,A01842,2026-03-01,電話
ACT-A01842-2,A01842,2026-03-01,メール
ACT-A01842-3,A01842,2026-03-01,商談
ACT-A01842-4,A01842,2026-03-01,資料送付
ACT-A01843-1,A01843,2026-03-01,電話
ACT-A01844-1,A01844,2026-03-01,電話
ACT-A01845-1,A01845,2026-03-07,電話
ACT-A01845-2,A01845,2026-03-04,メール
ACT-A01845-3,A01845,2026-03-01,商談
ACT-A01845-4,A01845,2026-03-01,資料送付
ACT-A01846-1,A01846,2026-03-23,電話
ACT-A01849-1,A01849,2026-03-28,電話
ACT-A01849-2,A01849,2026-03-25,メール
ACT-A01849-3,A01849,2026-03-22,商談
ACT-A01849-4,A01849,2026-03-19,資料送付
ACT-A01849-5,A01849,2026-03-16,電話
ACT-A01850-1,A01850,2026-03-01,電話
ACT-A01850-2,A01850,2026-03-01,メール
ACT-A01850-3,A01850,2026-03-01,商談
ACT-A01851-1,A01851,2026-03-01,電話
ACT-A01852-1,A01852,2026-03-01,電話
ACT-A01852-2,A01852,2026-03-01,メール
ACT-A01853-1,A01853,2026-03-06,電話
ACT-A01853-2,A01853,2026-03-03,メール
ACT-A01853-3,A01853,2026-03-01,商談
ACT-A01853-4,A01853,2026-03-01,資料送付
ACT-A01853-5,A01853,2026-03-01,電話
ACT-A01853-6,A01853,2026-03-01,メール
ACT-A01854-1,A01854,2026-03-01,電話
ACT-A01855-1,A01855,2026-03-01,電話
ACT-A01855-2,A01855,2026-03-01,メール
ACT-A01855-3,A01855,2026-03-01,商談
ACT-A01855-4,A01855,2026-03-01,資料送付
ACT-A01855-5,A01855,2026-03-01,電話
ACT-A01856-1,A01856,2026-03-09,電話
ACT-A01856-2,A01856,2026-03-06,メール
ACT-A01856-3,A01856,2026-03-03,商談
ACT-A01857-1,A01857,2026-03-18,電話
ACT-A01857-2,A01857,2026-03-15,メール
ACT-A01857-3,A01857,2026-03-12,商談
ACT-A01857-4,A01857,2026-03-09,資料送付
ACT-A01858-1,A01858,2026-03-01,電話
ACT-A01859-1,A01859,2026-03-01,電話
ACT-A01859-2,A01859,2026-03-01,メール
ACT-A01859-3,A01859,2026-03-01,商談
ACT-A01859-4,A01859,2026-03-01,資料送付
ACT-A01860-1,A01860,2026-03-01,電話
ACT-A01861-1,A01861,2026-03-01,電話
ACT-A01861-2,A01861,2026-03-01,メール
ACT-A01861-3,A01861,2026-03-01,商談
ACT-A01862-1,A01862,2026-03-01,電話
ACT-A01863-1,A01863,2026-03-01,電話
ACT-A01863-2,A01863,2026-03-01,メール
ACT-A01864-1,A01864,2026-03-16,電話
ACT-A01866-1,A01866,2026-03-01,電話
ACT-A01866-2,A01866,2026-03-01,メール
ACT-A01867-1,A01867,2026-03-01,電話
ACT-A01869-1,A01869,2026-03-01,電話
ACT-A01869-2,A01869,2026-03-01,メール
ACT-A01869-3,A01869,2026-03-01,商談
ACT-A01869-4,A01869,2026-03-01,資料送付
ACT-A01870-1,A01870,2026-03-01,電話
ACT-A01870-2,A01870,2026-03-01,メール
ACT-A01870-3,A01870,2026-03-01,商談
ACT-A01871-1,A01871,2026-03-01,電話
ACT-A01871-2,A01871,2026-03-01,メール
ACT-A01871-3,A01871,2026-03-01,商談
ACT-A01872-1,A01872,2026-03-01,電話
ACT-A01873-1,A01873,2026-03-24,電話
ACT-A01873-2,A01873,2026-03-21,メール
ACT-A01874-1,A01874,2026-03-17,電話
ACT-A01874-2,A01874,2026-03-14,メール
ACT-A01874-3,A01874,2026-03-11,商談
ACT-A01874-4,A01874,2026-03-08,資料送付
ACT-A01875-1,A01875,2026-03-01,電話
ACT-A01876-1,A01876,2026-03-01,電話
ACT-A01877-1,A01877,2026-03-01,電話
ACT-A01877-2,A01877,2026-03-01,メール
ACT-A01877-3,A01877,2026-03-01,商談
ACT-A01877-4,A01877,2026-03-01,資料送付
ACT-A01877-5,A01877,2026-03-01,電話
ACT-A01877-6,A01877,2026-03-01,メール
ACT-A01878-1,A01878,2026-03-01,電話
ACT-A01878-2,A01878,2026-03-01,メール
ACT-A01878-3,A01878,2026-03-01,商談
ACT-A01879-1,A01879,2026-03-01,電話
ACT-A01879-2,A01879,2026-03-01,メール
ACT-A01880-1,A01880,2026-03-22,電話
ACT-A01880-2,A01880,2026-03-19,メール
ACT-A01881-1,A01881,2026-03-01,電話
ACT-A01881-2,A01881,2026-03-01,メール
ACT-A01881-3,A01881,2026-03-01,商談
ACT-A01881-4,A01881,2026-03-01,資料送付
ACT-A01881-5,A01881,2026-03-01,電話
ACT-A01883-1,A01883,2026-03-01,電話
ACT-A01883-2,A01883,2026-03-01,メール
ACT-A01883-3,A01883,2026-03-01,商談
ACT-A01884-1,A01884,2026-03-01,電話
ACT-A01885-1,A01885,2026-03-01,電話
ACT-A01885-2,A01885,2026-03-01,メール
ACT-A01885-3,A01885,2026-03-01,商談
ACT-A01885-4,A01885,2026-03-01,資料送付
ACT-A01886-1,A01886,2026-03-18,電話
ACT-A01887-1,A01887,2026-03-01,電話
ACT-A01887-2,A01887,2026-03-01,メール
ACT-A01887-3,A01887,2026-03-01,商談
ACT-A01888-1,A01888,2026-03-01,電話
ACT-A01888-2,A01888,2026-03-01,メール
ACT-A01889-1,A01889,2026-03-13,電話
ACT-A01889-2,A01889,2026-03-10,メール
ACT-A01889-3,A01889,2026-03-07,商談
ACT-A01889-4,A01889,2026-03-04,資料送付
ACT-A01889-5,A01889,2026-03-01,電話
ACT-A01890-1,A01890,2026-03-01,電話
ACT-A01890-2,A01890,2026-03-01,メール
ACT-A01890-3,A01890,2026-03-01,商談
ACT-A01890-4,A01890,2026-03-01,資料送付
ACT-A01891-1,A01891,2026-03-01,電話
ACT-A01891-2,A01891,2026-03-01,メール
ACT-A01892-1,A01892,2026-03-01,電話
ACT-A01892-2,A01892,2026-03-01,メール
ACT-A01893-1,A01893,2026-03-01,電話
ACT-A01894-1,A01894,2026-03-01,電話
ACT-A01894-2,A01894,2026-03-01,メール
ACT-A01894-3,A01894,2026-03-01,商談
ACT-A01894-4,A01894,2026-03-01,資料送付
ACT-A01894-5,A01894,2026-03-01,電話
ACT-A01895-1,A01895,2026-03-01,電話
ACT-A01895-2,A01895,2026-03-01,メール
ACT-A01895-3,A01895,2026-03-01,商談
ACT-A01896-1,A01896,2026-03-01,電話
ACT-A01896-2,A01896,2026-03-01,メール
ACT-A01896-3,A01896,2026-03-01,商談
ACT-A01896-4,A01896,2026-03-01,資料送付
ACT-A01897-1,A01897,2026-03-01,電話
ACT-A01898-1,A01898,2026-03-03,電話
ACT-A01898-2,A01898,2026-03-01,メール
ACT-A01898-3,A01898,2026-03-01,商談
ACT-A01898-4,A01898,2026-03-01,資料送付
ACT-A01899-1,A01899,2026-03-08,電話
ACT-A01899-2,A01899,2026-03-05,メール
ACT-A01900-1,A01900,2026-03-01,電話
ACT-A01901-1,A01901,2026-03-01,電話
ACT-A01902-1,A01902,2026-03-01,電話
ACT-A01902-2,A01902,2026-03-01,メール
ACT-A01902-3,A01902,2026-03-01,商談
ACT-A01903-1,A01903,2026-03-01,電話
ACT-A01903-2,A01903,2026-03-01,メール
ACT-A01905-1,A01905,2026-03-28,電話
ACT-A01905-2,A01905,2026-03-25,メール
ACT-A01906-1,A01906,2026-03-01,電話
ACT-A01906-2,A01906,2026-03-01,メール
ACT-A01907-1,A01907,2026-03-01,電話
ACT-A01907-2,A01907,2026-03-01,メール
ACT-A01908-1,A01908,2026-03-01,電話
ACT-A01908-2,A01908,2026-03-01,メール
ACT-A01908-3,A01908,2026-03-01,商談
ACT-A01909-1,A01909,2026-03-01,電話
ACT-A01909-2,A01909,2026-03-01,メール
ACT-A01910-1,A01910,2026-03-01,電話
ACT-A01911-1,A01911,2026-03-01,電話
ACT-A01911-2,A01911,2026-03-01,メール
ACT-A01911-3,A01911,2026-03-01,商談
ACT-A01911-4,A01911,2026-03-01,資料送付
ACT-A01911-5,A01911,2026-03-01,電話
ACT-A01913-1,A01913,2026-03-01,電話
ACT-A01913-2,A01913,2026-03-01,メール
ACT-A01914-1,A01914,2026-03-25,電話
ACT-A01914-2,A01914,2026-03-22,メール
ACT-A01915-1,A01915,2026-03-01,電話
ACT-A01915-2,A01915,2026-03-01,メール
ACT-A01916-1,A01916,2026-03-01,電話
ACT-A01916-2,A01916,2026-03-01,メール
ACT-A01918-1,A01918,2026-03-01,電話
ACT-A01918-2,A01918,2026-03-01,メール
ACT-A01918-3,A01918,2026-03-01,商談
ACT-A01919-1,A01919,2026-03-02,電話
ACT-A01919-2,A01919,2026-03-01,メール
ACT-A01920-1,A01920,2026-03-01,電話
ACT-A01920-2,A01920,2026-03-01,メール
ACT-A01921-1,A01921,2026-03-01,電話
ACT-A01921-2,A01921,2026-03-01,メール
ACT-A01921-3,A01921,2026-03-01,商談
ACT-A01921-4,A01921,2026-03-01,資料送付
ACT-A01921-5,A01921,2026-03-01,電話
ACT-A01921-6,A01921,2026-03-01,メール
ACT-A01921-7,A01921,2026-03-01,商談
ACT-A01922-1,A01922,2026-03-01,電話
ACT-A01922-2,A01922,2026-03-01,メール
ACT-A01922-3,A01922,2026-03-01,商談
ACT-A01923-1,A01923,2026-03-01,電話
ACT-A01924-1,A01924,2026-03-01,電話
ACT-A01925-1,A01925,2026-03-01,電話
ACT-A01925-2,A01925,2026-03-01,メール
ACT-A01925-3,A01925,2026-03-01,商談
ACT-A01925-4,A01925,2026-03-01,資料送付
ACT-A01925-5,A01925,2026-03-01,電話
ACT-A01925-6,A01925,2026-03-01,メール
ACT-A01925-7,A01925,2026-03-01,商談
ACT-A01925-8,A01925,2026-03-01,資料送付
ACT-A01927-1,A01927,2026-03-01,電話
ACT-A01928-1,A01928,2026-03-01,電話
ACT-A01928-2,A01928,2026-03-01,メール
ACT-A01928-3,A01928,2026-03-01,商談
ACT-A01929-1,A01929,2026-03-01,電話
ACT-A01929-2,A01929,2026-03-01,メール
ACT-A01929-3,A01929,2026-03-01,商談
ACT-A01929-4,A01929,2026-03-01,資料送付
ACT-A01931-1,A01931,2026-03-01,電話
ACT-A01933-1,A01933,2026-03-01,電話
ACT-A01935-1,A01935,2026-03-01,電話
ACT-A01936-1,A01936,2026-03-01,電話
ACT-A01936-2,A01936,2026-03-01,メール
ACT-A01936-3,A01936,2026-03-01,商談
ACT-A01936-4,A01936,2026-03-01,資料送付
ACT-A01936-5,A01936,2026-03-01,電話
ACT-A01936-6,A01936,2026-03-01,メール
ACT-A01937-1,A01937,2026-03-01,電話
ACT-A01937-2,A01937,2026-03-01,メール
ACT-A01937-3,A01937,2026-03-01,商談
ACT-A01938-1,A01938,2026-03-01,電話
ACT-A01938-2,A01938,2026-03-01,メール
ACT-A01938-3,A01938,2026-03-01,商談
ACT-A01938-4,A01938,2026-03-01,資料送付
ACT-A01938-5,A01938,2026-03-01,電話
ACT-A01938-6,A01938,2026-03-01,メール
ACT-A01939-1,A01939,2026-03-01,電話
ACT-A01940-1,A01940,2026-03-01,電話
ACT-A01940-2,A01940,2026-03-01,メール
ACT-A01941-1,A01941,2026-03-01,電話
ACT-A01941-2,A01941,2026-03-01,メール
ACT-A01941-3,A01941,2026-03-01,商談
ACT-A01941-4,A01941,2026-03-01,資料送付
ACT-A01942-1,A01942,2026-03-15,電話
ACT-A01943-1,A01943,2026-03-01,電話
ACT-A01944-1,A01944,2026-03-01,電話
ACT-A01944-2,A01944,2026-03-01,メール
ACT-A01946-1,A01946,2026-03-01,電話
ACT-A01946-2,A01946,2026-03-01,メール
ACT-A01947-1,A01947,2026-03-20,電話
ACT-A01947-2,A01947,2026-03-17,メール
ACT-A01948-1,A01948,2026-03-01,電話
ACT-A01948-2,A01948,2026-03-01,メール
ACT-A01950-1,A01950,2026-03-01,電話
ACT-A01951-1,A01951,2026-03-01,電話
ACT-A01951-2,A01951,2026-03-01,メール
ACT-A01952-1,A01952,2026-03-01,電話
ACT-A01952-2,A01952,2026-03-01,メール
ACT-A01952-3,A01952,2026-03-01,商談
ACT-A01953-1,A01953,2026-03-01,電話
ACT-A01953-2,A01953,2026-03-01,メール
ACT-A01953-3,A01953,2026-03-01,商談
ACT-A01953-4,A01953,2026-03-01,資料送付
ACT-A01953-5,A01953,2026-03-01,電話
ACT-A01953-6,A01953,2026-03-01,メール
ACT-A01953-7,A01953,2026-03-01,商談
ACT-A01954-1,A01954,2026-03-01,電話
ACT-A01954-2,A01954,2026-03-01,メール
ACT-A01955-1,A01955,2026-03-01,電話
ACT-A01955-2,A01955,2026-03-01,メール
ACT-A01955-3,A01955,2026-03-01,商談
ACT-A01956-1,A01956,2026-03-09,電話
ACT-A01956-2,A01956,2026-03-06,メール
ACT-A01956-3,A01956,2026-03-03,商談
ACT-A01957-1,A01957,2026-03-23,電話
ACT-A01957-2,A01957,2026-03-20,メール
ACT-A01957-3,A01957,2026-03-17,商談
ACT-A01958-1,A01958,2026-03-28,電話
ACT-A01958-2,A01958,2026-03-25,メール
ACT-A01958-3,A01958,2026-03-22,商談
ACT-A01958-4,A01958,2026-03-19,資料送付
ACT-A01959-1,A01959,2026-03-01,電話
ACT-A01959-2,A01959,2026-03-01,メール
ACT-A01960-1,A01960,2026-03-01,電話
ACT-A01960-2,A01960,2026-03-01,メール
ACT-A01960-3,A01960,2026-03-01,商談
ACT-A01960-4,A01960,2026-03-01,資料送付
ACT-A01960-5,A01960,2026-03-01,電話
ACT-A01960-6,A01960,2026-03-01,メール
ACT-A01961-1,A01961,2026-03-23,電話
ACT-A01961-2,A01961,2026-03-20,メール
ACT-A01962-1,A01962,2026-03-07,電話
ACT-A01962-2,A01962,2026-03-04,メール
ACT-A01963-1,A01963,2026-03-01,電話
ACT-A01963-2,A01963,2026-03-01,メール
ACT-A01964-1,A01964,2026-03-01,電話
ACT-A01965-1,A01965,2026-03-01,電話
ACT-A01965-2,A01965,2026-03-01,メール
ACT-A01965-3,A01965,2026-03-01,商談
ACT-A01966-1,A01966,2026-03-01,電話
ACT-A01966-2,A01966,2026-03-01,メール
ACT-A01966-3,A01966,2026-03-01,商談
ACT-A01967-1,A01967,2026-03-01,電話
ACT-A01967-2,A01967,2026-03-01,メール
ACT-A01967-3,A01967,2026-03-01,商談
ACT-A01968-1,A01968,2026-03-01,電話
ACT-A01968-2,A01968,2026-03-01,メール
ACT-A01970-1,A01970,2026-03-01,電話
ACT-A01970-2,A01970,2026-03-01,メール
ACT-A01970-3,A01970,2026-03-01,商談
ACT-A01970-4,A01970,2026-03-01,資料送付
ACT-A01970-5,A01970,2026-03-01,電話
ACT-A01971-1,A01971,2026-03-01,電話
ACT-A01971-2,A01971,2026-03-01,メール
ACT-A01971-3,A01971,2026-03-01,商談
ACT-A01972-1,A01972,2026-03-12,電話
ACT-A01972-2,A01972,2026-03-09,メール
ACT-A01972-3,A01972,2026-03-06,商談
ACT-A01973-1,A01973,2026-03-01,電話
ACT-A01973-2,A01973,2026-03-01,メール
ACT-A01974-1,A01974,2026-03-01,電話
ACT-A01974-2,A01974,2026-03-01,メール
ACT-A01974-3,A01974,2026-03-01,商談
ACT-A01975-1,A01975,2026-03-23,電話
ACT-A01975-2,A01975,2026-03-20,メール
ACT-A01975-3,A01975,2026-03-17,商談
ACT-A01975-4,A01975,2026-03-14,資料送付
ACT-A01976-1,A01976,2026-03-17,電話
ACT-A01977-1,A01977,2026-03-28,電話
ACT-A01977-2,A01977,2026-03-25,メール
ACT-A01978-1,A01978,2026-03-04,電話
ACT-A01979-1,A01979,2026-03-01,電話
ACT-A01979-2,A01979,2026-03-01,メール
ACT-A01980-1,A01980,2026-03-19,電話
ACT-A01980-2,A01980,2026-03-16,メール
ACT-A01980-3,A01980,2026-03-13,商談
ACT-A01980-4,A01980,2026-03-10,資料送付
ACT-A01981-1,A01981,2026-03-01,電話
ACT-A01981-2,A01981,2026-03-01,メール
ACT-A01981-3,A01981,2026-03-01,商談
ACT-A01981-4,A01981,2026-03-01,資料送付
ACT-A01982-1,A01982,2026-03-01,電話
ACT-A01982-2,A01982,2026-03-01,メール
ACT-A01982-3,A01982,2026-03-01,商談
ACT-A01984-1,A01984,2026-03-01,電話
ACT-A01984-2,A01984,2026-03-01,メール
ACT-A01984-3,A01984,2026-03-01,商談
ACT-A01984-4,A01984,2026-03-01,資料送付
ACT-A01984-5,A01984,2026-03-01,電話
ACT-A01985-1,A01985,2026-03-01,電話
ACT-A01985-2,A01985,2026-03-01,メール
ACT-A01987-1,A01987,2026-03-01,電話
ACT-A01987-2,A01987,2026-03-01,メール
ACT-A01987-3,A01987,2026-03-01,商談
ACT-A01987-4,A01987,2026-03-01,資料送付
ACT-A01988-1,A01988,2026-03-01,電話
ACT-A01989-1,A01989,2026-03-01,電話
ACT-A01989-2,A01989,2026-03-01,メール
ACT-A01989-3,A01989,2026-03-01,商談
ACT-A01989-4,A01989,2026-03-01,資料送付
ACT-A01990-1,A01990,2026-03-01,電話
ACT-A01990-2,A01990,2026-03-01,メール
ACT-A01990-3,A01990,2026-03-01,商談
ACT-A01991-1,A01991,2026-03-01,電話
ACT-A01991-2,A01991,2026-03-01,メール
ACT-A01992-1,A01992,2026-03-01,電話
ACT-A01992-2,A01992,2026-03-01,メール
ACT-A01992-3,A01992,2026-03-01,商談
ACT-A01992-4,A01992,2026-03-01,資料送付
ACT-A01993-1,A01993,2026-03-17,電話
ACT-A01993-2,A01993,2026-03-14,メール
ACT-A01994-1,A01994,2026-03-01,電話
ACT-A01994-2,A01994,2026-03-01,メール
ACT-A01994-3,A01994,2026-03-01,商談
ACT-A01995-1,A01995,2026-03-01,電話
ACT-A01995-2,A01995,2026-03-01,メール
ACT-A01996-1,A01996,2026-03-01,電話
ACT-A01996-2,A01996,2026-03-01,メール
ACT-A01996-3,A01996,2026-03-01,商談
ACT-A01997-1,A01997,2026-03-12,電話
ACT-A01998-1,A01998,2026-03-01,電話
ACT-A01999-1,A01999,2026-03-01,電話
ACT-A01999-2,A01999,2026-03-01,メール
ACT-A01999-3,A01999,2026-03-01,商談
ACT-A01999-4,A01999,2026-03-01,資料送付
ACT-A01999-5,A01999,2026-03-01,電話
ACT-A02000-1,A02000,2026-03-25,電話
ACT-A02000-2,A02000,2026-03-22,メール
ACT-A02000-3,A02000,2026-03-19,商談
ACT-A02000-4,A02000,2026-03-16,資料送付
ACT-A02000-5,A02000,2026-03-13,電話
ACT-A02000-6,A02000,2026-03-10,メール
ACT-A02001-1,A02001,2026-03-01,電話
ACT-A02001-2,A02001,2026-03-01,メール
ACT-A02001-3,A02001,2026-03-01,商談
ACT-A02002-1,A02002,2026-03-25,電話
ACT-A02002-2,A02002,2026-03-22,メール
ACT-A02002-3,A02002,2026-03-19,商談
ACT-A02002-4,A02002,2026-03-16,資料送付
ACT-A02003-1,A02003,2026-03-01,電話
ACT-A02003-2,A02003,2026-03-01,メール
ACT-A02004-1,A02004,2026-03-01,電話
ACT-A02004-2,A02004,2026-03-01,メール
ACT-A02005-1,A02005,2026-03-01,電話
ACT-A02005-2,A02005,2026-03-01,メール
ACT-A02006-1,A02006,2026-03-01,電話
ACT-A02007-1,A02007,2026-03-01,電話
ACT-A02007-2,A02007,2026-03-01,メール
ACT-A02007-3,A02007,2026-03-01,商談
ACT-A02008-1,A02008,2026-03-01,電話
ACT-A02009-1,A02009,2026-03-01,電話
ACT-A02009-2,A02009,2026-03-01,メール
ACT-A02011-1,A02011,2026-03-01,電話
ACT-A02011-2,A02011,2026-03-01,メール
ACT-A02011-3,A02011,2026-03-01,商談
ACT-A02011-4,A02011,2026-03-01,資料送付
ACT-A02011-5,A02011,2026-03-01,電話
ACT-A02012-1,A02012,2026-03-01,電話
ACT-A02013-1,A02013,2026-03-01,電話
ACT-A02013-2,A02013,2026-03-01,メール
ACT-A02014-1,A02014,2026-03-01,電話
ACT-A02015-1,A02015,2026-03-01,電話
ACT-A02015-2,A02015,2026-03-01,メール
ACT-A02015-3,A02015,2026-03-01,商談
ACT-A02015-4,A02015,2026-03-01,資料送付
ACT-A02016-1,A02016,2026-03-01,電話
ACT-A02016-2,A02016,2026-03-01,メール
ACT-A02016-3,A02016,2026-03-01,商談
ACT-A02016-4,A02016,2026-03-01,資料送付
ACT-A02017-1,A02017,2026-03-01,電話
ACT-A02017-2,A02017,2026-03-01,メール
ACT-A02017-3,A02017,2026-03-01,商談
ACT-A02017-4,A02017,2026-03-01,資料送付
ACT-A02018-1,A02018,2026-03-01,電話
ACT-A02018-2,A02018,2026-03-01,メール
ACT-A02018-3,A02018,2026-03-01,商談
ACT-A02018-4,A02018,2026-03-01,資料送付
ACT-A02019-1,A02019,2026-03-01,電話
ACT-A02020-1,A02020,2026-03-01,電話
ACT-A02021-1,A02021,2026-03-18,電話
ACT-A02021-2,A02021,2026-03-15,メール
ACT-A02021-3,A02021,2026-03-12,商談
ACT-A02022-1,A02022,2026-03-07,電話
ACT-A02023-1,A02023,2026-03-01,電話
ACT-A02023-2,A02023,2026-03-01,メール
ACT-A02023-3,A02023,2026-03-01,商談
ACT-A02024-1,A02024,2026-03-01,電話
ACT-A02024-2,A02024,2026-03-01,メール
ACT-A02024-3,A02024,2026-03-01,商談
ACT-A02025-1,A02025,2026-03-01,電話
ACT-A02025-2,A02025,2026-03-01,メール
ACT-A02025-3,A02025,2026-03-01,商談
ACT-A02026-1,A02026,2026-03-01,電話
ACT-A02026-2,A02026,2026-03-01,メール
ACT-A02026-3,A02026,2026-03-01,商談
ACT-A02026-4,A02026,2026-03-01,資料送付
ACT-A02027-1,A02027,2026-03-01,電話
ACT-A02027-2,A02027,2026-03-01,メール
ACT-A02027-3,A02027,2026-03-01,商談
ACT-A02028-1,A02028,2026-03-01,電話
ACT-A02028-2,A02028,2026-03-01,メール
ACT-A02028-3,A02028,2026-03-01,商談
ACT-A02028-4,A02028,2026-03-01,資料送付
ACT-A02028-5,A02028,2026-03-01,電話
ACT-A02028-6,A02028,2026-03-01,メール
ACT-A02028-7,A02028,2026-03-01,商談
ACT-A02029-1,A02029,2026-03-11,電話
ACT-A02029-2,A02029,2026-03-08,メール
ACT-A02029-3,A02029,2026-03-05,商談
ACT-A02030-1,A02030,2026-03-11,電話
ACT-A02031-1,A02031,2026-03-01,電話
ACT-A02031-2,A02031,2026-03-01,メール
ACT-A02032-1,A02032,2026-03-24,電話
ACT-A02032-2,A02032,2026-03-21,メール
ACT-A02033-1,A02033,2026-03-01,電話
ACT-A02033-2,A02033,2026-03-01,メール
ACT-A02034-1,A02034,2026-03-12,電話
ACT-A02034-2,A02034,2026-03-09,メール
ACT-A02034-3,A02034,2026-03-06,商談
ACT-A02035-1,A02035,2026-03-01,電話
ACT-A02035-2,A02035,2026-03-01,メール
ACT-A02035-3,A02035,2026-03-01,商談
ACT-A02036-1,A02036,2026-03-01,電話
ACT-A02036-2,A02036,2026-03-01,メール
ACT-A02037-1,A02037,2026-03-04,電話
ACT-A02038-1,A02038,2026-03-01,電話
ACT-A02038-2,A02038,2026-03-01,メール
ACT-A02038-3,A02038,2026-03-01,商談
ACT-A02039-1,A02039,2026-03-01,電話
ACT-A02039-2,A02039,2026-03-01,メール
ACT-A02039-3,A02039,2026-03-01,商談
ACT-A02040-1,A02040,2026-03-01,電話
ACT-A02040-2,A02040,2026-03-01,メール
ACT-A02040-3,A02040,2026-03-01,商談
ACT-A02040-4,A02040,2026-03-01,資料送付
ACT-A02040-5,A02040,2026-03-01,電話
ACT-A02041-1,A02041,2026-03-01,電話
ACT-A02041-2,A02041,2026-03-01,メール
ACT-A02042-1,A02042,2026-03-01,電話
ACT-A02043-1,A02043,2026-03-01,電話
ACT-A02043-2,A02043,2026-03-01,メール
ACT-A02044-1,A02044,2026-03-09,電話
ACT-A02045-1,A02045,2026-03-01,電話
ACT-A02045-2,A02045,2026-03-01,メール
ACT-A02046-1,A02046,2026-03-01,電話
ACT-A02047-1,A02047,2026-03-01,電話
ACT-A02048-1,A02048,2026-03-01,電話
ACT-A02048-2,A02048,2026-03-01,メール
ACT-A02048-3,A02048,2026-03-01,商談
ACT-A02049-1,A02049,2026-03-01,電話
ACT-A02051-1,A02051,2026-03-01,電話
ACT-A02051-2,A02051,2026-03-01,メール
ACT-A02051-3,A02051,2026-03-01,商談
ACT-A02052-1,A02052,2026-03-27,電話
ACT-A02053-1,A02053,2026-03-01,電話
ACT-A02053-2,A02053,2026-03-01,メール
ACT-A02053-3,A02053,2026-03-01,商談
ACT-A02054-1,A02054,2026-03-01,電話
ACT-A02054-2,A02054,2026-03-01,メール
ACT-A02054-3,A02054,2026-03-01,商談
ACT-A02054-4,A02054,2026-03-01,資料送付
ACT-A02054-5,A02054,2026-03-01,電話
ACT-A02055-1,A02055,2026-03-01,電話
ACT-A02055-2,A02055,2026-03-01,メール
ACT-A02055-3,A02055,2026-03-01,商談
ACT-A02055-4,A02055,2026-03-01,資料送付
ACT-A02057-1,A02057,2026-03-01,電話
ACT-A02057-2,A02057,2026-03-01,メール
ACT-A02057-3,A02057,2026-03-01,商談
ACT-A02058-1,A02058,2026-03-01,電話
ACT-A02058-2,A02058,2026-03-01,メール
ACT-A02058-3,A02058,2026-03-01,商談
ACT-A02059-1,A02059,2026-03-01,電話
ACT-A02059-2,A02059,2026-03-01,メール
ACT-A02059-3,A02059,2026-03-01,商談
ACT-A02060-1,A02060,2026-03-01,電話
ACT-A02061-1,A02061,2026-03-21,電話
ACT-A02061-2,A02061,2026-03-18,メール
ACT-A02061-3,A02061,2026-03-15,商談
ACT-A02061-4,A02061,2026-03-12,資料送付
ACT-A02063-1,A02063,2026-03-01,電話
ACT-A02064-1,A02064,2026-03-05,電話
ACT-A02064-2,A02064,2026-03-02,メール
ACT-A02065-1,A02065,2026-03-06,電話
ACT-A02065-2,A02065,2026-03-03,メール
ACT-A02065-3,A02065,2026-03-01,商談
ACT-A02066-1,A02066,2026-03-01,電話
ACT-A02066-2,A02066,2026-03-01,メール
ACT-A02067-1,A02067,2026-03-01,電話
ACT-A02067-2,A02067,2026-03-01,メール
ACT-A02067-3,A02067,2026-03-01,商談
ACT-A02067-4,A02067,2026-03-01,資料送付
ACT-A02068-1,A02068,2026-03-01,電話
ACT-A02068-2,A02068,2026-03-01,メール
ACT-A02068-3,A02068,2026-03-01,商談
ACT-A02068-4,A02068,2026-03-01,資料送付
ACT-A02068-5,A02068,2026-03-01,電話
ACT-A02070-1,A02070,2026-03-01,電話
ACT-A02071-1,A02071,2026-03-01,電話
ACT-A02072-1,A02072,2026-03-23,電話
ACT-A02072-2,A02072,2026-03-20,メール
ACT-A02072-3,A02072,2026-03-17,商談
ACT-A02073-1,A02073,2026-03-07,電話
ACT-A02073-2,A02073,2026-03-04,メール
ACT-A02074-1,A02074,2026-03-23,電話
ACT-A02074-2,A02074,2026-03-20,メール
ACT-A02075-1,A02075,2026-03-01,電話
ACT-A02075-2,A02075,2026-03-01,メール
ACT-A02075-3,A02075,2026-03-01,商談
ACT-A02076-1,A02076,2026-03-01,電話
ACT-A02076-2,A02076,2026-03-01,メール
ACT-A02076-3,A02076,2026-03-01,商談
ACT-A02076-4,A02076,2026-03-01,資料送付
ACT-A02077-1,A02077,2026-03-01,電話
ACT-A02077-2,A02077,2026-03-01,メール
ACT-A02078-1,A02078,2026-03-01,電話
ACT-A02080-1,A02080,2026-03-01,電話
ACT-A02081-1,A02081,2026-03-01,電話
ACT-A02081-2,A02081,2026-03-01,メール
ACT-A02081-3,A02081,2026-03-01,商談
ACT-A02082-1,A02082,2026-03-27,電話
ACT-A02082-2,A02082,2026-03-24,メール
ACT-A02083-1,A02083,2026-03-01,電話
ACT-A02083-2,A02083,2026-03-01,メール
ACT-A02083-3,A02083,2026-03-01,商談
ACT-A02083-4,A02083,2026-03-01,資料送付
ACT-A02084-1,A02084,2026-03-01,電話
ACT-A02084-2,A02084,2026-03-01,メール
ACT-A02085-1,A02085,2026-03-15,電話
ACT-A02086-1,A02086,2026-03-01,電話
ACT-A02086-2,A02086,2026-03-01,メール
ACT-A02086-3,A02086,2026-03-01,商談
ACT-A02086-4,A02086,2026-03-01,資料送付
ACT-A02088-1,A02088,2026-03-01,電話
ACT-A02088-2,A02088,2026-03-01,メール
ACT-A02088-3,A02088,2026-03-01,商談
ACT-A02088-4,A02088,2026-03-01,資料送付
ACT-A02089-1,A02089,2026-03-01,電話
ACT-A02089-2,A02089,2026-03-01,メール
ACT-A02089-3,A02089,2026-03-01,商談
ACT-A02089-4,A02089,2026-03-01,資料送付
ACT-A02089-5,A02089,2026-03-01,電話
ACT-A02089-6,A02089,2026-03-01,メール
ACT-A02089-7,A02089,2026-03-01,商談
ACT-A02090-1,A02090,2026-03-01,電話
ACT-A02090-2,A02090,2026-03-01,メール
ACT-A02090-3,A02090,2026-03-01,商談
ACT-A02090-4,A02090,2026-03-01,資料送付
ACT-A02090-5,A02090,2026-03-01,電話
ACT-A02091-1,A02091,2026-03-06,電話
ACT-A02091-2,A02091,2026-03-03,メール
ACT-A02092-1,A02092,2026-03-01,電話
ACT-A02093-1,A02093,2026-03-18,電話
ACT-A02093-2,A02093,2026-03-15,メール
ACT-A02093-3,A02093,2026-03-12,商談
ACT-A02093-4,A02093,2026-03-09,資料送付
ACT-A02094-1,A02094,2026-03-01,電話
ACT-A02094-2,A02094,2026-03-01,メール
ACT-A02094-3,A02094,2026-03-01,商談
ACT-A02095-1,A02095,2026-03-14,電話
ACT-A02095-2,A02095,2026-03-11,メール
ACT-A02095-3,A02095,2026-03-08,商談
ACT-A02096-1,A02096,2026-03-01,電話
ACT-A02096-2,A02096,2026-03-01,メール
ACT-A02096-3,A02096,2026-03-01,商談
ACT-A02096-4,A02096,2026-03-01,資料送付
ACT-A02096-5,A02096,2026-03-01,電話
ACT-A02096-6,A02096,2026-03-01,メール
ACT-A02096-7,A02096,2026-03-01,商談
ACT-A02097-1,A02097,2026-03-01,電話
ACT-A02097-2,A02097,2026-03-01,メール
ACT-A02097-3,A02097,2026-03-01,商談
ACT-A02098-1,A02098,2026-03-01,電話
ACT-A02099-1,A02099,2026-03-19,電話
ACT-A02099-2,A02099,2026-03-16,メール
ACT-A02100-1,A02100,2026-03-01,電話
ACT-A02100-2,A02100,2026-03-01,メール
ACT-A02100-3,A02100,2026-03-01,商談
ACT-A02100-4,A02100,2026-03-01,資料送付
ACT-A02100-5,A02100,2026-03-01,電話
ACT-A02100-6,A02100,2026-03-01,メール
ACT-A02100-7,A02100,2026-03-01,商談
ACT-A02100-8,A02100,2026-03-01,資料送付
ACT-A02100-9,A02100,2026-03-01,電話
ACT-A02100-10,A02100,2026-03-01,メール
ACT-A02101-1,A02101,2026-03-01,電話
ACT-A02101-2,A02101,2026-03-01,メール
ACT-A02101-3,A02101,2026-03-01,商談
ACT-A02101-4,A02101,2026-03-01,資料送付
ACT-A02101-5,A02101,2026-03-01,電話
ACT-A02101-6,A02101,2026-03-01,メール
ACT-A02102-1,A02102,2026-03-01,電話
ACT-A02102-2,A02102,2026-03-01,メール
ACT-A02103-1,A02103,2026-03-01,電話
ACT-A02104-1,A02104,2026-03-14,電話
ACT-A02104-2,A02104,2026-03-11,メール
ACT-A02105-1,A02105,2026-03-01,電話
ACT-A02105-2,A02105,2026-03-01,メール
ACT-A02105-3,A02105,2026-03-01,商談
ACT-A02105-4,A02105,2026-03-01,資料送付
ACT-A02106-1,A02106,2026-03-01,電話
ACT-A02107-1,A02107,2026-03-17,電話
ACT-A02107-2,A02107,2026-03-14,メール
ACT-A02108-1,A02108,2026-03-01,電話
ACT-A02108-2,A02108,2026-03-01,メール
ACT-A02109-1,A02109,2026-03-01,電話
ACT-A02109-2,A02109,2026-03-01,メール
ACT-A02109-3,A02109,2026-03-01,商談
ACT-A02110-1,A02110,2026-03-01,電話
ACT-A02110-2,A02110,2026-03-01,メール
ACT-A02110-3,A02110,2026-03-01,商談
ACT-A02110-4,A02110,2026-03-01,資料送付
ACT-A02110-5,A02110,2026-03-01,電話
ACT-A02111-1,A02111,2026-03-01,電話
ACT-A02111-2,A02111,2026-03-01,メール
ACT-A02111-3,A02111,2026-03-01,商談
ACT-A02112-1,A02112,2026-03-01,電話
ACT-A02112-2,A02112,2026-03-01,メール
ACT-A02112-3,A02112,2026-03-01,商談
ACT-A02113-1,A02113,2026-03-19,電話
ACT-A02113-2,A02113,2026-03-16,メール
ACT-A02114-1,A02114,2026-03-01,電話
ACT-A02114-2,A02114,2026-03-01,メール
ACT-A02115-1,A02115,2026-03-01,電話
ACT-A02116-1,A02116,2026-03-23,電話
ACT-A02116-2,A02116,2026-03-20,メール
ACT-A02117-1,A02117,2026-03-19,電話
ACT-A02118-1,A02118,2026-03-01,電話
ACT-A02118-2,A02118,2026-03-01,メール
ACT-A02119-1,A02119,2026-03-01,電話
ACT-A02119-2,A02119,2026-03-01,メール
ACT-A02121-1,A02121,2026-03-01,電話
ACT-A02121-2,A02121,2026-03-01,メール
ACT-A02121-3,A02121,2026-03-01,商談
ACT-A02121-4,A02121,2026-03-01,資料送付
ACT-A02124-1,A02124,2026-03-01,電話
ACT-A02124-2,A02124,2026-03-01,メール
ACT-A02124-3,A02124,2026-03-01,商談
ACT-A02124-4,A02124,2026-03-01,資料送付
ACT-A02124-5,A02124,2026-03-01,電話
ACT-A02124-6,A02124,2026-03-01,メール
ACT-A02125-1,A02125,2026-03-27,電話
ACT-A02125-2,A02125,2026-03-24,メール
ACT-A02125-3,A02125,2026-03-21,商談
ACT-A02126-1,A02126,2026-03-01,電話
ACT-A02127-1,A02127,2026-03-01,電話
ACT-A02128-1,A02128,2026-03-01,電話
ACT-A02128-2,A02128,2026-03-01,メール
ACT-A02128-3,A02128,2026-03-01,商談
ACT-A02129-1,A02129,2026-03-01,電話
ACT-A02130-1,A02130,2026-03-01,電話
ACT-A02131-1,A02131,2026-03-01,電話
ACT-A02132-1,A02132,2026-03-23,電話
ACT-A02132-2,A02132,2026-03-20,メール
ACT-A02133-1,A02133,2026-03-01,電話
ACT-A02133-2,A02133,2026-03-01,メール
ACT-A02134-1,A02134,2026-03-01,電話
ACT-A02135-1,A02135,2026-03-01,電話
ACT-A02135-2,A02135,2026-03-01,メール
ACT-A02136-1,A02136,2026-03-27,電話
ACT-A02136-2,A02136,2026-03-24,メール
ACT-A02136-3,A02136,2026-03-21,商談
ACT-A02137-1,A02137,2026-03-01,電話
ACT-A02137-2,A02137,2026-03-01,メール
ACT-A02138-1,A02138,2026-03-03,電話
ACT-A02138-2,A02138,2026-03-01,メール
ACT-A02139-1,A02139,2026-03-01,電話
ACT-A02139-2,A02139,2026-03-01,メール
ACT-A02139-3,A02139,2026-03-01,商談
ACT-A02140-1,A02140,2026-03-03,電話
ACT-A02140-2,A02140,2026-03-01,メール
ACT-A02140-3,A02140,2026-03-01,商談
ACT-A02140-4,A02140,2026-03-01,資料送付
ACT-A02140-5,A02140,2026-03-01,電話
ACT-A02141-1,A02141,2026-03-01,電話
ACT-A02141-2,A02141,2026-03-01,メール
ACT-A02141-3,A02141,2026-03-01,商談
ACT-A02142-1,A02142,2026-03-01,電話
ACT-A02143-1,A02143,2026-03-01,電話
ACT-A02143-2,A02143,2026-03-01,メール
ACT-A02145-1,A02145,2026-03-01,電話
ACT-A02145-2,A02145,2026-03-01,メール
ACT-A02145-3,A02145,2026-03-01,商談
ACT-A02145-4,A02145,2026-03-01,資料送付
ACT-A02146-1,A02146,2026-03-01,電話
ACT-A02146-2,A02146,2026-03-01,メール
ACT-A02146-3,A02146,2026-03-01,商談
ACT-A02147-1,A02147,2026-03-01,電話
ACT-A02148-1,A02148,2026-03-01,電話
ACT-A02149-1,A02149,2026-03-01,電話
ACT-A02149-2,A02149,2026-03-01,メール
ACT-A02150-1,A02150,2026-03-03,電話
ACT-A02150-2,A02150,2026-03-01,メール
ACT-A02150-3,A02150,2026-03-01,商談
ACT-A02150-4,A02150,2026-03-01,資料送付
ACT-A02150-5,A02150,2026-03-01,電話
ACT-A02150-6,A02150,2026-03-01,メール
ACT-A02151-1,A02151,2026-03-01,電話
ACT-A02151-2,A02151,2026-03-01,メール
ACT-A02151-3,A02151,2026-03-01,商談
ACT-A02152-1,A02152,2026-03-01,電話
ACT-A02152-2,A02152,2026-03-01,メール
ACT-A02152-3,A02152,2026-03-01,商談
ACT-A02152-4,A02152,2026-03-01,資料送付
ACT-A02152-5,A02152,2026-03-01,電話
ACT-A02152-6,A02152,2026-03-01,メール
ACT-A02152-7,A02152,2026-03-01,商談
ACT-A02153-1,A02153,2026-03-01,電話
ACT-A02153-2,A02153,2026-03-01,メール
ACT-A02153-3,A02153,2026-03-01,商談
ACT-A02154-1,A02154,2026-03-20,電話
ACT-A02154-2,A02154,2026-03-17,メール
ACT-A02154-3,A02154,2026-03-14,商談
ACT-A02154-4,A02154,2026-03-11,資料送付
ACT-A02155-1,A02155,2026-03-01,電話
ACT-A02155-2,A02155,2026-03-01,メール
ACT-A02155-3,A02155,2026-03-01,商談
ACT-A02156-1,A02156,2026-03-15,電話
ACT-A02156-2,A02156,2026-03-12,メール
ACT-A02156-3,A02156,2026-03-09,商談
ACT-A02157-1,A02157,2026-03-01,電話
ACT-A02157-2,A02157,2026-03-01,メール
ACT-A02157-3,A02157,2026-03-01,商談
ACT-A02158-1,A02158,2026-03-01,電話
ACT-A02159-1,A02159,2026-03-01,電話
ACT-A02160-1,A02160,2026-03-01,電話
ACT-A02160-2,A02160,2026-03-01,メール
ACT-A02160-3,A02160,2026-03-01,商談
ACT-A02160-4,A02160,2026-03-01,資料送付
ACT-A02160-5,A02160,2026-03-01,電話
ACT-A02160-6,A02160,2026-03-01,メール
ACT-A02160-7,A02160,2026-03-01,商談
ACT-A02161-1,A02161,2026-03-06,電話
ACT-A02161-2,A02161,2026-03-03,メール
ACT-A02161-3,A02161,2026-03-01,商談
ACT-A02161-4,A02161,2026-03-01,資料送付
ACT-A02161-5,A02161,2026-03-01,電話
ACT-A02162-1,A02162,2026-03-01,電話
ACT-A02163-1,A02163,2026-03-01,電話
ACT-A02166-1,A02166,2026-03-01,電話
ACT-A02166-2,A02166,2026-03-01,メール
ACT-A02166-3,A02166,2026-03-01,商談
ACT-A02166-4,A02166,2026-03-01,資料送付
ACT-A02167-1,A02167,2026-03-25,電話
ACT-A02167-2,A02167,2026-03-22,メール
ACT-A02167-3,A02167,2026-03-19,商談
ACT-A02167-4,A02167,2026-03-16,資料送付
ACT-A02168-1,A02168,2026-03-01,電話
ACT-A02168-2,A02168,2026-03-01,メール
ACT-A02169-1,A02169,2026-03-01,電話
ACT-A02171-1,A02171,2026-03-16,電話
ACT-A02172-1,A02172,2026-03-01,電話
ACT-A02173-1,A02173,2026-03-01,電話
ACT-A02174-1,A02174,2026-03-21,電話
ACT-A02174-2,A02174,2026-03-18,メール
ACT-A02175-1,A02175,2026-03-23,電話
ACT-A02176-1,A02176,2026-03-01,電話
ACT-A02176-2,A02176,2026-03-01,メール
ACT-A02176-3,A02176,2026-03-01,商談
ACT-A02176-4,A02176,2026-03-01,資料送付
ACT-A02177-1,A02177,2026-03-01,電話
ACT-A02177-2,A02177,2026-03-01,メール
ACT-A02177-3,A02177,2026-03-01,商談
ACT-A02177-4,A02177,2026-03-01,資料送付
ACT-A02178-1,A02178,2026-03-01,電話
ACT-A02178-2,A02178,2026-03-01,メール
ACT-A02178-3,A02178,2026-03-01,商談
ACT-A02179-1,A02179,2026-03-01,電話
ACT-A02179-2,A02179,2026-03-01,メール
ACT-A02180-1,A02180,2026-03-02,電話
ACT-A02180-2,A02180,2026-03-01,メール
ACT-A02180-3,A02180,2026-03-01,商談
ACT-A02180-4,A02180,2026-03-01,資料送付
ACT-A02180-5,A02180,2026-03-01,電話
ACT-A02181-1,A02181,2026-03-08,電話
ACT-A02181-2,A02181,2026-03-05,メール
ACT-A02181-3,A02181,2026-03-02,商談
ACT-A02181-4,A02181,2026-03-01,資料送付
ACT-A02182-1,A02182,2026-03-01,電話
ACT-A02182-2,A02182,2026-03-01,メール
ACT-A02183-1,A02183,2026-03-01,電話
ACT-A02183-2,A02183,2026-03-01,メール
ACT-A02183-3,A02183,2026-03-01,商談
ACT-A02183-4,A02183,2026-03-01,資料送付
ACT-A02183-5,A02183,2026-03-01,電話
ACT-A02183-6,A02183,2026-03-01,メール
ACT-A02184-1,A02184,2026-03-13,電話
ACT-A02184-2,A02184,2026-03-10,メール
ACT-A02184-3,A02184,2026-03-07,商談
ACT-A02184-4,A02184,2026-03-04,資料送付
ACT-A02186-1,A02186,2026-03-01,電話
ACT-A02186-2,A02186,2026-03-01,メール
ACT-A02187-1,A02187,2026-03-01,電話
ACT-A02187-2,A02187,2026-03-01,メール
ACT-A02187-3,A02187,2026-03-01,商談
ACT-A02188-1,A02188,2026-03-01,電話
ACT-A02188-2,A02188,2026-03-01,メール
ACT-A02188-3,A02188,2026-03-01,商談
ACT-A02189-1,A02189,2026-03-01,電話
ACT-A02189-2,A02189,2026-03-01,メール
ACT-A02189-3,A02189,2026-03-01,商談
ACT-A02191-1,A02191,2026-03-08,電話
ACT-A02191-2,A02191,2026-03-05,メール
ACT-A02191-3,A02191,2026-03-02,商談
ACT-A02192-1,A02192,2026-03-01,電話
ACT-A02192-2,A02192,2026-03-01,メール
ACT-A02192-3,A02192,2026-03-01,商談
ACT-A02192-4,A02192,2026-03-01,資料送付
ACT-A02192-5,A02192,2026-03-01,電話
ACT-A02193-1,A02193,2026-03-01,電話
ACT-A02193-2,A02193,2026-03-01,メール
ACT-A02194-1,A02194,2026-03-01,電話
ACT-A02194-2,A02194,2026-03-01,メール
ACT-A02194-3,A02194,2026-03-01,商談
ACT-A02194-4,A02194,2026-03-01,資料送付
ACT-A02194-5,A02194,2026-03-01,電話
ACT-A02195-1,A02195,2026-03-01,電話
ACT-A02195-2,A02195,2026-03-01,メール
ACT-A02196-1,A02196,2026-03-01,電話
ACT-A02196-2,A02196,2026-03-01,メール
ACT-A02197-1,A02197,2026-03-01,電話
ACT-A02197-2,A02197,2026-03-01,メール
ACT-A02198-1,A02198,2026-03-15,電話
ACT-A02198-2,A02198,2026-03-12,メール
ACT-A02198-3,A02198,2026-03-09,商談
ACT-A02198-4,A02198,2026-03-06,資料送付
ACT-A02198-5,A02198,2026-03-03,電話
ACT-A02198-6,A02198,2026-03-01,メール
ACT-A02199-1,A02199,2026-03-01,電話
ACT-A02200-1,A02200,2026-03-01,電話
ACT-A02200-2,A02200,2026-03-01,メール
ACT-A02200-3,A02200,2026-03-01,商談
ACT-A02200-4,A02200,2026-03-01,資料送付
ACT-A02200-5,A02200,2026-03-01,電話
ACT-A02200-6,A02200,2026-03-01,メール
ACT-A02201-1,A02201,2026-03-06,電話
ACT-A02201-2,A02201,2026-03-03,メール
ACT-A02201-3,A02201,2026-03-01,商談
ACT-A02201-4,A02201,2026-03-01,資料送付
ACT-A02201-5,A02201,2026-03-01,電話
ACT-A02201-6,A02201,2026-03-01,メール
ACT-A02201-7,A02201,2026-03-01,商談
ACT-A02201-8,A02201,2026-03-01,資料送付
ACT-A02202-1,A02202,2026-03-01,電話
ACT-A02202-2,A02202,2026-03-01,メール
ACT-A02202-3,A02202,2026-03-01,商談
ACT-A02203-1,A02203,2026-03-01,電話
ACT-A02203-2,A02203,2026-03-01,メール
ACT-A02203-3,A02203,2026-03-01,商談
ACT-A02204-1,A02204,2026-03-06,電話
ACT-A02204-2,A02204,2026-03-03,メール
ACT-A02204-3,A02204,2026-03-01,商談
ACT-A02205-1,A02205,2026-03-04,電話
ACT-A02206-1,A02206,2026-03-01,電話
ACT-A02207-1,A02207,2026-03-23,電話
ACT-A02207-2,A02207,2026-03-20,メール
ACT-A02207-3,A02207,2026-03-17,商談
ACT-A02207-4,A02207,2026-03-14,資料送付
ACT-A02208-1,A02208,2026-03-01,電話
ACT-A02208-2,A02208,2026-03-01,メール
ACT-A02208-3,A02208,2026-03-01,商談
ACT-A02208-4,A02208,2026-03-01,資料送付
ACT-A02209-1,A02209,2026-03-01,電話
ACT-A02210-1,A02210,2026-03-26,電話
ACT-A02211-1,A02211,2026-03-01,電話
ACT-A02211-2,A02211,2026-03-01,メール
ACT-A02211-3,A02211,2026-03-01,商談
ACT-A02212-1,A02212,2026-03-01,電話
ACT-A02212-2,A02212,2026-03-01,メール
ACT-A02212-3,A02212,2026-03-01,商談
ACT-A02212-4,A02212,2026-03-01,資料送付
ACT-A02212-5,A02212,2026-03-01,電話
ACT-A02213-1,A02213,2026-03-01,電話
ACT-A02213-2,A02213,2026-03-01,メール
ACT-A02213-3,A02213,2026-03-01,商談
ACT-A02213-4,A02213,2026-03-01,資料送付
ACT-A02214-1,A02214,2026-03-01,電話
ACT-A02214-2,A02214,2026-03-01,メール
ACT-A02214-3,A02214,2026-03-01,商談
ACT-A02214-4,A02214,2026-03-01,資料送付
ACT-A02214-5,A02214,2026-03-01,電話
ACT-A02215-1,A02215,2026-03-01,電話
ACT-A02215-2,A02215,2026-03-01,メール
ACT-A02215-3,A02215,2026-03-01,商談
ACT-A02216-1,A02216,2026-03-01,電話
ACT-A02218-1,A02218,2026-03-01,電話
ACT-A02219-1,A02219,2026-03-01,電話
ACT-A02219-2,A02219,2026-03-01,メール
ACT-A02219-3,A02219,2026-03-01,商談
ACT-A02220-1,A02220,2026-03-06,電話
ACT-A02222-1,A02222,2026-03-01,電話
ACT-A02222-2,A02222,2026-03-01,メール
ACT-A02222-3,A02222,2026-03-01,商談
ACT-A02222-4,A02222,2026-03-01,資料送付
ACT-A02223-1,A02223,2026-03-05,電話
ACT-A02223-2,A02223,2026-03-02,メール
ACT-A02223-3,A02223,2026-03-01,商談
ACT-A02223-4,A02223,2026-03-01,資料送付
ACT-A02225-1,A02225,2026-03-01,電話
ACT-A02226-1,A02226,2026-03-01,電話
ACT-A02226-2,A02226,2026-03-01,メール
ACT-A02227-1,A02227,2026-03-01,電話
ACT-A02227-2,A02227,2026-03-01,メール
ACT-A02227-3,A02227,2026-03-01,商談
ACT-A02227-4,A02227,2026-03-01,資料送付
ACT-A02228-1,A02228,2026-03-01,電話
ACT-A02228-2,A02228,2026-03-01,メール
ACT-A02228-3,A02228,2026-03-01,商談
ACT-A02229-1,A02229,2026-03-04,電話
ACT-A02229-2,A02229,2026-03-01,メール
ACT-A02229-3,A02229,2026-03-01,商談
ACT-A02229-4,A02229,2026-03-01,資料送付
ACT-A02230-1,A02230,2026-03-21,電話
ACT-A02230-2,A02230,2026-03-18,メール
ACT-A02230-3,A02230,2026-03-15,商談
ACT-A02230-4,A02230,2026-03-12,資料送付
ACT-A02232-1,A02232,2026-03-03,電話
ACT-A02232-2,A02232,2026-03-01,メール
ACT-A02232-3,A02232,2026-03-01,商談
ACT-A02233-1,A02233,2026-03-01,電話
ACT-A02234-1,A02234,2026-03-07,電話
ACT-A02234-2,A02234,2026-03-04,メール
ACT-A02234-3,A02234,2026-03-01,商談
ACT-A02236-1,A02236,2026-03-01,電話
ACT-A02237-1,A02237,2026-03-01,電話
ACT-A02237-2,A02237,2026-03-01,メール
ACT-A02237-3,A02237,2026-03-01,商談
ACT-A02238-1,A02238,2026-03-01,電話
ACT-A02238-2,A02238,2026-03-01,メール
ACT-A02239-1,A02239,2026-03-18,電話
ACT-A02239-2,A02239,2026-03-15,メール
ACT-A02239-3,A02239,2026-03-12,商談
ACT-A02240-1,A02240,2026-03-18,電話
ACT-A02240-2,A02240,2026-03-15,メール
ACT-A02240-3,A02240,2026-03-12,商談
ACT-A02241-1,A02241,2026-03-01,電話
ACT-A02241-2,A02241,2026-03-01,メール
ACT-A02241-3,A02241,2026-03-01,商談
ACT-A02242-1,A02242,2026-03-19,電話
ACT-A02242-2,A02242,2026-03-16,メール
ACT-A02242-3,A02242,2026-03-13,商談
ACT-A02242-4,A02242,2026-03-10,資料送付
ACT-A02242-5,A02242,2026-03-07,電話
ACT-A02242-6,A02242,2026-03-04,メール
ACT-A02244-1,A02244,2026-03-01,電話
ACT-A02244-2,A02244,2026-03-01,メール
ACT-A02244-3,A02244,2026-03-01,商談
ACT-A02245-1,A02245,2026-03-01,電話
ACT-A02245-2,A02245,2026-03-01,メール
ACT-A02245-3,A02245,2026-03-01,商談
ACT-A02246-1,A02246,2026-03-01,電話
ACT-A02246-2,A02246,2026-03-01,メール
ACT-A02246-3,A02246,2026-03-01,商談
ACT-A02246-4,A02246,2026-03-01,資料送付
ACT-A02246-5,A02246,2026-03-01,電話
ACT-A02247-1,A02247,2026-03-01,電話
ACT-A02247-2,A02247,2026-03-01,メール
ACT-A02247-3,A02247,2026-03-01,商談
ACT-A02247-4,A02247,2026-03-01,資料送付
ACT-A02247-5,A02247,2026-03-01,電話
ACT-A02248-1,A02248,2026-03-08,電話
ACT-A02248-2,A02248,2026-03-05,メール
ACT-A02249-1,A02249,2026-03-01,電話
ACT-A02249-2,A02249,2026-03-01,メール
ACT-A02251-1,A02251,2026-03-01,電話
ACT-A02252-1,A02252,2026-03-01,電話
ACT-A02252-2,A02252,2026-03-01,メール
ACT-A02252-3,A02252,2026-03-01,商談
ACT-A02253-1,A02253,2026-03-28,電話
ACT-A02253-2,A02253,2026-03-25,メール
ACT-A02253-3,A02253,2026-03-22,商談
ACT-A02253-4,A02253,2026-03-19,資料送付
ACT-A02254-1,A02254,2026-03-06,電話
ACT-A02254-2,A02254,2026-03-03,メール
ACT-A02254-3,A02254,2026-03-01,商談
ACT-A02255-1,A02255,2026-03-01,電話
ACT-A02255-2,A02255,2026-03-01,メール
ACT-A02256-1,A02256,2026-03-01,電話
ACT-A02256-2,A02256,2026-03-01,メール
ACT-A02257-1,A02257,2026-03-01,電話
ACT-A02257-2,A02257,2026-03-01,メール
ACT-A02258-1,A02258,2026-03-01,電話
ACT-A02258-2,A02258,2026-03-01,メール
ACT-A02258-3,A02258,2026-03-01,商談
ACT-A02259-1,A02259,2026-03-01,電話
ACT-A02259-2,A02259,2026-03-01,メール
ACT-A02259-3,A02259,2026-03-01,商談
ACT-A02260-1,A02260,2026-03-07,電話
ACT-A02260-2,A02260,2026-03-04,メール
ACT-A02261-1,A02261,2026-03-01,電話
ACT-A02262-1,A02262,2026-03-23,電話
ACT-A02263-1,A02263,2026-03-01,電話
ACT-A02263-2,A02263,2026-03-01,メール
ACT-A02264-1,A02264,2026-03-01,電話
ACT-A02264-2,A02264,2026-03-01,メール
ACT-A02264-3,A02264,2026-03-01,商談
ACT-A02265-1,A02265,2026-03-20,電話
ACT-A02265-2,A02265,2026-03-17,メール
ACT-A02266-1,A02266,2026-03-05,電話
ACT-A02266-2,A02266,2026-03-02,メール
ACT-A02266-3,A02266,2026-03-01,商談
ACT-A02267-1,A02267,2026-03-01,電話
ACT-A02267-2,A02267,2026-03-01,メール
ACT-A02268-1,A02268,2026-03-01,電話
ACT-A02268-2,A02268,2026-03-01,メール
ACT-A02268-3,A02268,2026-03-01,商談
ACT-A02269-1,A02269,2026-03-26,電話
ACT-A02270-1,A02270,2026-03-01,電話
ACT-A02271-1,A02271,2026-03-21,電話
ACT-A02271-2,A02271,2026-03-18,メール
ACT-A02271-3,A02271,2026-03-15,商談
ACT-A02272-1,A02272,2026-03-01,電話
ACT-A02272-2,A02272,2026-03-01,メール
ACT-A02273-1,A02273,2026-03-01,電話
ACT-A02273-2,A02273,2026-03-01,メール
ACT-A02273-3,A02273,2026-03-01,商談
ACT-A02273-4,A02273,2026-03-01,資料送付
ACT-A02273-5,A02273,2026-03-01,電話
ACT-A02274-1,A02274,2026-03-19,電話
ACT-A02276-1,A02276,2026-03-08,電話
ACT-A02277-1,A02277,2026-03-01,電話
ACT-A02277-2,A02277,2026-03-01,メール
ACT-A02277-3,A02277,2026-03-01,商談
ACT-A02277-4,A02277,2026-03-01,資料送付
ACT-A02277-5,A02277,2026-03-01,電話
ACT-A02277-6,A02277,2026-03-01,メール
ACT-A02279-1,A02279,2026-03-01,電話
ACT-A02279-2,A02279,2026-03-01,メール
ACT-A02279-3,A02279,2026-03-01,商談
ACT-A02279-4,A02279,2026-03-01,資料送付
ACT-A02280-1,A02280,2026-03-01,電話
ACT-A02281-1,A02281,2026-03-01,電話
ACT-A02281-2,A02281,2026-03-01,メール
ACT-A02281-3,A02281,2026-03-01,商談
ACT-A02281-4,A02281,2026-03-01,資料送付
ACT-A02283-1,A02283,2026-03-11,電話
ACT-A02283-2,A02283,2026-03-08,メール
ACT-A02284-1,A02284,2026-03-01,電話
ACT-A02284-2,A02284,2026-03-01,メール
ACT-A02284-3,A02284,2026-03-01,商談
ACT-A02285-1,A02285,2026-03-01,電話
ACT-A02286-1,A02286,2026-03-05,電話
ACT-A02287-1,A02287,2026-03-01,電話
ACT-A02287-2,A02287,2026-03-01,メール
ACT-A02287-3,A02287,2026-03-01,商談
ACT-A02287-4,A02287,2026-03-01,資料送付
ACT-A02287-5,A02287,2026-03-01,電話
ACT-A02288-1,A02288,2026-03-01,電話
ACT-A02289-1,A02289,2026-03-21,電話
ACT-A02289-2,A02289,2026-03-18,メール
ACT-A02289-3,A02289,2026-03-15,商談
ACT-A02290-1,A02290,2026-03-17,電話
ACT-A02291-1,A02291,2026-03-01,電話
ACT-A02291-2,A02291,2026-03-01,メール
ACT-A02293-1,A02293,2026-03-05,電話
ACT-A02293-2,A02293,2026-03-02,メール
ACT-A02293-3,A02293,2026-03-01,商談
ACT-A02293-4,A02293,2026-03-01,資料送付
ACT-A02294-1,A02294,2026-03-01,電話
ACT-A02295-1,A02295,2026-03-01,電話
ACT-A02295-2,A02295,2026-03-01,メール
ACT-A02295-3,A02295,2026-03-01,商談
ACT-A02295-4,A02295,2026-03-01,資料送付
ACT-A02296-1,A02296,2026-03-01,電話
ACT-A02296-2,A02296,2026-03-01,メール
ACT-A02296-3,A02296,2026-03-01,商談
ACT-A02297-1,A02297,2026-03-01,電話
ACT-A02298-1,A02298,2026-03-04,電話
ACT-A02298-2,A02298,2026-03-01,メール
ACT-A02299-1,A02299,2026-03-01,電話
ACT-A02300-1,A02300,2026-03-01,電話
ACT-A02300-2,A02300,2026-03-01,メール
ACT-A02300-3,A02300,2026-03-01,商談
ACT-A02301-1,A02301,2026-03-11,電話
ACT-A02301-2,A02301,2026-03-08,メール
ACT-A02302-1,A02302,2026-03-01,電話
ACT-A02302-2,A02302,2026-03-01,メール
ACT-A02302-3,A02302,2026-03-01,商談
ACT-A02302-4,A02302,2026-03-01,資料送付
ACT-A02302-5,A02302,2026-03-01,電話
ACT-A02303-1,A02303,2026-03-01,電話
ACT-A02303-2,A02303,2026-03-01,メール
ACT-A02304-1,A02304,2026-03-01,電話
ACT-A02304-2,A02304,2026-03-01,メール
ACT-A02305-1,A02305,2026-03-01,電話
ACT-A02306-1,A02306,2026-03-01,電話
ACT-A02306-2,A02306,2026-03-01,メール
ACT-A02306-3,A02306,2026-03-01,商談
ACT-A02307-1,A02307,2026-03-19,電話
ACT-A02307-2,A02307,2026-03-16,メール
ACT-A02308-1,A02308,2026-03-10,電話
ACT-A02308-2,A02308,2026-03-07,メール
ACT-A02308-3,A02308,2026-03-04,商談
ACT-A02309-1,A02309,2026-03-01,電話
ACT-A02310-1,A02310,2026-03-01,電話
ACT-A02310-2,A02310,2026-03-01,メール
ACT-A02311-1,A02311,2026-03-01,電話
ACT-A02311-2,A02311,2026-03-01,メール
ACT-A02311-3,A02311,2026-03-01,商談
ACT-A02311-4,A02311,2026-03-01,資料送付
ACT-A02312-1,A02312,2026-03-28,電話
ACT-A02312-2,A02312,2026-03-25,メール
ACT-A02313-1,A02313,2026-03-01,電話
ACT-A02313-2,A02313,2026-03-01,メール
ACT-A02313-3,A02313,2026-03-01,商談
ACT-A02314-1,A02314,2026-03-01,電話
ACT-A02314-2,A02314,2026-03-01,メール
ACT-A02315-1,A02315,2026-03-01,電話
ACT-A02315-2,A02315,2026-03-01,メール
ACT-A02315-3,A02315,2026-03-01,商談
ACT-A02315-4,A02315,2026-03-01,資料送付
ACT-A02316-1,A02316,2026-03-01,電話
ACT-A02316-2,A02316,2026-03-01,メール
ACT-A02316-3,A02316,2026-03-01,商談
ACT-A02317-1,A02317,2026-03-01,電話
ACT-A02317-2,A02317,2026-03-01,メール
ACT-A02318-1,A02318,2026-03-01,電話
ACT-A02318-2,A02318,2026-03-01,メール
ACT-A02318-3,A02318,2026-03-01,商談
ACT-A02318-4,A02318,2026-03-01,資料送付
ACT-A02318-5,A02318,2026-03-01,電話
ACT-A02318-6,A02318,2026-03-01,メール
ACT-A02318-7,A02318,2026-03-01,商談
ACT-A02318-8,A02318,2026-03-01,資料送付
ACT-A02318-9,A02318,2026-03-01,電話
ACT-A02319-1,A02319,2026-03-01,電話
ACT-A02319-2,A02319,2026-03-01,メール
ACT-A02319-3,A02319,2026-03-01,商談
ACT-A02320-1,A02320,2026-03-01,電話
ACT-A02320-2,A02320,2026-03-01,メール
ACT-A02320-3,A02320,2026-03-01,商談
ACT-A02320-4,A02320,2026-03-01,資料送付
ACT-A02322-1,A02322,2026-03-01,電話
ACT-A02322-2,A02322,2026-03-01,メール
ACT-A02322-3,A02322,2026-03-01,商談
ACT-A02323-1,A02323,2026-03-01,電話
ACT-A02324-1,A02324,2026-03-01,電話
ACT-A02325-1,A02325,2026-03-01,電話
ACT-A02327-1,A02327,2026-03-01,電話
ACT-A02327-2,A02327,2026-03-01,メール
ACT-A02327-3,A02327,2026-03-01,商談
ACT-A02328-1,A02328,2026-03-01,電話
ACT-A02328-2,A02328,2026-03-01,メール
ACT-A02329-1,A02329,2026-03-01,電話
ACT-A02330-1,A02330,2026-03-01,電話
ACT-A02331-1,A02331,2026-03-09,電話
ACT-A02331-2,A02331,2026-03-06,メール
ACT-A02331-3,A02331,2026-03-03,商談
ACT-A02331-4,A02331,2026-03-01,資料送付
ACT-A02332-1,A02332,2026-03-24,電話
ACT-A02332-2,A02332,2026-03-21,メール
ACT-A02332-3,A02332,2026-03-18,商談
ACT-A02333-1,A02333,2026-03-01,電話
ACT-A02333-2,A02333,2026-03-01,メール
ACT-A02334-1,A02334,2026-03-01,電話
ACT-A02334-2,A02334,2026-03-01,メール
ACT-A02335-1,A02335,2026-03-01,電話
ACT-A02335-2,A02335,2026-03-01,メール
ACT-A02335-3,A02335,2026-03-01,商談
ACT-A02335-4,A02335,2026-03-01,資料送付
ACT-A02336-1,A02336,2026-03-01,電話
ACT-A02336-2,A02336,2026-03-01,メール
ACT-A02337-1,A02337,2026-03-26,電話
ACT-A02338-1,A02338,2026-03-05,電話
ACT-A02338-2,A02338,2026-03-02,メール
ACT-A02338-3,A02338,2026-03-01,商談
ACT-A02339-1,A02339,2026-03-02,電話
ACT-A02339-2,A02339,2026-03-01,メール
ACT-A02339-3,A02339,2026-03-01,商談
ACT-A02339-4,A02339,2026-03-01,資料送付
ACT-A02340-1,A02340,2026-03-01,電話
ACT-A02340-2,A02340,2026-03-01,メール
ACT-A02340-3,A02340,2026-03-01,商談
ACT-A02340-4,A02340,2026-03-01,資料送付
ACT-A02340-5,A02340,2026-03-01,電話
ACT-A02340-6,A02340,2026-03-01,メール
ACT-A02341-1,A02341,2026-03-01,電話
ACT-A02341-2,A02341,2026-03-01,メール
ACT-A02342-1,A02342,2026-03-03,電話
ACT-A02342-2,A02342,2026-03-01,メール
ACT-A02343-1,A02343,2026-03-12,電話
ACT-A02343-2,A02343,2026-03-09,メール
ACT-A02343-3,A02343,2026-03-06,商談
ACT-A02343-4,A02343,2026-03-03,資料送付
ACT-A02343-5,A02343,2026-03-01,電話
ACT-A02345-1,A02345,2026-03-01,電話
ACT-A02345-2,A02345,2026-03-01,メール
ACT-A02345-3,A02345,2026-03-01,商談
ACT-A02347-1,A02347,2026-03-01,電話
ACT-A02347-2,A02347,2026-03-01,メール
ACT-A02348-1,A02348,2026-03-01,電話
ACT-A02348-2,A02348,2026-03-01,メール
ACT-A02348-3,A02348,2026-03-01,商談
ACT-A02349-1,A02349,2026-03-01,電話
ACT-A02349-2,A02349,2026-03-01,メール
ACT-A02349-3,A02349,2026-03-01,商談
ACT-A02350-1,A02350,2026-03-01,電話
ACT-A02350-2,A02350,2026-03-01,メール
ACT-A02351-1,A02351,2026-03-21,電話
ACT-A02351-2,A02351,2026-03-18,メール
ACT-A02351-3,A02351,2026-03-15,商談
ACT-A02351-4,A02351,2026-03-12,資料送付
ACT-A02352-1,A02352,2026-03-19,電話
ACT-A02352-2,A02352,2026-03-16,メール
ACT-A02352-3,A02352,2026-03-13,商談
ACT-A02353-1,A02353,2026-03-01,電話
ACT-A02354-1,A02354,2026-03-01,電話
ACT-A02354-2,A02354,2026-03-01,メール
ACT-A02354-3,A02354,2026-03-01,商談
ACT-A02355-1,A02355,2026-03-13,電話
ACT-A02355-2,A02355,2026-03-10,メール
ACT-A02355-3,A02355,2026-03-07,商談
ACT-A02356-1,A02356,2026-03-01,電話
ACT-A02356-2,A02356,2026-03-01,メール
ACT-A02356-3,A02356,2026-03-01,商談
ACT-A02356-4,A02356,2026-03-01,資料送付
ACT-A02358-1,A02358,2026-03-01,電話
ACT-A02358-2,A02358,2026-03-01,メール
ACT-A02358-3,A02358,2026-03-01,商談
ACT-A02359-1,A02359,2026-03-01,電話
ACT-A02359-2,A02359,2026-03-01,メール
ACT-A02360-1,A02360,2026-03-01,電話
ACT-A02360-2,A02360,2026-03-01,メール
ACT-A02360-3,A02360,2026-03-01,商談
ACT-A02360-4,A02360,2026-03-01,資料送付
ACT-A02361-1,A02361,2026-03-03,電話
ACT-A02362-1,A02362,2026-03-01,電話
ACT-A02363-1,A02363,2026-03-01,電話
ACT-A02363-2,A02363,2026-03-01,メール
ACT-A02363-3,A02363,2026-03-01,商談
ACT-A02363-4,A02363,2026-03-01,資料送付
ACT-A02363-5,A02363,2026-03-01,電話
ACT-A02363-6,A02363,2026-03-01,メール
ACT-A02363-7,A02363,2026-03-01,商談
ACT-A02363-8,A02363,2026-03-01,資料送付
ACT-A02364-1,A02364,2026-03-01,電話
ACT-A02365-1,A02365,2026-03-08,電話
ACT-A02365-2,A02365,2026-03-05,メール
ACT-A02365-3,A02365,2026-03-02,商談
ACT-A02365-4,A02365,2026-03-01,資料送付
ACT-A02366-1,A02366,2026-03-01,電話
ACT-A02366-2,A02366,2026-03-01,メール
ACT-A02366-3,A02366,2026-03-01,商談
ACT-A02367-1,A02367,2026-03-01,電話
ACT-A02367-2,A02367,2026-03-01,メール
ACT-A02368-1,A02368,2026-03-01,電話
ACT-A02368-2,A02368,2026-03-01,メール
ACT-A02368-3,A02368,2026-03-01,商談
ACT-A02369-1,A02369,2026-03-01,電話
ACT-A02369-2,A02369,2026-03-01,メール
ACT-A02369-3,A02369,2026-03-01,商談
ACT-A02370-1,A02370,2026-03-01,電話
ACT-A02370-2,A02370,2026-03-01,メール
ACT-A02372-1,A02372,2026-03-01,電話
ACT-A02372-2,A02372,2026-03-01,メール
ACT-A02372-3,A02372,2026-03-01,商談
ACT-A02372-4,A02372,2026-03-01,資料送付
ACT-A02373-1,A02373,2026-03-01,電話
ACT-A02373-2,A02373,2026-03-01,メール
ACT-A02374-1,A02374,2026-03-01,電話
ACT-A02374-2,A02374,2026-03-01,メール
ACT-A02374-3,A02374,2026-03-01,商談
ACT-A02374-4,A02374,2026-03-01,資料送付
ACT-A02374-5,A02374,2026-03-01,電話
ACT-A02374-6,A02374,2026-03-01,メール
ACT-A02375-1,A02375,2026-03-01,電話
ACT-A02375-2,A02375,2026-03-01,メール
ACT-A02375-3,A02375,2026-03-01,商談
ACT-A02375-4,A02375,2026-03-01,資料送付
ACT-A02376-1,A02376,2026-03-01,電話
ACT-A02376-2,A02376,2026-03-01,メール
ACT-A02376-3,A02376,2026-03-01,商談
ACT-A02376-4,A02376,2026-03-01,資料送付
ACT-A02376-5,A02376,2026-03-01,電話
ACT-A02376-6,A02376,2026-03-01,メール
ACT-A02376-7,A02376,2026-03-01,商談
ACT-A02377-1,A02377,2026-03-01,電話
ACT-A02378-1,A02378,2026-03-01,電話
ACT-A02378-2,A02378,2026-03-01,メール
ACT-A02379-1,A02379,2026-03-01,電話
ACT-A02379-2,A02379,2026-03-01,メール
ACT-A02379-3,A02379,2026-03-01,商談
ACT-A02379-4,A02379,2026-03-01,資料送付
ACT-A02379-5,A02379,2026-03-01,電話
ACT-A02380-1,A02380,2026-03-01,電話
ACT-A02381-1,A02381,2026-03-01,電話
ACT-A02382-1,A02382,2026-03-01,電話
ACT-A02382-2,A02382,2026-03-01,メール
ACT-A02382-3,A02382,2026-03-01,商談
ACT-A02382-4,A02382,2026-03-01,資料送付
ACT-A02383-1,A02383,2026-03-01,電話
ACT-A02383-2,A02383,2026-03-01,メール
ACT-A02384-1,A02384,2026-03-20,電話
ACT-A02384-2,A02384,2026-03-17,メール
ACT-A02384-3,A02384,2026-03-14,商談
ACT-A02384-4,A02384,2026-03-11,資料送付
ACT-A02385-1,A02385,2026-03-01,電話
ACT-A02386-1,A02386,2026-03-21,電話
ACT-A02386-2,A02386,2026-03-18,メール
ACT-A02387-1,A02387,2026-03-01,電話
ACT-A02388-1,A02388,2026-03-01,電話
ACT-A02388-2,A02388,2026-03-01,メール
ACT-A02389-1,A02389,2026-03-01,電話
ACT-A02389-2,A02389,2026-03-01,メール
ACT-A02390-1,A02390,2026-03-01,電話
ACT-A02390-2,A02390,2026-03-01,メール
ACT-A02390-3,A02390,2026-03-01,商談
ACT-A02392-1,A02392,2026-03-01,電話
ACT-A02393-1,A02393,2026-03-01,電話
ACT-A02393-2,A02393,2026-03-01,メール
ACT-A02393-3,A02393,2026-03-01,商談
ACT-A02394-1,A02394,2026-03-01,電話
ACT-A02395-1,A02395,2026-03-01,電話
ACT-A02395-2,A02395,2026-03-01,メール
ACT-A02395-3,A02395,2026-03-01,商談
ACT-A02396-1,A02396,2026-03-01,電話
ACT-A02396-2,A02396,2026-03-01,メール
ACT-A02396-3,A02396,2026-03-01,商談
ACT-A02397-1,A02397,2026-03-09,電話
ACT-A02397-2,A02397,2026-03-06,メール
ACT-A02397-3,A02397,2026-03-03,商談
ACT-A02398-1,A02398,2026-03-17,電話
ACT-A02398-2,A02398,2026-03-14,メール
ACT-A02400-1,A02400,2026-03-01,電話
ACT-A02400-2,A02400,2026-03-01,メール
ACT-A02401-1,A02401,2026-03-01,電話
ACT-A02402-1,A02402,2026-03-27,電話
ACT-A02402-2,A02402,2026-03-24,メール
ACT-A02403-1,A02403,2026-03-14,電話
ACT-A02403-2,A02403,2026-03-11,メール
ACT-A02403-3,A02403,2026-03-08,商談
ACT-A02403-4,A02403,2026-03-05,資料送付
ACT-A02404-1,A02404,2026-03-01,電話
ACT-A02404-2,A02404,2026-03-01,メール
ACT-A02404-3,A02404,2026-03-01,商談
ACT-A02405-1,A02405,2026-03-01,電話
ACT-A02405-2,A02405,2026-03-01,メール
ACT-A02405-3,A02405,2026-03-01,商談
ACT-A02405-4,A02405,2026-03-01,資料送付
ACT-A02405-5,A02405,2026-03-01,電話
ACT-A02405-6,A02405,2026-03-01,メール
ACT-A02406-1,A02406,2026-03-27,電話
ACT-A02407-1,A02407,2026-03-01,電話
ACT-A02407-2,A02407,2026-03-01,メール
ACT-A02407-3,A02407,2026-03-01,商談
ACT-A02408-1,A02408,2026-03-13,電話
ACT-A02408-2,A02408,2026-03-10,メール
ACT-A02409-1,A02409,2026-03-01,電話
ACT-A02410-1,A02410,2026-03-01,電話
ACT-A02410-2,A02410,2026-03-01,メール
ACT-A02411-1,A02411,2026-03-04,電話
ACT-A02411-2,A02411,2026-03-01,メール
ACT-A02411-3,A02411,2026-03-01,商談
ACT-A02412-1,A02412,2026-03-01,電話
ACT-A02412-2,A02412,2026-03-01,メール
ACT-A02412-3,A02412,2026-03-01,商談
ACT-A02413-1,A02413,2026-03-01,電話
ACT-A02413-2,A02413,2026-03-01,メール
ACT-A02413-3,A02413,2026-03-01,商談
ACT-A02413-4,A02413,2026-03-01,資料送付
ACT-A02413-5,A02413,2026-03-01,電話
ACT-A02414-1,A02414,2026-03-01,電話
ACT-A02414-2,A02414,2026-03-01,メール
ACT-A02415-1,A02415,2026-03-01,電話
ACT-A02415-2,A02415,2026-03-01,メール
ACT-A02415-3,A02415,2026-03-01,商談
ACT-A02415-4,A02415,2026-03-01,資料送付
ACT-A02415-5,A02415,2026-03-01,電話
ACT-A02416-1,A02416,2026-03-01,電話
ACT-A02417-1,A02417,2026-03-26,電話
ACT-A02417-2,A02417,2026-03-23,メール
ACT-A02417-3,A02417,2026-03-20,商談
ACT-A02417-4,A02417,2026-03-17,資料送付
ACT-A02417-5,A02417,2026-03-14,電話
ACT-A02418-1,A02418,2026-03-01,電話
ACT-A02418-2,A02418,2026-03-01,メール
ACT-A02419-1,A02419,2026-03-01,電話
ACT-A02419-2,A02419,2026-03-01,メール
ACT-A02419-3,A02419,2026-03-01,商談
ACT-A02419-4,A02419,2026-03-01,資料送付
ACT-A02420-1,A02420,2026-03-10,電話
ACT-A02420-2,A02420,2026-03-07,メール
ACT-A02420-3,A02420,2026-03-04,商談
ACT-A02421-1,A02421,2026-03-01,電話
ACT-A02421-2,A02421,2026-03-01,メール
ACT-A02422-1,A02422,2026-03-18,電話
ACT-A02422-2,A02422,2026-03-15,メール
ACT-A02422-3,A02422,2026-03-12,商談
ACT-A02423-1,A02423,2026-03-01,電話
ACT-A02423-2,A02423,2026-03-01,メール
ACT-A02424-1,A02424,2026-03-01,電話
ACT-A02424-2,A02424,2026-03-01,メール
ACT-A02424-3,A02424,2026-03-01,商談
ACT-A02424-4,A02424,2026-03-01,資料送付
ACT-A02424-5,A02424,2026-03-01,電話
ACT-A02424-6,A02424,2026-03-01,メール
ACT-A02425-1,A02425,2026-03-01,電話
ACT-A02426-1,A02426,2026-03-01,電話
ACT-A02426-2,A02426,2026-03-01,メール
ACT-A02427-1,A02427,2026-03-13,電話
ACT-A02427-2,A02427,2026-03-10,メール
ACT-A02428-1,A02428,2026-03-01,電話
ACT-A02428-2,A02428,2026-03-01,メール
ACT-A02428-3,A02428,2026-03-01,商談
ACT-A02429-1,A02429,2026-03-01,電話
ACT-A02429-2,A02429,2026-03-01,メール
ACT-A02430-1,A02430,2026-03-01,電話
ACT-A02430-2,A02430,2026-03-01,メール
ACT-A02430-3,A02430,2026-03-01,商談
ACT-A02431-1,A02431,2026-03-01,電話
ACT-A02431-2,A02431,2026-03-01,メール
ACT-A02432-1,A02432,2026-03-01,電話
ACT-A02432-2,A02432,2026-03-01,メール
ACT-A02433-1,A02433,2026-03-01,電話
ACT-A02433-2,A02433,2026-03-01,メール
ACT-A02433-3,A02433,2026-03-01,商談
ACT-A02433-4,A02433,2026-03-01,資料送付
ACT-A02433-5,A02433,2026-03-01,電話
ACT-A02434-1,A02434,2026-03-01,電話
ACT-A02434-2,A02434,2026-03-01,メール
ACT-A02434-3,A02434,2026-03-01,商談
ACT-A02434-4,A02434,2026-03-01,資料送付
ACT-A02435-1,A02435,2026-03-01,電話
ACT-A02435-2,A02435,2026-03-01,メール
ACT-A02435-3,A02435,2026-03-01,商談
ACT-A02435-4,A02435,2026-03-01,資料送付
ACT-A02437-1,A02437,2026-03-01,電話
ACT-A02437-2,A02437,2026-03-01,メール
ACT-A02437-3,A02437,2026-03-01,商談
ACT-A02437-4,A02437,2026-03-01,資料送付
ACT-A02438-1,A02438,2026-03-01,電話
ACT-A02438-2,A02438,2026-03-01,メール
ACT-A02438-3,A02438,2026-03-01,商談
ACT-A02438-4,A02438,2026-03-01,資料送付
ACT-A02439-1,A02439,2026-03-20,電話
ACT-A02439-2,A02439,2026-03-17,メール
ACT-A02441-1,A02441,2026-03-01,電話
ACT-A02441-2,A02441,2026-03-01,メール
ACT-A02441-3,A02441,2026-03-01,商談
ACT-A02442-1,A02442,2026-03-13,電話
ACT-A02442-2,A02442,2026-03-10,メール
ACT-A02443-1,A02443,2026-03-01,電話
ACT-A02444-1,A02444,2026-03-01,電話
ACT-A02444-2,A02444,2026-03-01,メール
ACT-A02445-1,A02445,2026-03-01,電話
ACT-A02445-2,A02445,2026-03-01,メール
ACT-A02445-3,A02445,2026-03-01,商談
ACT-A02448-1,A02448,2026-03-16,電話
ACT-A02448-2,A02448,2026-03-13,メール
ACT-A02448-3,A02448,2026-03-10,商談
ACT-A02448-4,A02448,2026-03-07,資料送付
ACT-A02449-1,A02449,2026-03-19,電話
ACT-A02449-2,A02449,2026-03-16,メール
ACT-A02450-1,A02450,2026-03-16,電話
ACT-A02450-2,A02450,2026-03-13,メール
ACT-A02451-1,A02451,2026-03-01,電話
ACT-A02451-2,A02451,2026-03-01,メール
ACT-A02451-3,A02451,2026-03-01,商談
ACT-A02452-1,A02452,2026-03-01,電話
ACT-A02452-2,A02452,2026-03-01,メール
ACT-A02453-1,A02453,2026-03-01,電話
ACT-A02453-2,A02453,2026-03-01,メール
ACT-A02453-3,A02453,2026-03-01,商談
ACT-A02454-1,A02454,2026-03-01,電話
ACT-A02454-2,A02454,2026-03-01,メール
ACT-A02454-3,A02454,2026-03-01,商談
ACT-A02454-4,A02454,2026-03-01,資料送付
ACT-A02455-1,A02455,2026-03-01,電話
ACT-A02455-2,A02455,2026-03-01,メール
ACT-A02455-3,A02455,2026-03-01,商談
ACT-A02455-4,A02455,2026-03-01,資料送付
ACT-A02456-1,A02456,2026-03-01,電話
ACT-A02456-2,A02456,2026-03-01,メール
ACT-A02456-3,A02456,2026-03-01,商談
ACT-A02456-4,A02456,2026-03-01,資料送付
ACT-A02456-5,A02456,2026-03-01,電話
ACT-A02459-1,A02459,2026-03-09,電話
ACT-A02459-2,A02459,2026-03-06,メール
ACT-A02460-1,A02460,2026-03-01,電話
ACT-A02460-2,A02460,2026-03-01,メール
ACT-A02460-3,A02460,2026-03-01,商談
ACT-A02460-4,A02460,2026-03-01,資料送付
ACT-A02460-5,A02460,2026-03-01,電話
ACT-A02460-6,A02460,2026-03-01,メール
ACT-A02461-1,A02461,2026-03-01,電話
ACT-A02461-2,A02461,2026-03-01,メール
ACT-A02461-3,A02461,2026-03-01,商談
ACT-A02462-1,A02462,2026-03-01,電話
ACT-A02462-2,A02462,2026-03-01,メール
ACT-A02463-1,A02463,2026-03-01,電話
ACT-A02464-1,A02464,2026-03-01,電話
ACT-A02464-2,A02464,2026-03-01,メール
ACT-A02464-3,A02464,2026-03-01,商談
ACT-A02464-4,A02464,2026-03-01,資料送付
ACT-A02465-1,A02465,2026-03-10,電話
ACT-A02465-2,A02465,2026-03-07,メール
ACT-A02465-3,A02465,2026-03-04,商談
ACT-A02466-1,A02466,2026-03-01,電話
ACT-A02466-2,A02466,2026-03-01,メール
ACT-A02466-3,A02466,2026-03-01,商談
ACT-A02467-1,A02467,2026-03-09,電話
ACT-A02467-2,A02467,2026-03-06,メール
ACT-A02467-3,A02467,2026-03-03,商談
ACT-A02467-4,A02467,2026-03-01,資料送付
ACT-A02468-1,A02468,2026-03-01,電話
ACT-A02469-1,A02469,2026-03-26,電話
ACT-A02469-2,A02469,2026-03-23,メール
ACT-A02469-3,A02469,2026-03-20,商談
ACT-A02470-1,A02470,2026-03-01,電話
ACT-A02470-2,A02470,2026-03-01,メール
ACT-A02471-1,A02471,2026-03-01,電話
ACT-A02471-2,A02471,2026-03-01,メール
ACT-A02471-3,A02471,2026-03-01,商談
ACT-A02471-4,A02471,2026-03-01,資料送付
ACT-A02471-5,A02471,2026-03-01,電話
ACT-A02472-1,A02472,2026-03-01,電話
ACT-A02472-2,A02472,2026-03-01,メール
ACT-A02472-3,A02472,2026-03-01,商談
ACT-A02474-1,A02474,2026-03-05,電話
ACT-A02474-2,A02474,2026-03-02,メール
ACT-A02474-3,A02474,2026-03-01,商談
ACT-A02475-1,A02475,2026-03-01,電話
ACT-A02475-2,A02475,2026-03-01,メール
ACT-A02476-1,A02476,2026-03-20,電話
ACT-A02476-2,A02476,2026-03-17,メール
ACT-A02478-1,A02478,2026-03-01,電話
ACT-A02478-2,A02478,2026-03-01,メール
ACT-A02478-3,A02478,2026-03-01,商談
ACT-A02478-4,A02478,2026-03-01,資料送付
ACT-A02479-1,A02479,2026-03-01,電話
ACT-A02480-1,A02480,2026-03-01,電話
ACT-A02480-2,A02480,2026-03-01,メール
ACT-A02481-1,A02481,2026-03-08,電話
ACT-A02482-1,A02482,2026-03-23,電話
ACT-A02482-2,A02482,2026-03-20,メール
ACT-A02483-1,A02483,2026-03-01,電話
ACT-A02483-2,A02483,2026-03-01,メール
ACT-A02484-1,A02484,2026-03-01,電話
ACT-A02484-2,A02484,2026-03-01,メール
ACT-A02485-1,A02485,2026-03-01,電話
ACT-A02485-2,A02485,2026-03-01,メール
ACT-A02485-3,A02485,2026-03-01,商談
ACT-A02485-4,A02485,2026-03-01,資料送付
ACT-A02485-5,A02485,2026-03-01,電話
ACT-A02486-1,A02486,2026-03-01,電話
ACT-A02486-2,A02486,2026-03-01,メール
ACT-A02486-3,A02486,2026-03-01,商談
ACT-A02487-1,A02487,2026-03-01,電話
ACT-A02487-2,A02487,2026-03-01,メール
ACT-A02488-1,A02488,2026-03-01,電話
ACT-A02488-2,A02488,2026-03-01,メール
ACT-A02488-3,A02488,2026-03-01,商談
ACT-A02489-1,A02489,2026-03-01,電話
ACT-A02489-2,A02489,2026-03-01,メール
ACT-A02489-3,A02489,2026-03-01,商談
ACT-A02489-4,A02489,2026-03-01,資料送付
ACT-A02489-5,A02489,2026-03-01,電話
ACT-A02490-1,A02490,2026-03-01,電話
ACT-A02490-2,A02490,2026-03-01,メール
ACT-A02491-1,A02491,2026-03-01,電話
ACT-A02491-2,A02491,2026-03-01,メール
ACT-A02491-3,A02491,2026-03-01,商談
ACT-A02491-4,A02491,2026-03-01,資料送付
ACT-A02492-1,A02492,2026-03-01,電話
ACT-A02492-2,A02492,2026-03-01,メール
ACT-A02493-1,A02493,2026-03-01,電話
ACT-A02494-1,A02494,2026-03-01,電話
ACT-A02494-2,A02494,2026-03-01,メール
ACT-A02494-3,A02494,2026-03-01,商談
ACT-A02494-4,A02494,2026-03-01,資料送付
ACT-A02495-1,A02495,2026-03-01,電話
ACT-A02495-2,A02495,2026-03-01,メール
ACT-A02495-3,A02495,2026-03-01,商談
ACT-A02495-4,A02495,2026-03-01,資料送付
ACT-A02495-5,A02495,2026-03-01,電話
ACT-A02496-1,A02496,2026-03-12,電話
ACT-A02496-2,A02496,2026-03-09,メール
ACT-A02496-3,A02496,2026-03-06,商談
ACT-A02497-1,A02497,2026-03-21,電話
ACT-A02497-2,A02497,2026-03-18,メール
ACT-A02497-3,A02497,2026-03-15,商談
ACT-A02497-4,A02497,2026-03-12,資料送付
ACT-A02497-5,A02497,2026-03-09,電話
ACT-A02497-6,A02497,2026-03-06,メール
ACT-A02497-7,A02497,2026-03-03,商談
ACT-A02497-8,A02497,2026-03-01,資料送付
ACT-A02498-1,A02498,2026-03-01,電話
ACT-A02498-2,A02498,2026-03-01,メール
ACT-A02498-3,A02498,2026-03-01,商談
ACT-A02498-4,A02498,2026-03-01,資料送付
ACT-A02499-1,A02499,2026-03-01,電話
ACT-A02499-2,A02499,2026-03-01,メール
ACT-A02499-3,A02499,2026-03-01,商談
ACT-A02500-1,A02500,2026-03-01,電話
ACT-A02500-2,A02500,2026-03-01,メール
ACT-A02500-3,A02500,2026-03-01,商談
ACT-A02500-4,A02500,2026-03-01,資料送付
ACT-A02500-5,A02500,2026-03-01,電話
ACT-A02501-1,A02501,2026-03-01,電話
ACT-A02502-1,A02502,2026-03-01,電話
ACT-A02502-2,A02502,2026-03-01,メール
ACT-A02502-3,A02502,2026-03-01,商談
ACT-A02502-4,A02502,2026-03-01,資料送付
ACT-A02504-1,A02504,2026-03-01,電話
ACT-A02504-2,A02504,2026-03-01,メール
ACT-A02505-1,A02505,2026-03-01,電話
ACT-A02505-2,A02505,2026-03-01,メール
ACT-A02505-3,A02505,2026-03-01,商談
ACT-A02505-4,A02505,2026-03-01,資料送付
ACT-A02506-1,A02506,2026-03-01,電話
ACT-A02506-2,A02506,2026-03-01,メール
ACT-A02507-1,A02507,2026-03-01,電話
ACT-A02507-2,A02507,2026-03-01,メール
ACT-A02508-1,A02508,2026-03-01,電話
ACT-A02509-1,A02509,2026-03-01,電話
ACT-A02509-2,A02509,2026-03-01,メール
ACT-A02509-3,A02509,2026-03-01,商談
ACT-A02510-1,A02510,2026-03-01,電話
ACT-A02510-2,A02510,2026-03-01,メール
ACT-A02510-3,A02510,2026-03-01,商談
ACT-A02510-4,A02510,2026-03-01,資料送付
ACT-A02511-1,A02511,2026-03-01,電話
ACT-A02511-2,A02511,2026-03-01,メール
ACT-A02511-3,A02511,2026-03-01,商談
ACT-A02514-1,A02514,2026-03-01,電話
ACT-A02514-2,A02514,2026-03-01,メール
ACT-A02515-1,A02515,2026-03-01,電話
ACT-A02515-2,A02515,2026-03-01,メール
ACT-A02515-3,A02515,2026-03-01,商談
ACT-A02516-1,A02516,2026-03-01,電話
ACT-A02517-1,A02517,2026-03-20,電話
ACT-A02517-2,A02517,2026-03-17,メール
ACT-A02517-3,A02517,2026-03-14,商談
ACT-A02517-4,A02517,2026-03-11,資料送付
ACT-A02518-1,A02518,2026-03-13,電話
ACT-A02518-2,A02518,2026-03-10,メール
ACT-A02518-3,A02518,2026-03-07,商談
ACT-A02518-4,A02518,2026-03-04,資料送付
ACT-A02518-5,A02518,2026-03-01,電話
ACT-A02519-1,A02519,2026-03-01,電話
ACT-A02519-2,A02519,2026-03-01,メール
ACT-A02519-3,A02519,2026-03-01,商談
ACT-A02521-1,A02521,2026-03-01,電話
ACT-A02521-2,A02521,2026-03-01,メール
ACT-A02521-3,A02521,2026-03-01,商談
ACT-A02521-4,A02521,2026-03-01,資料送付
ACT-A02521-5,A02521,2026-03-01,電話
ACT-A02522-1,A02522,2026-03-01,電話
ACT-A02522-2,A02522,2026-03-01,メール
ACT-A02522-3,A02522,2026-03-01,商談
ACT-A02523-1,A02523,2026-03-17,電話
ACT-A02523-2,A02523,2026-03-14,メール
ACT-A02524-1,A02524,2026-03-01,電話
ACT-A02525-1,A02525,2026-03-01,電話
ACT-A02526-1,A02526,2026-03-01,電話
ACT-A02526-2,A02526,2026-03-01,メール
ACT-A02526-3,A02526,2026-03-01,商談
ACT-A02526-4,A02526,2026-03-01,資料送付
ACT-A02526-5,A02526,2026-03-01,電話
ACT-A02526-6,A02526,2026-03-01,メール
ACT-A02527-1,A02527,2026-03-01,電話
ACT-A02528-1,A02528,2026-03-01,電話
ACT-A02528-2,A02528,2026-03-01,メール
ACT-A02528-3,A02528,2026-03-01,商談
ACT-A02529-1,A02529,2026-03-01,電話
ACT-A02529-2,A02529,2026-03-01,メール
ACT-A02529-3,A02529,2026-03-01,商談
ACT-A02530-1,A02530,2026-03-01,電話
ACT-A02530-2,A02530,2026-03-01,メール
ACT-A02531-1,A02531,2026-03-01,電話
ACT-A02531-2,A02531,2026-03-01,メール
ACT-A02531-3,A02531,2026-03-01,商談
ACT-A02531-4,A02531,2026-03-01,資料送付
ACT-A02532-1,A02532,2026-03-07,電話
ACT-A02532-2,A02532,2026-03-04,メール
ACT-A02532-3,A02532,2026-03-01,商談
ACT-A02533-1,A02533,2026-03-01,電話
ACT-A02534-1,A02534,2026-03-01,電話
ACT-A02534-2,A02534,2026-03-01,メール
ACT-A02534-3,A02534,2026-03-01,商談
ACT-A02535-1,A02535,2026-03-01,電話
ACT-A02536-1,A02536,2026-03-01,電話
ACT-A02536-2,A02536,2026-03-01,メール
ACT-A02536-3,A02536,2026-03-01,商談
ACT-A02536-4,A02536,2026-03-01,資料送付
ACT-A02537-1,A02537,2026-03-01,電話
ACT-A02538-1,A02538,2026-03-01,電話
ACT-A02538-2,A02538,2026-03-01,メール
ACT-A02538-3,A02538,2026-03-01,商談
ACT-A02539-1,A02539,2026-03-21,電話
ACT-A02539-2,A02539,2026-03-18,メール
ACT-A02539-3,A02539,2026-03-15,商談
ACT-A02539-4,A02539,2026-03-12,資料送付
ACT-A02540-1,A02540,2026-03-01,電話
ACT-A02540-2,A02540,2026-03-01,メール
ACT-A02540-3,A02540,2026-03-01,商談
ACT-A02540-4,A02540,2026-03-01,資料送付
ACT-A02540-5,A02540,2026-03-01,電話
ACT-A02540-6,A02540,2026-03-01,メール
ACT-A02541-1,A02541,2026-03-01,電話
ACT-A02541-2,A02541,2026-03-01,メール
ACT-A02541-3,A02541,2026-03-01,商談
ACT-A02541-4,A02541,2026-03-01,資料送付
ACT-A02541-5,A02541,2026-03-01,電話
ACT-A02542-1,A02542,2026-03-01,電話
ACT-A02543-1,A02543,2026-03-01,電話
ACT-A02544-1,A02544,2026-03-01,電話
ACT-A02544-2,A02544,2026-03-01,メール
ACT-A02544-3,A02544,2026-03-01,商談
ACT-A02545-1,A02545,2026-03-07,電話
ACT-A02545-2,A02545,2026-03-04,メール
ACT-A02545-3,A02545,2026-03-01,商談
ACT-A02546-1,A02546,2026-03-01,電話
ACT-A02546-2,A02546,2026-03-01,メール
ACT-A02546-3,A02546,2026-03-01,商談
ACT-A02547-1,A02547,2026-03-01,電話
ACT-A02547-2,A02547,2026-03-01,メール
ACT-A02548-1,A02548,2026-03-17,電話
ACT-A02548-2,A02548,2026-03-14,メール
ACT-A02549-1,A02549,2026-03-20,電話
ACT-A02549-2,A02549,2026-03-17,メール
ACT-A02551-1,A02551,2026-03-01,電話
ACT-A02551-2,A02551,2026-03-01,メール
ACT-A02552-1,A02552,2026-03-01,電話
ACT-A02553-1,A02553,2026-03-01,電話
ACT-A02554-1,A02554,2026-03-25,電話
ACT-A02554-2,A02554,2026-03-22,メール
ACT-A02554-3,A02554,2026-03-19,商談
ACT-A02555-1,A02555,2026-03-01,電話
ACT-A02555-2,A02555,2026-03-01,メール
ACT-A02555-3,A02555,2026-03-01,商談
ACT-A02556-1,A02556,2026-03-01,電話
ACT-A02556-2,A02556,2026-03-01,メール
ACT-A02557-1,A02557,2026-03-01,電話
ACT-A02558-1,A02558,2026-03-01,電話
ACT-A02558-2,A02558,2026-03-01,メール
ACT-A02559-1,A02559,2026-03-01,電話
ACT-A02559-2,A02559,2026-03-01,メール
ACT-A02560-1,A02560,2026-03-01,電話
ACT-A02560-2,A02560,2026-03-01,メール
ACT-A02560-3,A02560,2026-03-01,商談
ACT-A02561-1,A02561,2026-03-01,電話
ACT-A02561-2,A02561,2026-03-01,メール
ACT-A02561-3,A02561,2026-03-01,商談
ACT-A02562-1,A02562,2026-03-01,電話
ACT-A02562-2,A02562,2026-03-01,メール
ACT-A02562-3,A02562,2026-03-01,商談
ACT-A02563-1,A02563,2026-03-01,電話
ACT-A02563-2,A02563,2026-03-01,メール
ACT-A02564-1,A02564,2026-03-01,電話
ACT-A02564-2,A02564,2026-03-01,メール
ACT-A02564-3,A02564,2026-03-01,商談
ACT-A02565-1,A02565,2026-03-01,電話
ACT-A02566-1,A02566,2026-03-01,電話
ACT-A02566-2,A02566,2026-03-01,メール
ACT-A02566-3,A02566,2026-03-01,商談
ACT-A02566-4,A02566,2026-03-01,資料送付
ACT-A02566-5,A02566,2026-03-01,電話
ACT-A02566-6,A02566,2026-03-01,メール
ACT-A02566-7,A02566,2026-03-01,商談
ACT-A02566-8,A02566,2026-03-01,資料送付
ACT-A02566-9,A02566,2026-03-01,電話
ACT-A02567-1,A02567,2026-03-03,電話
ACT-A02567-2,A02567,2026-03-01,メール
ACT-A02568-1,A02568,2026-03-01,電話
ACT-A02568-2,A02568,2026-03-01,メール
ACT-A02569-1,A02569,2026-03-24,電話
ACT-A02569-2,A02569,2026-03-21,メール
ACT-A02569-3,A02569,2026-03-18,商談
ACT-A02569-4,A02569,2026-03-15,資料送付
ACT-A02569-5,A02569,2026-03-12,電話
ACT-A02570-1,A02570,2026-03-01,電話
ACT-A02570-2,A02570,2026-03-01,メール
ACT-A02571-1,A02571,2026-03-10,電話
ACT-A02571-2,A02571,2026-03-07,メール
ACT-A02572-1,A02572,2026-03-01,電話
ACT-A02573-1,A02573,2026-03-01,電話
ACT-A02573-2,A02573,2026-03-01,メール
ACT-A02574-1,A02574,2026-03-01,電話
ACT-A02575-1,A02575,2026-03-01,電話
ACT-A02575-2,A02575,2026-03-01,メール
ACT-A02575-3,A02575,2026-03-01,商談
ACT-A02575-4,A02575,2026-03-01,資料送付
ACT-A02575-5,A02575,2026-03-01,電話
ACT-A02578-1,A02578,2026-03-23,電話
ACT-A02578-2,A02578,2026-03-20,メール
ACT-A02578-3,A02578,2026-03-17,商談
ACT-A02578-4,A02578,2026-03-14,資料送付
ACT-A02579-1,A02579,2026-03-01,電話
ACT-A02579-2,A02579,2026-03-01,メール
ACT-A02580-1,A02580,2026-03-01,電話
ACT-A02580-2,A02580,2026-03-01,メール
ACT-A02581-1,A02581,2026-03-17,電話
ACT-A02581-2,A02581,2026-03-14,メール
ACT-A02582-1,A02582,2026-03-01,電話
ACT-A02582-2,A02582,2026-03-01,メール
ACT-A02582-3,A02582,2026-03-01,商談
ACT-A02584-1,A02584,2026-03-01,電話
ACT-A02584-2,A02584,2026-03-01,メール
ACT-A02585-1,A02585,2026-03-22,電話
ACT-A02585-2,A02585,2026-03-19,メール
ACT-A02585-3,A02585,2026-03-16,商談
ACT-A02585-4,A02585,2026-03-13,資料送付
ACT-A02586-1,A02586,2026-03-01,電話
ACT-A02587-1,A02587,2026-03-01,電話
ACT-A02587-2,A02587,2026-03-01,メール
ACT-A02587-3,A02587,2026-03-01,商談
ACT-A02587-4,A02587,2026-03-01,資料送付
ACT-A02587-5,A02587,2026-03-01,電話
ACT-A02587-6,A02587,2026-03-01,メール
ACT-A02588-1,A02588,2026-03-01,電話
ACT-A02588-2,A02588,2026-03-01,メール
ACT-A02588-3,A02588,2026-03-01,商談
ACT-A02590-1,A02590,2026-03-01,電話
ACT-A02590-2,A02590,2026-03-01,メール
ACT-A02590-3,A02590,2026-03-01,商談
ACT-A02590-4,A02590,2026-03-01,資料送付
ACT-A02590-5,A02590,2026-03-01,電話
ACT-A02591-1,A02591,2026-03-01,電話
ACT-A02591-2,A02591,2026-03-01,メール
ACT-A02591-3,A02591,2026-03-01,商談
ACT-A02591-4,A02591,2026-03-01,資料送付
ACT-A02592-1,A02592,2026-03-01,電話
ACT-A02592-2,A02592,2026-03-01,メール
ACT-A02593-1,A02593,2026-03-01,電話
ACT-A02593-2,A02593,2026-03-01,メール
ACT-A02593-3,A02593,2026-03-01,商談
ACT-A02594-1,A02594,2026-03-01,電話
ACT-A02595-1,A02595,2026-03-27,電話
ACT-A02595-2,A02595,2026-03-24,メール
ACT-A02595-3,A02595,2026-03-21,商談
ACT-A02595-4,A02595,2026-03-18,資料送付
ACT-A02596-1,A02596,2026-03-01,電話
ACT-A02596-2,A02596,2026-03-01,メール
ACT-A02596-3,A02596,2026-03-01,商談
ACT-A02597-1,A02597,2026-03-04,電話
ACT-A02597-2,A02597,2026-03-01,メール
ACT-A02597-3,A02597,2026-03-01,商談
ACT-A02597-4,A02597,2026-03-01,資料送付
ACT-A02598-1,A02598,2026-03-01,電話
ACT-A02599-1,A02599,2026-03-19,電話
ACT-A02599-2,A02599,2026-03-16,メール
ACT-A02600-1,A02600,2026-03-05,電話
ACT-A02601-1,A02601,2026-03-06,電話
ACT-A02602-1,A02602,2026-03-01,電話
ACT-A02602-2,A02602,2026-03-01,メール
ACT-A02602-3,A02602,2026-03-01,商談
ACT-A02602-4,A02602,2026-03-01,資料送付
ACT-A02602-5,A02602,2026-03-01,電話
ACT-A02603-1,A02603,2026-03-01,電話
ACT-A02603-2,A02603,2026-03-01,メール
ACT-A02603-3,A02603,2026-03-01,商談
ACT-A02603-4,A02603,2026-03-01,資料送付
ACT-A02604-1,A02604,2026-03-01,電話
ACT-A02604-2,A02604,2026-03-01,メール
ACT-A02604-3,A02604,2026-03-01,商談
ACT-A02605-1,A02605,2026-03-06,電話
ACT-A02605-2,A02605,2026-03-03,メール
ACT-A02605-3,A02605,2026-03-01,商談
ACT-A02605-4,A02605,2026-03-01,資料送付
ACT-A02605-5,A02605,2026-03-01,電話
ACT-A02605-6,A02605,2026-03-01,メール
ACT-A02606-1,A02606,2026-03-01,電話
ACT-A02606-2,A02606,2026-03-01,メール
ACT-A02606-3,A02606,2026-03-01,商談
ACT-A02607-1,A02607,2026-03-01,電話
ACT-A02608-1,A02608,2026-03-01,電話
ACT-A02608-2,A02608,2026-03-01,メール
ACT-A02608-3,A02608,2026-03-01,商談
ACT-A02609-1,A02609,2026-03-01,電話
ACT-A02609-2,A02609,2026-03-01,メール
ACT-A02609-3,A02609,2026-03-01,商談
ACT-A02609-4,A02609,2026-03-01,資料送付
ACT-A02610-1,A02610,2026-03-14,電話
ACT-A02610-2,A02610,2026-03-11,メール
ACT-A02610-3,A02610,2026-03-08,商談
ACT-A02612-1,A02612,2026-03-01,電話
ACT-A02612-2,A02612,2026-03-01,メール
ACT-A02613-1,A02613,2026-03-01,電話
ACT-A02613-2,A02613,2026-03-01,メール
ACT-A02613-3,A02613,2026-03-01,商談
ACT-A02613-4,A02613,2026-03-01,資料送付
ACT-A02614-1,A02614,2026-03-01,電話
ACT-A02614-2,A02614,2026-03-01,メール
ACT-A02614-3,A02614,2026-03-01,商談
ACT-A02614-4,A02614,2026-03-01,資料送付
ACT-A02615-1,A02615,2026-03-01,電話
ACT-A02615-2,A02615,2026-03-01,メール
ACT-A02616-1,A02616,2026-03-01,電話
ACT-A02617-1,A02617,2026-03-11,電話
ACT-A02617-2,A02617,2026-03-08,メール
ACT-A02617-3,A02617,2026-03-05,商談
ACT-A02617-4,A02617,2026-03-02,資料送付
ACT-A02618-1,A02618,2026-03-01,電話
ACT-A02618-2,A02618,2026-03-01,メール
ACT-A02618-3,A02618,2026-03-01,商談
ACT-A02618-4,A02618,2026-03-01,資料送付
ACT-A02619-1,A02619,2026-03-01,電話
ACT-A02619-2,A02619,2026-03-01,メール
ACT-A02620-1,A02620,2026-03-01,電話
ACT-A02621-1,A02621,2026-03-01,電話
ACT-A02621-2,A02621,2026-03-01,メール
ACT-A02621-3,A02621,2026-03-01,商談
ACT-A02621-4,A02621,2026-03-01,資料送付
ACT-A02621-5,A02621,2026-03-01,電話
ACT-A02622-1,A02622,2026-03-04,電話
ACT-A02622-2,A02622,2026-03-01,メール
ACT-A02622-3,A02622,2026-03-01,商談
ACT-A02622-4,A02622,2026-03-01,資料送付
ACT-A02622-5,A02622,2026-03-01,電話
ACT-A02622-6,A02622,2026-03-01,メール
ACT-A02622-7,A02622,2026-03-01,商談
ACT-A02623-1,A02623,2026-03-13,電話
ACT-A02623-2,A02623,2026-03-10,メール
ACT-A02623-3,A02623,2026-03-07,商談
ACT-A02623-4,A02623,2026-03-04,資料送付
ACT-A02623-5,A02623,2026-03-01,電話
ACT-A02625-1,A02625,2026-03-01,電話
ACT-A02625-2,A02625,2026-03-01,メール
ACT-A02626-1,A02626,2026-03-01,電話
ACT-A02626-2,A02626,2026-03-01,メール
ACT-A02626-3,A02626,2026-03-01,商談
ACT-A02626-4,A02626,2026-03-01,資料送付
ACT-A02627-1,A02627,2026-03-01,電話
ACT-A02627-2,A02627,2026-03-01,メール
ACT-A02628-1,A02628,2026-03-01,電話
ACT-A02629-1,A02629,2026-03-05,電話
ACT-A02629-2,A02629,2026-03-02,メール
ACT-A02630-1,A02630,2026-03-27,電話
ACT-A02631-1,A02631,2026-03-12,電話
ACT-A02631-2,A02631,2026-03-09,メール
ACT-A02631-3,A02631,2026-03-06,商談
ACT-A02631-4,A02631,2026-03-03,資料送付
ACT-A02631-5,A02631,2026-03-01,電話
ACT-A02632-1,A02632,2026-03-01,電話
ACT-A02632-2,A02632,2026-03-01,メール
ACT-A02632-3,A02632,2026-03-01,商談
ACT-A02633-1,A02633,2026-03-01,電話
ACT-A02635-1,A02635,2026-03-01,電話
ACT-A02635-2,A02635,2026-03-01,メール
ACT-A02635-3,A02635,2026-03-01,商談
ACT-A02636-1,A02636,2026-03-07,電話
ACT-A02637-1,A02637,2026-03-01,電話
ACT-A02637-2,A02637,2026-03-01,メール
ACT-A02637-3,A02637,2026-03-01,商談
ACT-A02639-1,A02639,2026-03-01,電話
ACT-A02639-2,A02639,2026-03-01,メール
ACT-A02640-1,A02640,2026-03-01,電話
ACT-A02640-2,A02640,2026-03-01,メール
ACT-A02640-3,A02640,2026-03-01,商談
ACT-A02640-4,A02640,2026-03-01,資料送付
ACT-A02640-5,A02640,2026-03-01,電話
ACT-A02641-1,A02641,2026-03-01,電話
ACT-A02641-2,A02641,2026-03-01,メール
ACT-A02641-3,A02641,2026-03-01,商談
ACT-A02641-4,A02641,2026-03-01,資料送付
ACT-A02642-1,A02642,2026-03-01,電話
ACT-A02642-2,A02642,2026-03-01,メール
ACT-A02642-3,A02642,2026-03-01,商談
ACT-A02643-1,A02643,2026-03-01,電話
ACT-A02643-2,A02643,2026-03-01,メール
ACT-A02643-3,A02643,2026-03-01,商談
ACT-A02643-4,A02643,2026-03-01,資料送付
ACT-A02644-1,A02644,2026-03-01,電話
ACT-A02644-2,A02644,2026-03-01,メール
ACT-A02644-3,A02644,2026-03-01,商談
ACT-A02645-1,A02645,2026-03-16,電話
ACT-A02646-1,A02646,2026-03-01,電話
ACT-A02647-1,A02647,2026-03-01,電話
ACT-A02648-1,A02648,2026-03-01,電話
ACT-A02648-2,A02648,2026-03-01,メール
ACT-A02648-3,A02648,2026-03-01,商談
ACT-A02648-4,A02648,2026-03-01,資料送付
ACT-A02648-5,A02648,2026-03-01,電話
ACT-A02648-6,A02648,2026-03-01,メール
ACT-A02649-1,A02649,2026-03-01,電話
ACT-A02649-2,A02649,2026-03-01,メール
ACT-A02649-3,A02649,2026-03-01,商談
ACT-A02649-4,A02649,2026-03-01,資料送付
ACT-A02650-1,A02650,2026-03-01,電話
ACT-A02650-2,A02650,2026-03-01,メール
ACT-A02650-3,A02650,2026-03-01,商談
ACT-A02650-4,A02650,2026-03-01,資料送付
ACT-A02652-1,A02652,2026-03-01,電話
ACT-A02652-2,A02652,2026-03-01,メール
ACT-A02652-3,A02652,2026-03-01,商談
ACT-A02652-4,A02652,2026-03-01,資料送付
ACT-A02653-1,A02653,2026-03-12,電話
ACT-A02653-2,A02653,2026-03-09,メール
ACT-A02653-3,A02653,2026-03-06,商談
ACT-A02653-4,A02653,2026-03-03,資料送付
ACT-A02653-5,A02653,2026-03-01,電話
ACT-A02654-1,A02654,2026-03-20,電話
ACT-A02654-2,A02654,2026-03-17,メール
ACT-A02654-3,A02654,2026-03-14,商談
ACT-A02654-4,A02654,2026-03-11,資料送付
ACT-A02654-5,A02654,2026-03-08,電話
ACT-A02654-6,A02654,2026-03-05,メール
ACT-A02655-1,A02655,2026-03-01,電話
ACT-A02655-2,A02655,2026-03-01,メール
ACT-A02655-3,A02655,2026-03-01,商談
ACT-A02656-1,A02656,2026-03-01,電話
ACT-A02656-2,A02656,2026-03-01,メール
ACT-A02656-3,A02656,2026-03-01,商談
ACT-A02656-4,A02656,2026-03-01,資料送付
ACT-A02656-5,A02656,2026-03-01,電話
ACT-A02657-1,A02657,2026-03-01,電話
ACT-A02658-1,A02658,2026-03-01,電話
ACT-A02658-2,A02658,2026-03-01,メール
ACT-A02658-3,A02658,2026-03-01,商談
ACT-A02658-4,A02658,2026-03-01,資料送付
ACT-A02658-5,A02658,2026-03-01,電話
ACT-A02659-1,A02659,2026-03-01,電話
ACT-A02659-2,A02659,2026-03-01,メール
ACT-A02660-1,A02660,2026-03-24,電話
ACT-A02660-2,A02660,2026-03-21,メール
ACT-A02661-1,A02661,2026-03-01,電話
ACT-A02662-1,A02662,2026-03-01,電話
ACT-A02662-2,A02662,2026-03-01,メール
ACT-A02662-3,A02662,2026-03-01,商談
ACT-A02662-4,A02662,2026-03-01,資料送付
ACT-A02662-5,A02662,2026-03-01,電話
ACT-A02663-1,A02663,2026-03-01,電話
ACT-A02663-2,A02663,2026-03-01,メール
ACT-A02663-3,A02663,2026-03-01,商談
ACT-A02664-1,A02664,2026-03-01,電話
ACT-A02665-1,A02665,2026-03-01,電話
ACT-A02665-2,A02665,2026-03-01,メール
ACT-A02666-1,A02666,2026-03-01,電話
ACT-A02666-2,A02666,2026-03-01,メール
ACT-A02666-3,A02666,2026-03-01,商談
ACT-A02667-1,A02667,2026-03-01,電話
ACT-A02668-1,A02668,2026-03-01,電話
ACT-A02668-2,A02668,2026-03-01,メール
ACT-A02668-3,A02668,2026-03-01,商談
ACT-A02669-1,A02669,2026-03-01,電話
ACT-A02670-1,A02670,2026-03-01,電話
ACT-A02670-2,A02670,2026-03-01,メール
ACT-A02670-3,A02670,2026-03-01,商談
ACT-A02670-4,A02670,2026-03-01,資料送付
ACT-A02670-5,A02670,2026-03-01,電話
ACT-A02671-1,A02671,2026-03-01,電話
ACT-A02671-2,A02671,2026-03-01,メール
ACT-A02671-3,A02671,2026-03-01,商談
ACT-A02672-1,A02672,2026-03-01,電話
ACT-A02672-2,A02672,2026-03-01,メール
ACT-A02673-1,A02673,2026-03-01,電話
ACT-A02674-1,A02674,2026-03-01,電話
ACT-A02674-2,A02674,2026-03-01,メール
ACT-A02675-1,A02675,2026-03-01,電話
ACT-A02675-2,A02675,2026-03-01,メール
ACT-A02676-1,A02676,2026-03-01,電話
ACT-A02676-2,A02676,2026-03-01,メール
ACT-A02676-3,A02676,2026-03-01,商談
ACT-A02676-4,A02676,2026-03-01,資料送付
ACT-A02676-5,A02676,2026-03-01,電話
ACT-A02677-1,A02677,2026-03-01,電話
ACT-A02678-1,A02678,2026-03-08,電話
ACT-A02679-1,A02679,2026-03-01,電話
ACT-A02679-2,A02679,2026-03-01,メール
ACT-A02680-1,A02680,2026-03-01,電話
ACT-A02680-2,A02680,2026-03-01,メール
ACT-A02681-1,A02681,2026-03-01,電話
ACT-A02681-2,A02681,2026-03-01,メール
ACT-A02681-3,A02681,2026-03-01,商談
ACT-A02682-1,A02682,2026-03-01,電話
ACT-A02682-2,A02682,2026-03-01,メール
ACT-A02682-3,A02682,2026-03-01,商談
ACT-A02682-4,A02682,2026-03-01,資料送付
ACT-A02683-1,A02683,2026-03-01,電話
ACT-A02683-2,A02683,2026-03-01,メール
ACT-A02684-1,A02684,2026-03-01,電話
ACT-A02684-2,A02684,2026-03-01,メール
ACT-A02686-1,A02686,2026-03-12,電話
ACT-A02687-1,A02687,2026-03-01,電話
ACT-A02687-2,A02687,2026-03-01,メール
ACT-A02687-3,A02687,2026-03-01,商談
ACT-A02689-1,A02689,2026-03-04,電話
ACT-A02690-1,A02690,2026-03-24,電話
ACT-A02690-2,A02690,2026-03-21,メール
ACT-A02690-3,A02690,2026-03-18,商談
ACT-A02690-4,A02690,2026-03-15,資料送付
ACT-A02691-1,A02691,2026-03-01,電話
ACT-A02691-2,A02691,2026-03-01,メール
ACT-A02691-3,A02691,2026-03-01,商談
ACT-A02691-4,A02691,2026-03-01,資料送付
ACT-A02692-1,A02692,2026-03-01,電話
ACT-A02693-1,A02693,2026-03-01,電話
ACT-A02693-2,A02693,2026-03-01,メール
ACT-A02695-1,A02695,2026-03-01,電話
ACT-A02696-1,A02696,2026-03-01,電話
ACT-A02697-1,A02697,2026-03-01,電話
ACT-A02698-1,A02698,2026-03-01,電話
ACT-A02698-2,A02698,2026-03-01,メール
ACT-A02698-3,A02698,2026-03-01,商談
ACT-A02698-4,A02698,2026-03-01,資料送付
ACT-A02699-1,A02699,2026-03-01,電話
ACT-A02700-1,A02700,2026-03-01,電話
ACT-A02700-2,A02700,2026-03-01,メール
ACT-A02701-1,A02701,2026-03-01,電話
ACT-A02701-2,A02701,2026-03-01,メール
ACT-A02702-1,A02702,2026-03-19,電話
ACT-A02703-1,A02703,2026-03-01,電話
ACT-A02703-2,A02703,2026-03-01,メール
ACT-A02703-3,A02703,2026-03-01,商談
ACT-A02704-1,A02704,2026-03-01,電話
ACT-A02705-1,A02705,2026-03-19,電話
ACT-A02706-1,A02706,2026-03-02,電話
ACT-A02706-2,A02706,2026-03-01,メール
ACT-A02707-1,A02707,2026-03-01,電話
ACT-A02707-2,A02707,2026-03-01,メール
ACT-A02707-3,A02707,2026-03-01,商談
ACT-A02708-1,A02708,2026-03-01,電話
ACT-A02709-1,A02709,2026-03-24,電話
ACT-A02709-2,A02709,2026-03-21,メール
ACT-A02709-3,A02709,2026-03-18,商談
ACT-A02709-4,A02709,2026-03-15,資料送付
ACT-A02709-5,A02709,2026-03-12,電話
ACT-A02710-1,A02710,2026-03-01,電話
ACT-A02710-2,A02710,2026-03-01,メール
ACT-A02711-1,A02711,2026-03-09,電話
ACT-A02711-2,A02711,2026-03-06,メール
ACT-A02713-1,A02713,2026-03-01,電話
ACT-A02714-1,A02714,2026-03-12,電話
ACT-A02714-2,A02714,2026-03-09,メール
ACT-A02714-3,A02714,2026-03-06,商談
ACT-A02715-1,A02715,2026-03-17,電話
ACT-A02715-2,A02715,2026-03-14,メール
ACT-A02715-3,A02715,2026-03-11,商談
ACT-A02716-1,A02716,2026-03-01,電話
ACT-A02716-2,A02716,2026-03-01,メール
ACT-A02716-3,A02716,2026-03-01,商談
ACT-A02716-4,A02716,2026-03-01,資料送付
ACT-A02716-5,A02716,2026-03-01,電話
ACT-A02717-1,A02717,2026-03-01,電話
ACT-A02717-2,A02717,2026-03-01,メール
ACT-A02718-1,A02718,2026-03-01,電話
ACT-A02718-2,A02718,2026-03-01,メール
ACT-A02721-1,A02721,2026-03-01,電話
ACT-A02721-2,A02721,2026-03-01,メール
ACT-A02721-3,A02721,2026-03-01,商談
ACT-A02721-4,A02721,2026-03-01,資料送付
ACT-A02721-5,A02721,2026-03-01,電話
ACT-A02722-1,A02722,2026-03-01,電話
ACT-A02722-2,A02722,2026-03-01,メール
ACT-A02723-1,A02723,2026-03-01,電話
ACT-A02724-1,A02724,2026-03-01,電話
ACT-A02724-2,A02724,2026-03-01,メール
ACT-A02724-3,A02724,2026-03-01,商談
ACT-A02725-1,A02725,2026-03-01,電話
ACT-A02725-2,A02725,2026-03-01,メール
ACT-A02725-3,A02725,2026-03-01,商談
ACT-A02725-4,A02725,2026-03-01,資料送付
ACT-A02725-5,A02725,2026-03-01,電話
ACT-A02725-6,A02725,2026-03-01,メール
ACT-A02725-7,A02725,2026-03-01,商談
ACT-A02726-1,A02726,2026-03-17,電話
ACT-A02727-1,A02727,2026-03-01,電話
ACT-A02727-2,A02727,2026-03-01,メール
ACT-A02727-3,A02727,2026-03-01,商談
ACT-A02728-1,A02728,2026-03-15,電話
ACT-A02728-2,A02728,2026-03-12,メール
ACT-A02729-1,A02729,2026-03-24,電話
ACT-A02730-1,A02730,2026-03-12,電話
ACT-A02730-2,A02730,2026-03-09,メール
ACT-A02730-3,A02730,2026-03-06,商談
ACT-A02730-4,A02730,2026-03-03,資料送付
ACT-A02730-5,A02730,2026-03-01,電話
ACT-A02730-6,A02730,2026-03-01,メール
ACT-A02730-7,A02730,2026-03-01,商談
ACT-A02731-1,A02731,2026-03-01,電話
ACT-A02731-2,A02731,2026-03-01,メール
ACT-A02732-1,A02732,2026-03-01,電話
ACT-A02732-2,A02732,2026-03-01,メール
ACT-A02732-3,A02732,2026-03-01,商談
ACT-A02732-4,A02732,2026-03-01,資料送付
ACT-A02734-1,A02734,2026-03-01,電話
ACT-A02734-2,A02734,2026-03-01,メール
ACT-A02734-3,A02734,2026-03-01,商談
ACT-A02736-1,A02736,2026-03-01,電話
ACT-A02737-1,A02737,2026-03-20,電話
ACT-A02737-2,A02737,2026-03-17,メール
ACT-A02738-1,A02738,2026-03-05,電話
ACT-A02738-2,A02738,2026-03-02,メール
ACT-A02739-1,A02739,2026-03-01,電話
ACT-A02739-2,A02739,2026-03-01,メール
ACT-A02740-1,A02740,2026-03-01,電話
ACT-A02740-2,A02740,2026-03-01,メール
ACT-A02741-1,A02741,2026-03-01,電話
ACT-A02741-2,A02741,2026-03-01,メール
ACT-A02741-3,A02741,2026-03-01,商談
ACT-A02741-4,A02741,2026-03-01,資料送付
ACT-A02741-5,A02741,2026-03-01,電話
ACT-A02742-1,A02742,2026-03-01,電話
ACT-A02742-2,A02742,2026-03-01,メール
ACT-A02743-1,A02743,2026-03-01,電話
ACT-A02743-2,A02743,2026-03-01,メール
ACT-A02744-1,A02744,2026-03-15,電話
ACT-A02745-1,A02745,2026-03-01,電話
ACT-A02745-2,A02745,2026-03-01,メール
ACT-A02746-1,A02746,2026-03-01,電話
ACT-A02747-1,A02747,2026-03-01,電話
ACT-A02747-2,A02747,2026-03-01,メール
ACT-A02747-3,A02747,2026-03-01,商談
ACT-A02748-1,A02748,2026-03-14,電話
ACT-A02748-2,A02748,2026-03-11,メール
ACT-A02748-3,A02748,2026-03-08,商談
ACT-A02748-4,A02748,2026-03-05,資料送付
ACT-A02749-1,A02749,2026-03-01,電話
ACT-A02750-1,A02750,2026-03-01,電話
ACT-A02750-2,A02750,2026-03-01,メール
ACT-A02750-3,A02750,2026-03-01,商談
ACT-A02751-1,A02751,2026-03-02,電話
ACT-A02751-2,A02751,2026-03-01,メール
ACT-A02751-3,A02751,2026-03-01,商談
ACT-A02752-1,A02752,2026-03-01,電話
ACT-A02753-1,A02753,2026-03-01,電話
ACT-A02753-2,A02753,2026-03-01,メール
ACT-A02753-3,A02753,2026-03-01,商談
ACT-A02753-4,A02753,2026-03-01,資料送付
ACT-A02753-5,A02753,2026-03-01,電話
ACT-A02755-1,A02755,2026-03-01,電話
ACT-A02756-1,A02756,2026-03-01,電話
ACT-A02756-2,A02756,2026-03-01,メール
ACT-A02756-3,A02756,2026-03-01,商談
ACT-A02756-4,A02756,2026-03-01,資料送付
ACT-A02757-1,A02757,2026-03-01,電話
ACT-A02758-1,A02758,2026-03-01,電話
ACT-A02758-2,A02758,2026-03-01,メール
ACT-A02759-1,A02759,2026-03-01,電話
ACT-A02759-2,A02759,2026-03-01,メール
ACT-A02759-3,A02759,2026-03-01,商談
ACT-A02759-4,A02759,2026-03-01,資料送付
ACT-A02760-1,A02760,2026-03-01,電話
ACT-A02760-2,A02760,2026-03-01,メール
ACT-A02760-3,A02760,2026-03-01,商談
ACT-A02761-1,A02761,2026-03-01,電話
ACT-A02761-2,A02761,2026-03-01,メール
ACT-A02762-1,A02762,2026-03-01,電話
ACT-A02762-2,A02762,2026-03-01,メール
ACT-A02762-3,A02762,2026-03-01,商談
ACT-A02762-4,A02762,2026-03-01,資料送付
ACT-A02763-1,A02763,2026-03-01,電話
ACT-A02763-2,A02763,2026-03-01,メール
ACT-A02764-1,A02764,2026-03-08,電話
ACT-A02764-2,A02764,2026-03-05,メール
ACT-A02764-3,A02764,2026-03-02,商談
ACT-A02764-4,A02764,2026-03-01,資料送付
ACT-A02765-1,A02765,2026-03-01,電話
ACT-A02765-2,A02765,2026-03-01,メール
ACT-A02765-3,A02765,2026-03-01,商談
ACT-A02765-4,A02765,2026-03-01,資料送付
ACT-A02767-1,A02767,2026-03-01,電話
ACT-A02767-2,A02767,2026-03-01,メール
ACT-A02767-3,A02767,2026-03-01,商談
ACT-A02768-1,A02768,2026-03-01,電話
ACT-A02769-1,A02769,2026-03-01,電話
ACT-A02769-2,A02769,2026-03-01,メール
ACT-A02769-3,A02769,2026-03-01,商談
ACT-A02769-4,A02769,2026-03-01,資料送付
ACT-A02770-1,A02770,2026-03-01,電話
ACT-A02770-2,A02770,2026-03-01,メール
ACT-A02770-3,A02770,2026-03-01,商談
ACT-A02770-4,A02770,2026-03-01,資料送付
ACT-A02770-5,A02770,2026-03-01,電話
ACT-A02770-6,A02770,2026-03-01,メール
ACT-A02771-1,A02771,2026-03-01,電話
ACT-A02772-1,A02772,2026-03-11,電話
ACT-A02772-2,A02772,2026-03-08,メール
ACT-A02773-1,A02773,2026-03-01,電話
ACT-A02773-2,A02773,2026-03-01,メール
ACT-A02773-3,A02773,2026-03-01,商談
ACT-A02774-1,A02774,2026-03-01,電話
ACT-A02774-2,A02774,2026-03-01,メール
ACT-A02774-3,A02774,2026-03-01,商談
ACT-A02774-4,A02774,2026-03-01,資料送付
ACT-A02774-5,A02774,2026-03-01,電話
ACT-A02775-1,A02775,2026-03-01,電話
ACT-A02775-2,A02775,2026-03-01,メール
ACT-A02776-1,A02776,2026-03-01,電話
ACT-A02776-2,A02776,2026-03-01,メール
ACT-A02776-3,A02776,2026-03-01,商談
ACT-A02777-1,A02777,2026-03-01,電話
ACT-A02777-2,A02777,2026-03-01,メール
ACT-A02777-3,A02777,2026-03-01,商談
ACT-A02777-4,A02777,2026-03-01,資料送付
ACT-A02778-1,A02778,2026-03-01,電話
ACT-A02778-2,A02778,2026-03-01,メール
ACT-A02778-3,A02778,2026-03-01,商談
ACT-A02778-4,A02778,2026-03-01,資料送付
ACT-A02779-1,A02779,2026-03-01,電話
ACT-A02779-2,A02779,2026-03-01,メール
ACT-A02779-3,A02779,2026-03-01,商談
ACT-A02779-4,A02779,2026-03-01,資料送付
ACT-A02780-1,A02780,2026-03-01,電話
ACT-A02781-1,A02781,2026-03-01,電話
ACT-A02781-2,A02781,2026-03-01,メール
ACT-A02781-3,A02781,2026-03-01,商談
ACT-A02781-4,A02781,2026-03-01,資料送付
ACT-A02781-5,A02781,2026-03-01,電話
ACT-A02781-6,A02781,2026-03-01,メール
ACT-A02783-1,A02783,2026-03-01,電話
ACT-A02783-2,A02783,2026-03-01,メール
ACT-A02784-1,A02784,2026-03-03,電話
ACT-A02784-2,A02784,2026-03-01,メール
ACT-A02784-3,A02784,2026-03-01,商談
ACT-A02785-1,A02785,2026-03-01,電話
ACT-A02786-1,A02786,2026-03-12,電話
ACT-A02786-2,A02786,2026-03-09,メール
ACT-A02786-3,A02786,2026-03-06,商談
ACT-A02786-4,A02786,2026-03-03,資料送付
ACT-A02786-5,A02786,2026-03-01,電話
ACT-A02787-1,A02787,2026-03-25,電話
ACT-A02787-2,A02787,2026-03-22,メール
ACT-A02788-1,A02788,2026-03-01,電話
ACT-A02788-2,A02788,2026-03-01,メール
ACT-A02788-3,A02788,2026-03-01,商談
ACT-A02788-4,A02788,2026-03-01,資料送付
ACT-A02788-5,A02788,2026-03-01,電話
ACT-A02790-1,A02790,2026-03-22,電話
ACT-A02790-2,A02790,2026-03-19,メール
ACT-A02790-3,A02790,2026-03-16,商談
ACT-A02790-4,A02790,2026-03-13,資料送付
ACT-A02791-1,A02791,2026-03-01,電話
ACT-A02791-2,A02791,2026-03-01,メール
ACT-A02792-1,A02792,2026-03-01,電話
ACT-A02792-2,A02792,2026-03-01,メール
ACT-A02793-1,A02793,2026-03-01,電話
ACT-A02793-2,A02793,2026-03-01,メール
ACT-A02794-1,A02794,2026-03-01,電話
ACT-A02794-2,A02794,2026-03-01,メール
ACT-A02795-1,A02795,2026-03-01,電話
ACT-A02795-2,A02795,2026-03-01,メール
ACT-A02795-3,A02795,2026-03-01,商談
ACT-A02796-1,A02796,2026-03-01,電話
ACT-A02796-2,A02796,2026-03-01,メール
ACT-A02797-1,A02797,2026-03-21,電話
ACT-A02798-1,A02798,2026-03-01,電話
ACT-A02798-2,A02798,2026-03-01,メール
ACT-A02798-3,A02798,2026-03-01,商談
ACT-A02799-1,A02799,2026-03-01,電話
ACT-A02800-1,A02800,2026-03-28,電話
ACT-A02800-2,A02800,2026-03-25,メール
ACT-A02800-3,A02800,2026-03-22,商談
ACT-A02801-1,A02801,2026-03-01,電話
ACT-A02801-2,A02801,2026-03-01,メール
ACT-A02801-3,A02801,2026-03-01,商談
ACT-A02801-4,A02801,2026-03-01,資料送付
ACT-A02801-5,A02801,2026-03-01,電話
ACT-A02801-6,A02801,2026-03-01,メール
ACT-A02801-7,A02801,2026-03-01,商談
ACT-A02802-1,A02802,2026-03-28,電話
ACT-A02803-1,A02803,2026-03-01,電話
ACT-A02803-2,A02803,2026-03-01,メール
ACT-A02803-3,A02803,2026-03-01,商談
ACT-A02804-1,A02804,2026-03-28,電話
ACT-A02804-2,A02804,2026-03-25,メール
ACT-A02804-3,A02804,2026-03-22,商談
ACT-A02804-4,A02804,2026-03-19,資料送付
ACT-A02804-5,A02804,2026-03-16,電話
ACT-A02805-1,A02805,2026-03-01,電話
ACT-A02805-2,A02805,2026-03-01,メール
ACT-A02805-3,A02805,2026-03-01,商談
ACT-A02805-4,A02805,2026-03-01,資料送付
ACT-A02805-5,A02805,2026-03-01,電話
ACT-A02806-1,A02806,2026-03-01,電話
ACT-A02807-1,A02807,2026-03-01,電話
ACT-A02808-1,A02808,2026-03-01,電話
ACT-A02808-2,A02808,2026-03-01,メール
ACT-A02809-1,A02809,2026-03-01,電話
ACT-A02809-2,A02809,2026-03-01,メール
ACT-A02810-1,A02810,2026-03-01,電話
ACT-A02811-1,A02811,2026-03-24,電話
ACT-A02811-2,A02811,2026-03-21,メール
ACT-A02811-3,A02811,2026-03-18,商談
ACT-A02811-4,A02811,2026-03-15,資料送付
ACT-A02812-1,A02812,2026-03-01,電話
ACT-A02813-1,A02813,2026-03-01,電話
ACT-A02813-2,A02813,2026-03-01,メール
ACT-A02814-1,A02814,2026-03-24,電話
ACT-A02814-2,A02814,2026-03-21,メール
ACT-A02815-1,A02815,2026-03-01,電話
ACT-A02816-1,A02816,2026-03-01,電話
ACT-A02816-2,A02816,2026-03-01,メール
ACT-A02816-3,A02816,2026-03-01,商談
ACT-A02817-1,A02817,2026-03-25,電話
ACT-A02817-2,A02817,2026-03-22,メール
ACT-A02818-1,A02818,2026-03-01,電話
ACT-A02818-2,A02818,2026-03-01,メール
ACT-A02818-3,A02818,2026-03-01,商談
ACT-A02818-4,A02818,2026-03-01,資料送付
ACT-A02819-1,A02819,2026-03-01,電話
ACT-A02820-1,A02820,2026-03-01,電話
ACT-A02820-2,A02820,2026-03-01,メール
ACT-A02821-1,A02821,2026-03-01,電話
ACT-A02821-2,A02821,2026-03-01,メール
ACT-A02821-3,A02821,2026-03-01,商談
ACT-A02822-1,A02822,2026-03-01,電話
ACT-A02822-2,A02822,2026-03-01,メール
ACT-A02822-3,A02822,2026-03-01,商談
ACT-A02823-1,A02823,2026-03-01,電話
ACT-A02823-2,A02823,2026-03-01,メール
ACT-A02824-1,A02824,2026-03-01,電話
ACT-A02824-2,A02824,2026-03-01,メール
ACT-A02825-1,A02825,2026-03-01,電話
ACT-A02825-2,A02825,2026-03-01,メール
ACT-A02827-1,A02827,2026-03-01,電話
ACT-A02827-2,A02827,2026-03-01,メール
ACT-A02827-3,A02827,2026-03-01,商談
ACT-A02827-4,A02827,2026-03-01,資料送付
ACT-A02828-1,A02828,2026-03-01,電話
ACT-A02829-1,A02829,2026-03-01,電話
ACT-A02829-2,A02829,2026-03-01,メール
ACT-A02830-1,A02830,2026-03-01,電話
ACT-A02830-2,A02830,2026-03-01,メール
ACT-A02830-3,A02830,2026-03-01,商談
ACT-A02831-1,A02831,2026-03-02,電話
ACT-A02831-2,A02831,2026-03-01,メール
ACT-A02832-1,A02832,2026-03-12,電話
ACT-A02832-2,A02832,2026-03-09,メール
ACT-A02832-3,A02832,2026-03-06,商談
ACT-A02833-1,A02833,2026-03-01,電話
ACT-A02833-2,A02833,2026-03-01,メール
ACT-A02834-1,A02834,2026-03-01,電話
ACT-A02834-2,A02834,2026-03-01,メール
ACT-A02834-3,A02834,2026-03-01,商談
ACT-A02835-1,A02835,2026-03-01,電話
ACT-A02836-1,A02836,2026-03-01,電話
ACT-A02836-2,A02836,2026-03-01,メール
ACT-A02837-1,A02837,2026-03-01,電話
ACT-A02837-2,A02837,2026-03-01,メール
ACT-A02838-1,A02838,2026-03-01,電話
ACT-A02838-2,A02838,2026-03-01,メール
ACT-A02838-3,A02838,2026-03-01,商談
ACT-A02839-1,A02839,2026-03-01,電話
ACT-A02839-2,A02839,2026-03-01,メール
ACT-A02839-3,A02839,2026-03-01,商談
ACT-A02839-4,A02839,2026-03-01,資料送付
ACT-A02839-5,A02839,2026-03-01,電話
ACT-A02840-1,A02840,2026-03-01,電話
ACT-A02841-1,A02841,2026-03-10,電話
ACT-A02841-2,A02841,2026-03-07,メール
ACT-A02841-3,A02841,2026-03-04,商談
ACT-A02841-4,A02841,2026-03-01,資料送付
ACT-A02842-1,A02842,2026-03-01,電話
ACT-A02842-2,A02842,2026-03-01,メール
ACT-A02843-1,A02843,2026-03-09,電話
ACT-A02843-2,A02843,2026-03-06,メール
ACT-A02844-1,A02844,2026-03-01,電話
ACT-A02845-1,A02845,2026-03-01,電話
ACT-A02845-2,A02845,2026-03-01,メール
ACT-A02846-1,A02846,2026-03-15,電話
ACT-A02846-2,A02846,2026-03-12,メール
ACT-A02846-3,A02846,2026-03-09,商談
ACT-A02847-1,A02847,2026-03-02,電話
ACT-A02847-2,A02847,2026-03-01,メール
ACT-A02848-1,A02848,2026-03-01,電話
ACT-A02849-1,A02849,2026-03-01,電話
ACT-A02849-2,A02849,2026-03-01,メール
ACT-A02849-3,A02849,2026-03-01,商談
ACT-A02849-4,A02849,2026-03-01,資料送付
ACT-A02849-5,A02849,2026-03-01,電話
ACT-A02850-1,A02850,2026-03-01,電話
ACT-A02850-2,A02850,2026-03-01,メール
ACT-A02850-3,A02850,2026-03-01,商談
ACT-A02851-1,A02851,2026-03-01,電話
ACT-A02851-2,A02851,2026-03-01,メール
ACT-A02852-1,A02852,2026-03-16,電話
ACT-A02852-2,A02852,2026-03-13,メール
ACT-A02852-3,A02852,2026-03-10,商談
ACT-A02853-1,A02853,2026-03-01,電話
ACT-A02853-2,A02853,2026-03-01,メール
ACT-A02853-3,A02853,2026-03-01,商談
ACT-A02854-1,A02854,2026-03-01,電話
ACT-A02854-2,A02854,2026-03-01,メール
ACT-A02855-1,A02855,2026-03-01,電話
ACT-A02855-2,A02855,2026-03-01,メール
ACT-A02855-3,A02855,2026-03-01,商談
ACT-A02856-1,A02856,2026-03-01,電話
ACT-A02856-2,A02856,2026-03-01,メール
ACT-A02856-3,A02856,2026-03-01,商談
ACT-A02856-4,A02856,2026-03-01,資料送付
ACT-A02856-5,A02856,2026-03-01,電話
ACT-A02857-1,A02857,2026-03-01,電話
ACT-A02858-1,A02858,2026-03-01,電話
ACT-A02859-1,A02859,2026-03-05,電話
ACT-A02860-1,A02860,2026-03-01,電話
ACT-A02861-1,A02861,2026-03-01,電話
ACT-A02861-2,A02861,2026-03-01,メール
ACT-A02861-3,A02861,2026-03-01,商談
ACT-A02862-1,A02862,2026-03-01,電話
ACT-A02862-2,A02862,2026-03-01,メール
ACT-A02864-1,A02864,2026-03-01,電話
ACT-A02864-2,A02864,2026-03-01,メール
ACT-A02864-3,A02864,2026-03-01,商談
ACT-A02865-1,A02865,2026-03-01,電話
ACT-A02865-2,A02865,2026-03-01,メール
ACT-A02865-3,A02865,2026-03-01,商談
ACT-A02866-1,A02866,2026-03-22,電話
ACT-A02866-2,A02866,2026-03-19,メール
ACT-A02866-3,A02866,2026-03-16,商談
ACT-A02867-1,A02867,2026-03-20,電話
ACT-A02869-1,A02869,2026-03-01,電話
ACT-A02870-1,A02870,2026-03-01,電話
ACT-A02870-2,A02870,2026-03-01,メール
ACT-A02870-3,A02870,2026-03-01,商談
ACT-A02871-1,A02871,2026-03-01,電話
ACT-A02871-2,A02871,2026-03-01,メール
ACT-A02872-1,A02872,2026-03-27,電話
ACT-A02872-2,A02872,2026-03-24,メール
ACT-A02872-3,A02872,2026-03-21,商談
ACT-A02873-1,A02873,2026-03-01,電話
ACT-A02873-2,A02873,2026-03-01,メール
ACT-A02874-1,A02874,2026-03-01,電話
ACT-A02875-1,A02875,2026-03-01,電話
ACT-A02876-1,A02876,2026-03-01,電話
ACT-A02876-2,A02876,2026-03-01,メール
ACT-A02876-3,A02876,2026-03-01,商談
ACT-A02877-1,A02877,2026-03-01,電話
ACT-A02877-2,A02877,2026-03-01,メール
ACT-A02877-3,A02877,2026-03-01,商談
ACT-A02877-4,A02877,2026-03-01,資料送付
ACT-A02877-5,A02877,2026-03-01,電話
ACT-A02878-1,A02878,2026-03-01,電話
ACT-A02879-1,A02879,2026-03-19,電話
ACT-A02879-2,A02879,2026-03-16,メール
ACT-A02880-1,A02880,2026-03-01,電話
ACT-A02880-2,A02880,2026-03-01,メール
ACT-A02880-3,A02880,2026-03-01,商談
ACT-A02881-1,A02881,2026-03-01,電話
ACT-A02881-2,A02881,2026-03-01,メール
ACT-A02881-3,A02881,2026-03-01,商談
ACT-A02881-4,A02881,2026-03-01,資料送付
ACT-A02881-5,A02881,2026-03-01,電話
ACT-A02882-1,A02882,2026-03-17,電話
ACT-A02882-2,A02882,2026-03-14,メール
ACT-A02882-3,A02882,2026-03-11,商談
ACT-A02882-4,A02882,2026-03-08,資料送付
ACT-A02883-1,A02883,2026-03-01,電話
ACT-A02884-1,A02884,2026-03-01,電話
ACT-A02884-2,A02884,2026-03-01,メール
ACT-A02884-3,A02884,2026-03-01,商談
ACT-A02885-1,A02885,2026-03-01,電話
ACT-A02886-1,A02886,2026-03-01,電話
ACT-A02886-2,A02886,2026-03-01,メール
ACT-A02886-3,A02886,2026-03-01,商談
ACT-A02887-1,A02887,2026-03-01,電話
ACT-A02888-1,A02888,2026-03-01,電話
ACT-A02888-2,A02888,2026-03-01,メール
ACT-A02888-3,A02888,2026-03-01,商談
ACT-A02889-1,A02889,2026-03-01,電話
ACT-A02889-2,A02889,2026-03-01,メール
ACT-A02889-3,A02889,2026-03-01,商談
ACT-A02889-4,A02889,2026-03-01,資料送付
ACT-A02890-1,A02890,2026-03-01,電話
ACT-A02890-2,A02890,2026-03-01,メール
ACT-A02891-1,A02891,2026-03-24,電話
ACT-A02891-2,A02891,2026-03-21,メール
ACT-A02892-1,A02892,2026-03-05,電話
ACT-A02892-2,A02892,2026-03-02,メール
ACT-A02892-3,A02892,2026-03-01,商談
ACT-A02892-4,A02892,2026-03-01,資料送付
ACT-A02893-1,A02893,2026-03-01,電話
ACT-A02893-2,A02893,2026-03-01,メール
ACT-A02893-3,A02893,2026-03-01,商談
ACT-A02895-1,A02895,2026-03-01,電話
ACT-A02896-1,A02896,2026-03-20,電話
ACT-A02896-2,A02896,2026-03-17,メール
ACT-A02896-3,A02896,2026-03-14,商談
ACT-A02896-4,A02896,2026-03-11,資料送付
ACT-A02897-1,A02897,2026-03-10,電話
ACT-A02898-1,A02898,2026-03-22,電話
ACT-A02898-2,A02898,2026-03-19,メール
ACT-A02898-3,A02898,2026-03-16,商談
ACT-A02899-1,A02899,2026-03-01,電話
ACT-A02899-2,A02899,2026-03-01,メール
ACT-A02899-3,A02899,2026-03-01,商談
ACT-A02899-4,A02899,2026-03-01,資料送付
ACT-A02900-1,A02900,2026-03-01,電話
ACT-A02900-2,A02900,2026-03-01,メール
ACT-A02900-3,A02900,2026-03-01,商談
ACT-A02900-4,A02900,2026-03-01,資料送付
ACT-A02900-5,A02900,2026-03-01,電話
ACT-A02901-1,A02901,2026-03-01,電話
ACT-A02902-1,A02902,2026-03-01,電話
ACT-A02902-2,A02902,2026-03-01,メール
ACT-A02903-1,A02903,2026-03-01,電話
ACT-A02904-1,A02904,2026-03-01,電話
ACT-A02904-2,A02904,2026-03-01,メール
ACT-A02905-1,A02905,2026-03-01,電話
ACT-A02905-2,A02905,2026-03-01,メール
ACT-A02905-3,A02905,2026-03-01,商談
ACT-A02906-1,A02906,2026-03-01,電話
ACT-A02906-2,A02906,2026-03-01,メール
ACT-A02907-1,A02907,2026-03-01,電話
ACT-A02907-2,A02907,2026-03-01,メール
ACT-A02907-3,A02907,2026-03-01,商談
ACT-A02907-4,A02907,2026-03-01,資料送付
ACT-A02908-1,A02908,2026-03-11,電話
ACT-A02908-2,A02908,2026-03-08,メール
ACT-A02908-3,A02908,2026-03-05,商談
ACT-A02908-4,A02908,2026-03-02,資料送付
ACT-A02909-1,A02909,2026-03-18,電話
ACT-A02909-2,A02909,2026-03-15,メール
ACT-A02909-3,A02909,2026-03-12,商談
ACT-A02910-1,A02910,2026-03-01,電話
ACT-A02910-2,A02910,2026-03-01,メール
ACT-A02911-1,A02911,2026-03-01,電話
ACT-A02911-2,A02911,2026-03-01,メール
ACT-A02912-1,A02912,2026-03-01,電話
ACT-A02912-2,A02912,2026-03-01,メール
ACT-A02912-3,A02912,2026-03-01,商談
ACT-A02912-4,A02912,2026-03-01,資料送付
ACT-A02912-5,A02912,2026-03-01,電話
ACT-A02913-1,A02913,2026-03-01,電話
ACT-A02913-2,A02913,2026-03-01,メール
ACT-A02913-3,A02913,2026-03-01,商談
ACT-A02914-1,A02914,2026-03-01,電話
ACT-A02914-2,A02914,2026-03-01,メール
ACT-A02915-1,A02915,2026-03-01,電話
ACT-A02916-1,A02916,2026-03-01,電話
ACT-A02916-2,A02916,2026-03-01,メール
ACT-A02917-1,A02917,2026-03-01,電話
ACT-A02917-2,A02917,2026-03-01,メール
ACT-A02917-3,A02917,2026-03-01,商談
ACT-A02918-1,A02918,2026-03-01,電話
ACT-A02918-2,A02918,2026-03-01,メール
ACT-A02919-1,A02919,2026-03-01,電話
ACT-A02919-2,A02919,2026-03-01,メール
ACT-A02919-3,A02919,2026-03-01,商談
ACT-A02919-4,A02919,2026-03-01,資料送付
ACT-A02919-5,A02919,2026-03-01,電話
ACT-A02920-1,A02920,2026-03-08,電話
ACT-A02920-2,A02920,2026-03-05,メール
ACT-A02920-3,A02920,2026-03-02,商談
ACT-A02920-4,A02920,2026-03-01,資料送付
ACT-A02920-5,A02920,2026-03-01,電話
ACT-A02920-6,A02920,2026-03-01,メール
ACT-A02921-1,A02921,2026-03-12,電話
ACT-A02922-1,A02922,2026-03-01,電話
ACT-A02922-2,A02922,2026-03-01,メール
ACT-A02922-3,A02922,2026-03-01,商談
ACT-A02922-4,A02922,2026-03-01,資料送付
ACT-A02922-5,A02922,2026-03-01,電話
ACT-A02923-1,A02923,2026-03-18,電話
ACT-A02925-1,A02925,2026-03-01,電話
ACT-A02926-1,A02926,2026-03-06,電話
ACT-A02926-2,A02926,2026-03-03,メール
ACT-A02927-1,A02927,2026-03-10,電話
ACT-A02927-2,A02927,2026-03-07,メール
ACT-A02927-3,A02927,2026-03-04,商談
ACT-A02927-4,A02927,2026-03-01,資料送付
ACT-A02928-1,A02928,2026-03-01,電話
ACT-A02928-2,A02928,2026-03-01,メール
ACT-A02928-3,A02928,2026-03-01,商談
ACT-A02928-4,A02928,2026-03-01,資料送付
ACT-A02928-5,A02928,2026-03-01,電話
ACT-A02928-6,A02928,2026-03-01,メール
ACT-A02928-7,A02928,2026-03-01,商談
ACT-A02929-1,A02929,2026-03-01,電話
ACT-A02929-2,A02929,2026-03-01,メール
ACT-A02929-3,A02929,2026-03-01,商談
ACT-A02929-4,A02929,2026-03-01,資料送付
ACT-A02930-1,A02930,2026-03-04,電話
ACT-A02931-1,A02931,2026-03-01,電話
ACT-A02931-2,A02931,2026-03-01,メール
ACT-A02931-3,A02931,2026-03-01,商談
ACT-A02931-4,A02931,2026-03-01,資料送付
ACT-A02932-1,A02932,2026-03-01,電話
ACT-A02932-2,A02932,2026-03-01,メール
ACT-A02932-3,A02932,2026-03-01,商談
ACT-A02933-1,A02933,2026-03-12,電話
ACT-A02935-1,A02935,2026-03-01,電話
ACT-A02935-2,A02935,2026-03-01,メール
ACT-A02935-3,A02935,2026-03-01,商談
ACT-A02935-4,A02935,2026-03-01,資料送付
ACT-A02937-1,A02937,2026-03-26,電話
ACT-A02937-2,A02937,2026-03-23,メール
ACT-A02937-3,A02937,2026-03-20,商談
ACT-A02938-1,A02938,2026-03-01,電話
ACT-A02938-2,A02938,2026-03-01,メール
ACT-A02939-1,A02939,2026-03-01,電話
ACT-A02939-2,A02939,2026-03-01,メール
ACT-A02939-3,A02939,2026-03-01,商談
ACT-A02939-4,A02939,2026-03-01,資料送付
ACT-A02939-5,A02939,2026-03-01,電話
ACT-A02939-6,A02939,2026-03-01,メール
ACT-A02940-1,A02940,2026-03-01,電話
ACT-A02940-2,A02940,2026-03-01,メール
ACT-A02941-1,A02941,2026-03-01,電話
ACT-A02941-2,A02941,2026-03-01,メール
ACT-A02942-1,A02942,2026-03-01,電話
ACT-A02942-2,A02942,2026-03-01,メール
ACT-A02943-1,A02943,2026-03-01,電話
ACT-A02943-2,A02943,2026-03-01,メール
ACT-A02944-1,A02944,2026-03-07,電話
ACT-A02944-2,A02944,2026-03-04,メール
ACT-A02944-3,A02944,2026-03-01,商談
ACT-A02944-4,A02944,2026-03-01,資料送付
ACT-A02946-1,A02946,2026-03-01,電話
ACT-A02946-2,A02946,2026-03-01,メール
ACT-A02947-1,A02947,2026-03-01,電話
ACT-A02947-2,A02947,2026-03-01,メール
ACT-A02947-3,A02947,2026-03-01,商談
ACT-A02948-1,A02948,2026-03-01,電話
ACT-A02949-1,A02949,2026-03-13,電話
ACT-A02949-2,A02949,2026-03-10,メール
ACT-A02949-3,A02949,2026-03-07,商談
ACT-A02950-1,A02950,2026-03-17,電話
ACT-A02951-1,A02951,2026-03-01,電話
ACT-A02952-1,A02952,2026-03-28,電話
ACT-A02952-2,A02952,2026-03-25,メール
ACT-A02952-3,A02952,2026-03-22,商談
ACT-A02953-1,A02953,2026-03-07,電話
ACT-A02953-2,A02953,2026-03-04,メール
ACT-A02953-3,A02953,2026-03-01,商談
ACT-A02953-4,A02953,2026-03-01,資料送付
ACT-A02953-5,A02953,2026-03-01,電話
ACT-A02953-6,A02953,2026-03-01,メール
ACT-A02954-1,A02954,2026-03-01,電話
ACT-A02954-2,A02954,2026-03-01,メール
ACT-A02954-3,A02954,2026-03-01,商談
ACT-A02954-4,A02954,2026-03-01,資料送付
ACT-A02955-1,A02955,2026-03-01,電話
ACT-A02955-2,A02955,2026-03-01,メール
ACT-A02956-1,A02956,2026-03-01,電話
ACT-A02957-1,A02957,2026-03-01,電話
ACT-A02957-2,A02957,2026-03-01,メール
ACT-A02957-3,A02957,2026-03-01,商談
ACT-A02957-4,A02957,2026-03-01,資料送付
ACT-A02957-5,A02957,2026-03-01,電話
ACT-A02958-1,A02958,2026-03-01,電話
ACT-A02958-2,A02958,2026-03-01,メール
ACT-A02958-3,A02958,2026-03-01,商談
ACT-A02958-4,A02958,2026-03-01,資料送付
ACT-A02958-5,A02958,2026-03-01,電話
ACT-A02959-1,A02959,2026-03-01,電話
ACT-A02959-2,A02959,2026-03-01,メール
ACT-A02959-3,A02959,2026-03-01,商談
ACT-A02959-4,A02959,2026-03-01,資料送付
ACT-A02961-1,A02961,2026-03-01,電話
ACT-A02961-2,A02961,2026-03-01,メール
ACT-A02962-1,A02962,2026-03-01,電話
ACT-A02962-2,A02962,2026-03-01,メール
ACT-A02962-3,A02962,2026-03-01,商談
ACT-A02962-4,A02962,2026-03-01,資料送付
ACT-A02962-5,A02962,2026-03-01,電話
ACT-A02963-1,A02963,2026-03-24,電話
ACT-A02963-2,A02963,2026-03-21,メール
ACT-A02963-3,A02963,2026-03-18,商談
ACT-A02963-4,A02963,2026-03-15,資料送付
ACT-A02963-5,A02963,2026-03-12,電話
ACT-A02964-1,A02964,2026-03-04,電話
ACT-A02965-1,A02965,2026-03-07,電話
ACT-A02966-1,A02966,2026-03-01,電話
ACT-A02966-2,A02966,2026-03-01,メール
ACT-A02966-3,A02966,2026-03-01,商談
ACT-A02967-1,A02967,2026-03-01,電話
ACT-A02967-2,A02967,2026-03-01,メール
ACT-A02967-3,A02967,2026-03-01,商談
ACT-A02968-1,A02968,2026-03-26,電話
ACT-A02968-2,A02968,2026-03-23,メール
ACT-A02968-3,A02968,2026-03-20,商談
ACT-A02968-4,A02968,2026-03-17,資料送付
ACT-A02970-1,A02970,2026-03-01,電話
ACT-A02970-2,A02970,2026-03-01,メール
ACT-A02970-3,A02970,2026-03-01,商談
ACT-A02970-4,A02970,2026-03-01,資料送付
ACT-A02970-5,A02970,2026-03-01,電話
ACT-A02970-6,A02970,2026-03-01,メール
ACT-A02970-7,A02970,2026-03-01,商談
ACT-A02970-8,A02970,2026-03-01,資料送付
ACT-A02971-1,A02971,2026-03-12,電話
ACT-A02971-2,A02971,2026-03-09,メール
ACT-A02971-3,A02971,2026-03-06,商談
ACT-A02971-4,A02971,2026-03-03,資料送付
ACT-A02971-5,A02971,2026-03-01,電話
ACT-A02972-1,A02972,2026-03-01,電話
ACT-A02972-2,A02972,2026-03-01,メール
ACT-A02972-3,A02972,2026-03-01,商談
ACT-A02973-1,A02973,2026-03-01,電話
ACT-A02973-2,A02973,2026-03-01,メール
ACT-A02975-1,A02975,2026-03-28,電話
ACT-A02975-2,A02975,2026-03-25,メール
ACT-A02976-1,A02976,2026-03-09,電話
ACT-A02976-2,A02976,2026-03-06,メール
ACT-A02976-3,A02976,2026-03-03,商談
ACT-A02977-1,A02977,2026-03-01,電話
ACT-A02977-2,A02977,2026-03-01,メール
ACT-A02977-3,A02977,2026-03-01,商談
ACT-A02977-4,A02977,2026-03-01,資料送付
ACT-A02978-1,A02978,2026-03-01,電話
ACT-A02978-2,A02978,2026-03-01,メール
ACT-A02979-1,A02979,2026-03-01,電話
ACT-A02979-2,A02979,2026-03-01,メール
ACT-A02980-1,A02980,2026-03-01,電話
ACT-A02980-2,A02980,2026-03-01,メール
ACT-A02980-3,A02980,2026-03-01,商談
ACT-A02981-1,A02981,2026-03-01,電話
ACT-A02981-2,A02981,2026-03-01,メール
ACT-A02983-1,A02983,2026-03-01,電話
ACT-A02983-2,A02983,2026-03-01,メール
ACT-A02983-3,A02983,2026-03-01,商談
ACT-A02983-4,A02983,2026-03-01,資料送付
ACT-A02984-1,A02984,2026-03-01,電話
ACT-A02984-2,A02984,2026-03-01,メール
ACT-A02985-1,A02985,2026-03-01,電話
ACT-A02985-2,A02985,2026-03-01,メール
ACT-A02985-3,A02985,2026-03-01,商談
ACT-A02986-1,A02986,2026-03-01,電話
ACT-A02986-2,A02986,2026-03-01,メール
ACT-A02986-3,A02986,2026-03-01,商談
ACT-A02987-1,A02987,2026-03-01,電話
ACT-A02988-1,A02988,2026-03-01,電話
ACT-A02988-2,A02988,2026-03-01,メール
ACT-A02988-3,A02988,2026-03-01,商談
ACT-A02988-4,A02988,2026-03-01,資料送付
ACT-A02988-5,A02988,2026-03-01,電話
ACT-A02989-1,A02989,2026-03-08,電話
ACT-A02990-1,A02990,2026-03-01,電話
ACT-A02990-2,A02990,2026-03-01,メール
ACT-A02990-3,A02990,2026-03-01,商談
ACT-A02990-4,A02990,2026-03-01,資料送付
ACT-A02990-5,A02990,2026-03-01,電話
ACT-A02990-6,A02990,2026-03-01,メール
ACT-A02991-1,A02991,2026-03-01,電話
ACT-A02992-1,A02992,2026-03-12,電話
ACT-A02992-2,A02992,2026-03-09,メール
ACT-A02992-3,A02992,2026-03-06,商談
ACT-A02994-1,A02994,2026-03-01,電話
ACT-A02994-2,A02994,2026-03-01,メール
ACT-A02995-1,A02995,2026-03-01,電話
ACT-A02995-2,A02995,2026-03-01,メール
ACT-A02995-3,A02995,2026-03-01,商談
ACT-A02996-1,A02996,2026-03-01,電話
ACT-A02996-2,A02996,2026-03-01,メール
ACT-A02997-1,A02997,2026-03-20,電話
ACT-A02997-2,A02997,2026-03-17,メール
ACT-A02997-3,A02997,2026-03-14,商談
ACT-A02998-1,A02998,2026-03-01,電話
ACT-A02998-2,A02998,2026-03-01,メール
ACT-A02998-3,A02998,2026-03-01,商談
ACT-A02998-4,A02998,2026-03-01,資料送付
ACT-A02998-5,A02998,2026-03-01,電話
ACT-A02999-1,A02999,2026-03-03,電話
ACT-A02999-2,A02999,2026-03-01,メール
ACT-A02999-3,A02999,2026-03-01,商談
